======================================================================
🛍️  SCRAPING CIBLÉ DEPUIS LA PAGE BOUTIQUE
======================================================================
   URL: https://www.khashika.com/eboutique-bijoux-indiens/


📄 Page 1: https://www.khashika.com/eboutique-bijoux-indiens/
   ✅ 16 produits trouvés
   📸 [1] COLLIER SUR CORDON AVEC UNE PIERRE NATURELLE RONDE
      ✅ Image: /images/products/collier-sur-cordon-avec-une-pierre-naturelle-ronde-en-pierre-de-lune/image-1.jpeg
   📸 [2] BOUCLES D’OREILLES RONDES EN ARGENT FILIGRANE ET P
      ✅ Image: /images/products/boucles-doreilles-rondes-en-argent-filigrane-et-pierre-de-lune/image-1.jpeg
   📸 [3] BOUCLES D’OREILLE ARGENT AVEC PIERRE NATURELLE SAP
      ✅ Image: /images/products/boucles-doreille-argent-avec-pierre-naturelle-saphir/image-1.jpeg
   📸 [4] BOUCLES D’OREILLE ARGENT AVEC PIERRE NATURELLE ONY
      ✅ Image: /images/products/boucles-doreille-argent-avec-pierre-naturelle-onyx-noir/image-1.jpeg
   📸 [5] BRACELET SOUPLE EN ARGENT AVEC 5 ÉLÉPHANTS
      ✅ Image: /images/products/bracelet-souple-en-argent-avec-5-éléphants/image-1.jpeg
   📸 [6] BRACELET PERLES ARGENTÉES ET CORAIL
      ✅ Image: /images/products/bracelet-perles-argentées-et-corail/image-1.jpeg
   📸 [7] CHAINE DE CHEVILLES ARGENT AVEC PERLES EN ARGENT E
      ✅ Image: /images/products/chaine-de-chevilles-argent-avec-perles-en-argent-et-des-perles-colorées/image-1.jpeg
   📸 [8] CHAINE DE CHEVILLES ARGENT AVEC PERLES EN ARGENT E
      ✅ Image: /images/products/chaine-de-chevilles-argent-avec-perles-en-argent-et-onyx-noir/image-1.jpeg
   📸 [9] BRACELET EN CUIRE AVEC UNE PIERRE EN TURQUOISE
      ✅ Image: /images/products/bracelet-en-cuire-avec-une-pierre-en-turquoise/image-1.jpeg
   📸 [10] BRACELET ARGENT AVEC DE GRANDES PIERRES OVALES EN 
      ✅ Image: /images/products/bracelet-argent-avec-de-grandes-pierres-ovales-en-pierre-de-lune/image-1.jpeg
   📸 [11] BRACELET ARGENT AVEC DES PIERRES OVALES EN PÉRIDOT
      ✅ Image: /images/products/bracelet-argent-avec-des-pierres-ovales-en-péridot/image-1.jpeg
   📸 [12] BRACELET ARGENT AVEC DES PERLES RONDES
      ✅ Image: /images/products/bracelet-argent-avec-des-perles-rondes/image-1.jpeg
   📸 [13] BRACELET ARGENT AVEC DES PIERRES RONDES EN CORNALI
      ✅ Image: /images/products/bracelet-argent-avec-des-pierres-rondes-en-cornaline/image-1.jpeg
   📸 [14] CRÉOLES CISELÉES EN ARGENT
      ✅ Image: /images/products/créoles-ciselées-en-argent/image-1.jpeg
   📸 [15] COLLIER PIERRES 6MM EN CORNALINE
      ✅ Image: /images/products/collier-pierres-6mm-en-cornaline/image-1.jpeg
   📸 [16] COLLIER PIERRES 6MM EN AMAZONITE
      ✅ Image: /images/products/collier-pierres-6mm-en-amazonite/image-1.jpeg

   🔍 Vérification de la page suivante...

📄 Page 2: https://www.khashika.com/eboutique-bijoux-indiens/page/2/
   ✅ 16 produits trouvés
   📸 [1] COLLIER PIERRES 6MM EN QUARTZ ROSE
      ✅ Image: /images/products/collier-pierres-6mm-en-quartz-rose/image-1.jpeg
   📸 [2] COLLIER PIERRES DE LAPIS-LAZULI FERMOIRE DORÉ
      ✅ Image: /images/products/collier-pierres-de-lapis-lazuli-fermoire-doré/image-1.jpeg
   📸 [3] COLLIER PIERRES 6MM EN TURQUOISE
      ✅ Image: /images/products/collier-pierres-6mm-en-turquoise/image-1.jpeg
   📸 [4] COLLIER PIERRES 3MM EN HOWLITE
      ✅ Image: /images/products/collier-pierres-3mm-en-howlite/image-1.jpeg
   📸 [5] COLLIER PIERRES 3MM EN RHODONITE
      ✅ Image: /images/products/collier-pierres-3mm-en-rhodonite/image-1.jpeg
   📸 [6] COLLIER PIERRES 3MM EN MORAGANITE
      ✅ Image: /images/products/collier-pierres-3mm-en-moraganite/image-1.jpeg
   📸 [7] BRACELET PIERRES NATURELLES 7 CHAKRAS
      ✅ Image: /images/products/bracelet-pierres-naturelles-7-chakras/image-1.jpeg
   📸 [8] COLLIER MALA TIBÉTAIN HOWLITE AVEC 108 PERLES EN P
      ✅ Image: /images/products/collier-mala-tibétain-howlite-avec-108-perles-en-pierres-naturelles-6mm/image-1.jpeg
   📸 [9] COLLIER MALA TIBÉTAIN JADE VERTE AVEC 108 PERLES E
      ✅ Image: /images/products/collier-mala-tibétain-jade-verte-avec-108-perles-en-pierres-naturelles-6mm/image-1.jpeg
   📸 [10] COLLIER TIBETAIN EN TURQUOISE ET LAPIS-LAZULI ET U
      ✅ Image: /images/products/collier-tibetain-en-turquoise-et-lapis-lazuli-et-une-perle-taillée/image-1.jpeg
   📸 [11] COLLIER TIBETAIN EN CORAIL ET LAPIS-LAZULI ET UNE 
      ✅ Image: /images/products/collier-tibetain-en-corail-et-lapis-lazuli-et-une-perle-taillée/image-1.jpeg
   📸 [12] COLLIER TIBETAIN EN TURQUOISE ET LAPIS-LAZULI ET U
      ✅ Image: /images/products/collier-tibetain-en-turquoise-et-lapis-lazuli-et-une-perle-taillée/image-1.jpeg
   📸 [13] COLLIER TIBETAIN EN TURQUOISE ET CORAIL ET UNE PER
      ✅ Image: /images/products/collier-tibetain-en-turquoise-et-corail-et-une-perle-taillée/image-1.jpeg
   📸 [14] COLLIER MALA TIBÉTAIN PIERRES NATURELLES AIGUE-MAR
      ✅ Image: /images/products/collier-mala-tibétain-pierres-naturelles-aigue-marine-avec-108-perles/image-1.jpeg
   📸 [15] COLLIER MALA TIBÉTAIN PIERRES NATURELLES AGATE ET 
      ✅ Image: /images/products/collier-mala-tibétain-pierres-naturelles-agate-et-howlite-de-108-perles/image-1.jpeg
   📸 [16] COLLIER MALA TIBÉTAIN PIERRES NATURELLES TURQUOISE
      ✅ Image: /images/products/collier-mala-tibétain-pierres-naturelles-turquoise-oeil-du-tigre-lapis-lazuli/image-1.jpeg

   🔍 Vérification de la page suivante...

📄 Page 3: https://www.khashika.com/eboutique-bijoux-indiens/page/3/
   ✅ 16 produits trouvés
   📸 [1] COLLIER TIBÉTAIN AVEC DES PETITES PERLES EN ONYX N
      ✅ Image: /images/products/collier-tibétain-avec-des-petites-perles-en-onyx-noir-et-turquoise/image-1.jpeg
   📸 [2] COLLIER TIBÉTAIN AVEC DES PERLES TAILLÉES ET PIERR
      ✅ Image: /images/products/collier-tibétain-avec-des-perles-taillées-et-pierres-turquoise-et-lapis-lazuli/image-1.jpeg
   📸 [3] COLLIER TIBÉTAIN AVEC DES PERLES TAILLÉES ET PIERR
      ✅ Image: /images/products/collier-tibétain-avec-des-perles-taillées-et-pierres-turquoise-et-oeil-du-tigre/image-1.jpeg
   📸 [4] COLLIER TIBÉTAIN AVEC DES PERLES TAILLÉES ET PIERR
      ✅ Image: /images/products/collier-tibétain-avec-des-perles-taillées-et-pierres-turquoise-et-améthyste/image-1.jpeg
   📸 [5] COLLIER TIBÉTAIN AVEC DES PERLES TAILLÉES ET PIERR
      ✅ Image: /images/products/collier-tibétain-avec-des-perles-taillées-et-pierres-turquoise-et-quartz-rose/image-1.jpeg
   📸 [6] CRÉOLES INDIENNES STYLISÉES
      ✅ Image: /images/products/créoles-indiennes-stylisées/image-1.jpeg
   📸 [7] GRANDE BAGUE EN ARGENT ARGENT AJUSTABLE SERTIE D’U
      ✅ Image: /images/products/grande-bague-en-argent-argent-ajustable-sertie-dune-pierre-en-onyx-vert/image-1.jpeg
   📸 [8] BOUCLES D’OREILLE TIBÉTAINES AVEC PIERRES EN TURQU
      ✅ Image: /images/products/boucles-doreille-tibétaines-avec-pierres-en-turquoise/image-1.jpeg
   📸 [9] BOUCLES D’OREILLE TIBÉTAINES AVEC PIERRES EN CORNA
      ✅ Image: /images/products/boucles-doreille-tibétaines-avec-pierres-en-cornaline-et-turquoise/image-1.jpeg
   📸 [10] BOUCLES D’OREILLE TIBÉTAINES AVEC PIERRES EN CORNA
      ✅ Image: /images/products/boucles-doreille-tibétaines-avec-pierres-en-cornaline-et-turquoise/image-1.jpeg
   📸 [11] BRACELET ARGENTET PIERRES NATURELLES AIGUE-MARINE
      ✅ Image: /images/products/bracelet-argentet-pierres-naturelles-aigue-marine/image-1.jpeg
   📸 [12] BOUCLES D’OREILLE TIBÉTAINES PIERRE DE LUNE
      ✅ Image: /images/products/boucles-doreille-tibétaines-pierre-de-lune/image-1.jpeg
   📸 [13] BOUCLES D’OREILLE TIBÉTAINES RONDES EN TURQUOISE E
      ✅ Image: /images/products/boucles-doreille-tibétaines-rondes-en-turquoise-et-lapis-lazuli/image-1.jpeg
   📸 [14] BOUCLES D’OREILLE TIBÉTAINES OVALES EN TURQUOISE
      ✅ Image: /images/products/boucles-doreille-tibétaines-ovales-en-turquoise/image-1.jpeg
   📸 [15] BRACELET PIERRE EN LAPIS-LAZULI SUR MACRAMÉ
      ✅ Image: /images/products/bracelet-pierre-en-lapis-lazuli-sur-macramé/image-1.jpeg
   📸 [16] BRACELET PIERRE EN AMETHYSTE SUR MACRAMÉ
      ✅ Image: /images/products/bracelet-pierre-en-amethyste-sur-macramé/image-1.jpeg

   🔍 Vérification de la page suivante...

📄 Page 4: https://www.khashika.com/eboutique-bijoux-indiens/page/4/
   ✅ 16 produits trouvés
   📸 [1] BRACELET PIERRE EN OEIL DU TIGRE SUR MACRAMÉ
      ✅ Image: /images/products/bracelet-pierre-en-oeil-du-tigre-sur-macramé/image-1.jpeg
   📸 [2] BRACELET PIERRE EN TURQUOISE SUR MACRAMÉ
      ✅ Image: /images/products/bracelet-pierre-en-turquoise-sur-macramé/image-1.jpeg
   📸 [3] BRACELET PIERRE EN PIERRE DE LUNE SUR MACRAMÉ
      ✅ Image: /images/products/bracelet-pierre-en-pierre-de-lune-sur-macramé/image-1.jpeg
   📸 [4] BRACELET PIERRES NATURELLES LAPIS-LAZULI
      ✅ Image: /images/products/bracelet-pierres-naturelles-lapis-lazuli/image-1.jpeg
   📸 [5] BRACELET EN PIERRES NATURELLES EN CORNALINE
      ✅ Image: /images/products/bracelet-en-pierres-naturelles-en-cornaline/image-1.jpeg
   📸 [6] BRACELET DE GUERISON EN PIERRES NATURELLES EN AGAT
      ✅ Image: /images/products/bracelet-de-guerison-en-pierres-naturelles-en-agate-orange/image-1.jpeg
   📸 [7] BRACELET DE GUERISON EN PIERRES NATURELLES EN MULT
      ✅ Image: /images/products/bracelet-de-guerison-en-pierres-naturelles-en-multi-stones/image-1.jpeg
   📸 [8] BRACELET PIERRES NATURELLES OBSIDIENNE
      ✅ Image: /images/products/bracelet-pierres-naturelles-obsidienne/image-1.jpeg
   📸 [9] BRACELET PIERRES NATURELLES AVENTURINE
      ✅ Image: /images/products/bracelet-pierres-naturelles-aventurine/image-1.jpeg
   📸 [10] BRACELET PIERRES NATURELLES JASPE GRIS
      ✅ Image: /images/products/bracelet-pierres-naturelles-jaspe-gris/image-1.jpeg
   📸 [11] BRACELET PIERRES NATURELLES JASPE
      ✅ Image: /images/products/bracelet-pierres-naturelles-jaspe/image-1.jpeg
   📸 [12] BRACELET PIERRES NATURELLES OEIL DU TIGRE ROUGE
      ✅ Image: /images/products/bracelet-pierres-naturelles-oeil-du-tigre-rouge/image-1.jpeg
   📸 [13] BRACELET PIERRES NATURELLES AGATE MULTICOLOR
      ✅ Image: /images/products/bracelet-pierres-naturelles-agate-multicolor/image-1.jpeg
   📸 [14] BRACELET PIERRES NATURELLES MULTI COLOR
      ✅ Image: /images/products/bracelet-pierres-naturelles-multi-color/image-1.jpeg
   📸 [15] BRACELET PIERRES NATURELLES LABRADORITE ET HEMATIT
      ✅ Image: /images/products/bracelet-pierres-naturelles-labradorite-et-hematite/image-1.jpeg
   📸 [16] BRACELET PIERRES NATURELLES AMETHYSTE
      ✅ Image: /images/products/bracelet-pierres-naturelles-amethyste/image-1.jpeg

   🔍 Vérification de la page suivante...

📄 Page 5: https://www.khashika.com/eboutique-bijoux-indiens/page/5/
   ✅ 16 produits trouvés
   📸 [1] BRACELET PIERRES NATURELLES EN QUARTZ
      ✅ Image: /images/products/bracelet-pierres-naturelles-en-quartz/image-1.jpeg
   📸 [2] BRACELET PIERRES NATURELLES EN QUARTZ ROSE CLAIR
      ✅ Image: /images/products/bracelet-pierres-naturelles-en-quartz-rose-clair/image-1.jpeg
   📸 [3] BRACELET PIERRES NATURELLES AGATE BLANCHE
      ✅ Image: /images/products/bracelet-pierres-naturelles-agate-blanche/image-1.jpeg
   📸 [4] COLLIER PIERRES CORAIL ET QUARTZ ROSE
      ✅ Image: /images/products/collier-pierres-corail-et-quartz-rose/image-1.jpeg
   📸 [5] COLLIER PIERRES AGATE MOUSSE, OEIL DU TIGRE PIERRE
      ✅ Image: /images/products/collier-pierres-agate-mousse-oeil-du-tigre-pierre-dzi-tibetaine/image-1.jpeg
   📸 [6] COLLIER MALA AVEC 108 PIERRES NATURELLES EN MULTI 
      ✅ Image: /images/products/collier-mala-avec-108-pierres-naturelles-en-multi-stones/image-1.jpeg
   📸 [7] COLLIER MALA PERLES DE RUDRAKSHA TETE DE BOUDDHA E
      ✅ Image: /images/products/collier-mala-perles-de-rudraksha-tete-de-bouddha-et-turquoise/image-1.jpeg
   📸 [8] SAC INDIEN TISSUS SARI COLORÉ
      ✅ Image: /images/products/sac-indien-tissus-sari-coloré/image-1.jpeg
   📸 [9] 
      ✅ Image: /images/products//image-1.jpeg
   📸 [10] CARRÉ DE SOIE BLANC, ROSE ET BLEU MOTIFS FLEURIS
      ✅ Image: /images/products/carré-de-soie-blanc-rose-et-bleu-motifs-fleuris/image-1.jpeg
   📸 [11] BRACELET CHAINETTE DORÉE ET PIERRE DE JADE
      ✅ Image: /images/products/bracelet-chainette-dorée-et-pierre-de-jade/image-1.jpeg
   📸 [12] CHAINE DE CHEVILLES ARGENTÉE PERLES COULEUR
      ✅ Image: /images/products/chaine-de-chevilles-argentée-perles-couleur/image-1.jpeg
   📸 [13] CHAINE DE CHEVILLES ARGENTÉE PERLES DE COULEUR ET 
      ✅ Image: /images/products/chaine-de-chevilles-argentée-perles-de-couleur-et-ponpon/image-1.jpeg
   📸 [14] BRACELET PIERRE MULTI STONE
      ✅ Image: /images/products/bracelet-pierre-multi-stone/image-1.jpeg
   📸 [15] BRACELET FANTAISIE PORTE BONHEUR
      ✅ Image: /images/products/bracelet-fantaisie-porte-bonheur/image-1.jpeg
   📸 [16] BRACELET PIERRE OEIL DU TIGRE ET TÊTE DE BOUDDHA
      ✅ Image: /images/products/bracelet-pierre-oeil-du-tigre-et-tête-de-bouddha/image-1.jpeg

   🔍 Vérification de la page suivante...

📄 Page 6: https://www.khashika.com/eboutique-bijoux-indiens/page/6/
   ✅ 16 produits trouvés
   📸 [1] BRACELET PIERRE LAPIS-LAZULI AVEC BRELOQUE
      ✅ Image: /images/products/bracelet-pierre-lapis-lazuli-avec-breloque/image-1.jpeg
   📸 [2] BRACELET PIERRE AGATE VERTE ET UN COEUR
      ✅ Image: /images/products/bracelet-pierre-agate-verte-et-un-coeur/image-1.jpeg
   📸 [3] BRACELET PIERRES NATURELLES AGATE VERT/VIOLET NUAN
      ✅ Image: /images/products/bracelet-pierres-naturelles-agate-vertviolet-nuancé/image-1.jpeg
   📸 [4] BRACELET PIERRES NATURELLES DALMATIEN
      ✅ Image: /images/products/bracelet-pierres-naturelles-dalmatien/image-1.jpeg
   📸 [5] BRACELET PIERRES NATURELLES SABLE BLEU
      ✅ Image: /images/products/bracelet-pierres-naturelles-sable-bleu/image-1.jpeg
   📸 [6] BRACELET PIERRES NATURELLES APATITE BLEU
      ✅ Image: /images/products/bracelet-pierres-naturelles-apatite-bleu/image-1.jpeg
   📸 [7] BRACELET PIERRES NATURELLES EN JASPE
      ✅ Image: /images/products/bracelet-pierres-naturelles-en-jaspe/image-1.jpeg
   📸 [8] BRACELET PIERRES NATURELLES AGATE VERT NUANCÉ
      ✅ Image: /images/products/bracelet-pierres-naturelles-agate-vert-nuancé/image-1.jpeg
   📸 [9] BRACELET PIERRES NATURELLES AGATE EAU NUAGE
      ✅ Image: /images/products/bracelet-pierres-naturelles-agate-eau-nuage/image-1.jpeg
   📸 [10] BRACELET PIERRES NATURELLES AGATE VERT
      ✅ Image: /images/products/bracelet-pierres-naturelles-agate-vert/image-1.jpeg
   📸 [11] BRACELET PIERRES NATURELLES AGATE MARINE
      ✅ Image: /images/products/bracelet-pierres-naturelles-agate-marine/image-1.jpeg
   📸 [12] BRACELET PIERRES NATURELLES QUARTZ ROSE FRAISE
      ✅ Image: /images/products/bracelet-pierres-naturelles-quartz-rose-fraise/image-1.jpeg
   📸 [13] BRACELET PIERRES NATURELLES 7 CHAKRAS
      ✅ Image: /images/products/bracelet-pierres-naturelles-7-chakras/image-1.jpeg
   📸 [14] BRACELET MANCHETTE LAMELLES ARGENTÉES
      ✅ Image: /images/products/bracelet-manchette-lamelles-argentées/image-1.jpeg
   📸 [15] MANCHETTE DORÉE MARTELÉE ET PIERRES INCRUSTÉES
      ✅ Image: /images/products/manchette-dorée-martelée-et-pierres-incrustées/image-1.jpeg
   📸 [16] COLLIER PENDENTIF EN PERLES DE BOIS LONGUE CHAÎNE 
      ✅ Image: /images/products/collier-pendentif-en-perles-de-bois-longue-chaîne-de-chandail-boho-sculpté/image-1.jpeg

   🔍 Vérification de la page suivante...

📄 Page 7: https://www.khashika.com/eboutique-bijoux-indiens/page/7/
   ✅ 16 produits trouvés
   📸 [1] PENDENTIF STYLE BOHO MOTIF FLEUR
      ✅ Image: /images/products/pendentif-style-boho-motif-fleur/image-1.jpeg
   📸 [2] BRACELET EN LAITON ET DES PETITES PIERRES NATURELL
      ✅ Image: /images/products/bracelet-en-laiton-et-des-petites-pierres-naturelles/image-1.jpeg
   📸 [3] BRACELET EN LAITON ET DES PETITES PIERRES NATURELL
      ✅ Image: /images/products/bracelet-en-laiton-et-des-petites-pierres-naturelles/image-1.jpeg
   📸 [4] BRACELET PERLES ARGENTÉES ET ONYX NOIR
      ✅ Image: /images/products/bracelet-perles-argentées-et-onyx-noir/image-1.jpeg
   📸 [5] BRACELET DORÉ ET PIERRE DE LUNE
      ✅ Image: /images/products/bracelet-doré-et-pierre-de-lune/image-1.jpeg
   📸 [6] BOUCLES D’OREILLES CRÉOLES DORÉES EN LAITON
      ✅ Image: /images/products/boucles-doreilles-créoles-dorées-en-laiton/image-1.jpeg
   📸 [7] BOUCLES D’OREILLES CRÉOLES DORÉES EN LAITON ET TRÈ
      ✅ Image: /images/products/boucles-doreilles-créoles-dorées-en-laiton-et-très-légères/image-1.jpeg
   📸 [8] BOUCLES D’OREILLES CRÉOLES DORÉES EN LAITON ET TRÈ
      ✅ Image: /images/products/boucles-doreilles-créoles-dorées-en-laiton-et-très-légères/image-1.jpeg
   📸 [9] BOUCLES D’OREILLES DORÉES AVEC PIERRE EN ONYX NOIR
      ✅ Image: /images/products/boucles-doreilles-dorées-avec-pierre-en-onyx-noir/image-1.jpeg
   📸 [10] BOUCLES D’OREILLE TIBÉTAINES EN LAITON COLORÉES
      ✅ Image: /images/products/boucles-doreille-tibétaines-en-laiton-colorées/image-1.jpeg
   📸 [11] BAGUE ARGENT FILIGRANE PIERRE SMOKY QUARTZ
      ✅ Image: /images/products/bague-argent-filigrane-pierre-smoky-quartz/image-1.jpeg
   📸 [12] BOUCLES D’OREILLES PENDANTES RONDES À IMPRIMÉ FLOR
      ✅ Image: /images/products/boucles-doreilles-pendantes-rondes-à-imprimé-floral-ethnique/image-1.jpeg
   📸 [13] CRÉOLES ARGENT
      ✅ Image: /images/products/créoles-argent/image-1.jpeg
   📸 [14] BOUCLE D’OREILLE ARGENTÉE AVEC 2 CERCLES ET PIERRE
      ✅ Image: /images/products/boucle-doreille-argentée-avec-2-cercles-et-pierre-de-lune/image-1.jpeg
   📸 [15] BOUCLES D’OREILLES ARGENT CERCLE ET LARIMAR
      ✅ Image: /images/products/boucles-doreilles-argent-cercle-et-larimar/image-1.jpeg
   📸 [16] BOUCLES D’OREILLE ARGENT AVEC PIERRE NATURELLE LAP
      ✅ Image: /images/products/boucles-doreille-argent-avec-pierre-naturelle-lapis-lazuli/image-1.jpeg

   🔍 Vérification de la page suivante...

📄 Page 8: https://www.khashika.com/eboutique-bijoux-indiens/page/8/
   ✅ 16 produits trouvés
   📸 [1] BOUCLES D’OREILLE ARGENT AVEC PIERRE NATURELLE LAP
      ✅ Image: /images/products/boucles-doreille-argent-avec-pierre-naturelle-lapis-lazuli/image-1.jpeg
   📸 [2] GRANDES BOUCLES D’OREILLES ARGENT AVEC UN RUBIS IN
      ✅ Image: /images/products/grandes-boucles-doreilles-argent-avec-un-rubis-indien-facetté/image-1.jpeg
   📸 [3] GRANDES BOUCLES D’OREILLES ARGENT EN PIERRE DE LUN
      ✅ Image: /images/products/grandes-boucles-doreilles-argent-en-pierre-de-lune/image-1.jpeg
   📸 [4] GRANDES BOUCLES D’OREILLES ARGENT EN PIERRE DE LUN
      ✅ Image: /images/products/grandes-boucles-doreilles-argent-en-pierre-de-lune/image-1.jpeg
   📸 [5] BOUCLES D’OREILLES ARGENT FILIGRANE EN PIERRE DE L
      ✅ Image: /images/products/boucles-doreilles-argent-filigrane-en-pierre-de-lune/image-1.jpeg
   📸 [6] ETOLE INDIENNE VERTE ET BLANCHE À MOTIFS
      ✅ Image: /images/products/etole-indienne-verte-et-blanche-à-motifs/image-1.jpeg
   📸 [7] ETOLE BLEUE À FRISE BEIGE
      ✅ Image: /images/products/etole-bleue-à-frise-beige/image-1.jpeg
   📸 [8] PASHMINA TURQUOISE/NOIR 100% CACHEMIRE
      ✅ Image: /images/products/pashmina-turquoisenoir-100-cachemire/image-1.jpeg
   📸 [9] PASHMINA BLEU/NOIR 100% CACHEMIRE
      ✅ Image: /images/products/pashmina-bleunoir-100-cachemire/image-1.jpeg
   📸 [10] FOULARD EN 100%SOIE À MOTIFS BEIGE ET ORANGE
      ✅ Image: /images/products/foulard-en-100soie-à-motifs-beige-et-orange/image-1.jpeg
   📸 [11] FOULARD EN 100%SOIE À MOTIFS VERT , BLEU ET FUCHSI
      ✅ Image: /images/products/foulard-en-100soie-à-motifs-vert-bleu-et-fuchsia/image-1.jpeg
   📸 [12] FOULARD EN 100%SOIE À MOTIFS ORANGE ET FUCHSIA
      ✅ Image: /images/products/foulard-en-100soie-à-motifs-orange-et-fuchsia/image-1.jpeg
   📸 [13] FOULARD EN 100%SOIE À MOTIFS MARRON , ORANGE ET BL
      ✅ Image: /images/products/foulard-en-100soie-à-motifs-marron-orange-et-blanc/image-1.jpeg
   📸 [14] CARRÉ DE SOIE TURQUOISE MOTIFS FLEURS ET ÉLÉPHANT
      ✅ Image: /images/products/carré-de-soie-turquoise-motifs-fleurs-et-éléphant/image-1.jpeg
   📸 [15] FOULARD VERT EN 100%SOIE À MOTIFS BLEU
      ✅ Image: /images/products/foulard-vert-en-100soie-à-motifs-bleu/image-1.jpeg
   📸 [16] FOULARD BEIGE EN 100%SOIE À MOTIFS MARRON
      ✅ Image: /images/products/foulard-beige-en-100soie-à-motifs-marron/image-1.jpeg

   🔍 Vérification de la page suivante...

📄 Page 9: https://www.khashika.com/eboutique-bijoux-indiens/page/9/
   ✅ 16 produits trouvés
   📸 [1] FOULARD EN 100%SOIE À MOTIFS VERTS ET ROUGE
      ✅ Image: /images/products/foulard-en-100soie-à-motifs-verts-et-rouge/image-1.jpeg
   📸 [2] FOULARD SOIE À MOTIFS CACHEMIRE BLEU ET TURQUOISE
      ✅ Image: /images/products/foulard-soie-à-motifs-cachemire-bleu-et-turquoise/image-1.jpeg
   📸 [3] FOULARD FUCHSIA EN 100%SOIE À MOTIFS ÉLÉPHANTS
      ✅ Image: /images/products/foulard-fuchsia-en-100soie-à-motifs-éléphants/image-1.jpeg
   📸 [4] BRACELET PIERRE CORNALIE 10MM AVEC CORDON RÉGLABLE
      ✅ Image: /images/products/bracelet-pierre-cornalie-10mm-avec-cordon-réglable/image-1.jpeg
   📸 [5] BRACELET PIERRES NATURELLES EN AGATE NUANCE BLEUE
      ✅ Image: /images/products/bracelet-pierres-naturelles-en-agate-nuance-bleue/image-1.jpeg
   📸 [6] BRACELET PIERRES NATURELLES EN JASPE
      ✅ Image: /images/products/bracelet-pierres-naturelles-en-jaspe/image-1.jpeg
   📸 [7] BRACELET PIERRE AGATE JAUNE SUR MACRAMÉ
      ✅ Image: /images/products/bracelet-pierre-agate-jaune-sur-macramé/image-1.jpeg
   📸 [8] BRACELET PIERRE EN TURQUOISE AVEC DES PERLES ARGEN
      ✅ Image: /images/products/bracelet-pierre-en-turquoise-avec-des-perles-argent/image-1.jpeg
   📸 [9] BRACELET PIERRE AGATE ROSE AVEC CORDON RÉGLABLE
      ✅ Image: /images/products/bracelet-pierre-agate-rose-avec-cordon-réglable/image-1.jpeg
   📸 [10] FOULARD ÉCRU EN 100%SOIE À MOTIFS FLEURIS
      ✅ Image: /images/products/foulard-écru-en-100soie-à-motifs-fleuris/image-1.jpeg
   📸 [11] FOULARD BLEU AZUR EN 100%SOIE À MOTIFS
      ✅ Image: /images/products/foulard-bleu-azur-en-100soie-à-motifs/image-1.jpeg
   📸 [12] FOULARD BLEU FONCÉ EN 100%SOIE À MOTIFS FLEURIS
      ✅ Image: /images/products/foulard-bleu-foncé-en-100soie-à-motifs-fleuris/image-1.jpeg
   📸 [13] FOULARD BLEU FONCÉ EN 100%SOIE À MOTIFS ÉLÉPHANTS
      ✅ Image: /images/products/foulard-bleu-foncé-en-100soie-à-motifs-éléphants/image-1.jpeg
   📸 [14] FOULARD TURQUOISE EN 100%SOIE À MOTIFS FUCHSIA/BLE
      ✅ Image: /images/products/foulard-turquoise-en-100soie-à-motifs-fuchsiableu/image-1.jpeg
   📸 [15] FOULARD BLEU EN 100%SOIE À MOTIFS JAUNE/VERT/ROUGE
      ✅ Image: /images/products/foulard-bleu-en-100soie-à-motifs-jaunevertrouge/image-1.jpeg
   📸 [16] PASHMINA 100% CACHEMIRE BLEU/ROUGE
      ✅ Image: /images/products/pashmina-100-cachemire-bleurouge/image-1.jpeg

   🔍 Vérification de la page suivante...

📄 Page 10: https://www.khashika.com/eboutique-bijoux-indiens/page/10/
   ✅ 16 produits trouvés
   📸 [1] GRANDE ÉCHARPE ORANGE ET BLANCHE EN LAINE
      ✅ Image: /images/products/grande-écharpe-orange-et-blanche-en-laine/image-1.jpeg
   📸 [2] ETOLE VERTE À FRISE MOTIFS CACHEMIRE MATIÈRE NATUR
      ✅ Image: /images/products/etole-verte-à-frise-motifs-cachemire-matière-naturelle-et-végétale/image-1.jpeg
   📸 [3] ETOLE TURQUOISE À FRISE ROUGE MOTIFS CACHEMIRE MAT
      ✅ Image: /images/products/etole-turquoise-à-frise-rouge-motifs-cachemire-matière-naturelle-et-végétale/image-1.jpeg
   📸 [4] ETOLE TURQUOISE ET BEIGE MOTIFS CACHEMIRE MATIÈRE 
      ✅ Image: /images/products/etole-turquoise-et-beige-motifs-cachemire-matière-naturelle-et-végétale/image-1.jpeg
   📸 [5] ETOLE ROSE ET BLANCHE MOTIFS CACHEMIRE MATIÈRE NAT
      ✅ Image: /images/products/etole-rose-et-blanche-motifs-cachemire-matière-naturelle-et-végétale/image-1.jpeg
   📸 [6] ETOLE GRIS/ORANGE À FRISE MATIÈRE NATURELLE ET VÉG
      ✅ Image: /images/products/etole-grisorange-à-frise-matière-naturelle-et-végétale/image-1.jpeg
   📸 [7] ETOLE MARRON/BEIGE À FRISE MATIÈRE NATURELLE ET VÉ
      ✅ Image: /images/products/etole-marronbeige-à-frise-matière-naturelle-et-végétale/image-1.jpeg
   📸 [8] ETOLE BEIGE À FRISE MATIÈRE NATURELLE ET VÉGÉTALE
      ✅ Image: /images/products/etole-beige-à-frise-matière-naturelle-et-végétale/image-1.jpeg
   📸 [9] PASHMINA 100% CACHEMIRE VERT/BLANC AVEC DES MOTIFS
      ✅ Image: /images/products/pashmina-100-cachemire-vertblanc-avec-des-motifs/image-1.jpeg
   📸 [10] BOUCLES D’OREILLES DORÉES PIERRE ONACRE
      ✅ Image: /images/products/boucles-doreilles-dorées-pierre-onacre/image-1.jpeg
   📸 [11] PENDENTIF ARGENT ET PIERRE OEIL DU TIGRE
      ✅ Image: /images/products/pendentif-argent-et-pierre-oeil-du-tigre/image-1.jpeg
   📸 [12] BOUCLES D’OREILLES DORÉES AVEC PIERRE EN LAPIS-LAZ
      ✅ Image: /images/products/boucles-doreilles-dorées-avec-pierre-en-lapis-lazuli/image-1.jpeg
   📸 [13] BOUCLES D’OREILLES DORÉES CRÉOLES SPIRALE
      ✅ Image: /images/products/boucles-doreilles-dorées-créoles-spirale/image-1.jpeg
   📸 [14] BOUCLES D’OREILLES DORÉES AVEC PIERRE EN LAPIS-LAZ
      ✅ Image: /images/products/boucles-doreilles-dorées-avec-pierre-en-lapis-lazuli/image-1.jpeg
   📸 [15] CRÉOLES CISELÉES ARGENT
      ✅ Image: /images/products/créoles-ciselées-argent/image-1.jpeg
   📸 [16] GRANDES CRÉOLES -BOUDDHA EN ARGENT
      ✅ Image: /images/products/grandes-créoles-bouddha-en-argent/image-1.jpeg

   🔍 Vérification de la page suivante...

📄 Page 11: https://www.khashika.com/eboutique-bijoux-indiens/page/11/
   ✅ 16 produits trouvés
   📸 [1] BAGUE ARGENT FINE RÉGLABLE
      ✅ Image: /images/products/bague-argent-fine-réglable/image-1.jpeg
   📸 [2] BAGUE ARGENT AVEC UNE PIERRE OVALE PIERRE DE LUNE
      ✅ Image: /images/products/bague-argent-avec-une-pierre-ovale-pierre-de-lune/image-1.jpeg
   📸 [3] BAGUE TRIANGLE ARGENT AVEC UNE PIERRE OVALE PIERRE
      ✅ Image: /images/products/bague-triangle-argent-avec-une-pierre-ovale-pierre-de-lune/image-1.jpeg
   📸 [4] BAGUE ARGENT SOBRE AVEC UNE PIERRE OVALE ONYX NOIR
      ✅ Image: /images/products/bague-argent-sobre-avec-une-pierre-ovale-onyx-noir/image-1.jpeg
   📸 [5] BAGUE ARGENT ET 3 BELLES PIERRES EN LAPIS-LAZULI
      ✅ Image: /images/products/bague-argent-et-3-belles-pierres-en-lapis-lazuli/image-1.jpeg
   📸 [6] BAGUE ARGENT AJUSTABLE SOBRE AVEC UNE PIERRE RONDE
      ✅ Image: /images/products/bague-argent-ajustable-sobre-avec-une-pierre-ronde-onyx-vert/image-1.jpeg
   📸 [7] BAGUE ARGENT AJUSTABLE SOBRE AVEC UNE PIERRE RONDE
      ✅ Image: /images/products/bague-argent-ajustable-sobre-avec-une-pierre-ronde-turquoise/image-1.jpeg
   📸 [8] BAGUE FANTAISIE AJUSTABLE DORÉE PIERRE PÉRIDOT
      ✅ Image: /images/products/bague-fantaisie-ajustable-dorée-pierre-péridot/image-1.jpeg
   📸 [9] PENDENTIF ARGENT PIERRE AVENTURINE
      ✅ Image: /images/products/pendentif-argent-pierre-aventurine/image-1.jpeg
   📸 [10] BRACELET PIERRES GRANDES PIERRES LABRADORITE AVEC 
      ✅ Image: /images/products/bracelet-pierres-grandes-pierres-labradorite-avec-cordon-réglable/image-1.jpeg
   📸 [11] BRACELET GRANDES PIERRES PIERRE DE LUNE ET QUARTZ 
      ✅ Image: /images/products/bracelet-grandes-pierres-pierre-de-lune-et-quartz-rose-avec-cordon-réglable/image-1.jpeg
   📸 [12] BRACELET PIERRES GRANDES PIERRES TOPAZE JAUNE AVEC
      ✅ Image: /images/products/bracelet-pierres-grandes-pierres-topaze-jaune-avec-cordon-réglable/image-1.jpeg
   📸 [13] BRACELET PIERRES AGATE BRUN CORDON RÉGLABLE
      ✅ Image: /images/products/bracelet-pierres-agate-brun-cordon-réglable/image-1.jpeg
   📸 [14] BRACELET PIERRES AGATE JAUNE CORDON RÉGLABLE
      ✅ Image: /images/products/bracelet-pierres-agate-jaune-cordon-réglable/image-1.jpeg
   📸 [15] BRACELET PIERRES AGATE BLEUE CORDON RÉGLABLE
      ✅ Image: /images/products/bracelet-pierres-agate-bleue-cordon-réglable/image-1.jpeg
   📸 [16] BRACELET PIERRES AGATE MULTISTONE CORDON ROUGE RÉG
      ✅ Image: /images/products/bracelet-pierres-agate-multistone-cordon-rouge-réglable/image-1.jpeg

   🔍 Vérification de la page suivante...

📄 Page 12: https://www.khashika.com/eboutique-bijoux-indiens/page/12/
   ✅ 16 produits trouvés
   📸 [1] BRACELET PIERRE TURQUOISE ET UN ARBRE DE VIE
      ✅ Image: /images/products/bracelet-pierre-turquoise-et-un-arbre-de-vie/image-1.jpeg
   📸 [2] BRACELET PIERRE QUARTZ ROSE ET UNE FLEUR DE LOTUS
      ✅ Image: /images/products/bracelet-pierre-quartz-rose-et-une-fleur-de-lotus/image-1.jpeg
   📸 [3] BRACELET INSCRIPTIONS TIBÉTAINES ET MAIN DE FATMA
      ✅ Image: /images/products/bracelet-inscriptions-tibétaines-et-main-de-fatma/image-1.jpeg
   📸 [4] BRACELET PIERRES NATURELLES EN PIERRE DE LUNE ET A
      ✅ Image: /images/products/bracelet-pierres-naturelles-en-pierre-de-lune-et-agate/image-1.jpeg
   📸 [5] BRACELET PIERRES NATURELLES EN JASPE BRUN
      ✅ Image: /images/products/bracelet-pierres-naturelles-en-jaspe-brun/image-1.jpeg
   📸 [6] BRACELET PIERRES NATURELLES 7 CHAKRAS
      ✅ Image: /images/products/bracelet-pierres-naturelles-7-chakras/image-1.jpeg
   📸 [7] BRACELET PIERRES NATURELLES EN JADE VERT
      ✅ Image: /images/products/bracelet-pierres-naturelles-en-jade-vert/image-1.jpeg
   📸 [8] BRACELET PIERRES NATURELLES EN HOWLITE ROUGE
      ✅ Image: /images/products/bracelet-pierres-naturelles-en-howlite-rouge/image-1.jpeg
   📸 [9] BRACELET PIERRES NATURELLES EN LAPIS-LAZULI
      ✅ Image: /images/products/bracelet-pierres-naturelles-en-lapis-lazuli/image-1.jpeg
   📸 [10] BRACELET PIERRES NATURELLES EN JASPE NOIR/GRIS
      ✅ Image: /images/products/bracelet-pierres-naturelles-en-jaspe-noirgris/image-1.jpeg
   📸 [11] BRACELET PIERRES NATURELLES EN AGATE MIXE
      ✅ Image: /images/products/bracelet-pierres-naturelles-en-agate-mixe/image-1.jpeg
   📸 [12] COLLIER TIBETAIN EN PIERRES DE CORAIL, TURQUOISE V
      ✅ Image: /images/products/collier-tibetain-en-pierres-de-corail-turquoise-verte-et-lapis-lazuli/image-1.jpeg
   📸 [13] COLLIER ARGENT ET PIERRES ONYX BLEU
      ✅ Image: /images/products/collier-argent-et-pierres-onyx-bleu/image-1.jpeg
   📸 [14] BRACELET CINABRE, CORDE ROUGE TRESSÉE
      ✅ Image: /images/products/bracelet-cinabre-corde-rouge-tressée/image-1.jpeg
   📸 [15] COLLIER TIBETAIN EN PIERRES DE CORAIL ET LAPIS-LAZ
      ✅ Image: /images/products/collier-tibetain-en-pierres-de-corail-et-lapis-lazuli-et-turquoise/image-1.jpeg
   📸 [16] COLLIER TIBETAIN EN PIERRES DE CORAIL ET LAPIS-LAZ
      ✅ Image: /images/products/collier-tibetain-en-pierres-de-corail-et-lapis-lazuli/image-1.jpeg

   🔍 Vérification de la page suivante...

📄 Page 13: https://www.khashika.com/eboutique-bijoux-indiens/page/13/
   ✅ 16 produits trouvés
   📸 [1] COLLIER TIBETAIN EN PIERRES DE TURQUOISE CORAIL ET
      ✅ Image: /images/products/collier-tibetain-en-pierres-de-turquoise-corail-et-lapis-lazuli/image-1.jpeg
   📸 [2] COLLIER TIBETAIN EN TURQUOISE ET LAPIS-LAZULI
      ✅ Image: /images/products/collier-tibetain-en-turquoise-et-lapis-lazuli/image-1.jpeg
   📸 [3] COLLIER TIBETAIN PIERRES TURQUOISE/CORAIL ET UN PE
      ✅ Image: /images/products/collier-tibetain-pierres-turquoisecorail-et-un-pendentif/image-1.jpeg
   📸 [4] CHAINE DE CHEVILLES ARGENT PAMPILLES PERLES DE COU
      ✅ Image: /images/products/chaine-de-chevilles-argent-pampilles-perles-de-couleur/image-1.jpeg
   📸 [5] BRACELET ARGENT EN PIERRE LAPIS-LAZULI
      ✅ Image: /images/products/bracelet-argent-en-pierre-lapis-lazuli/image-1.jpeg
   📸 [6] BRACELET ARGENT PIERRE DE LUNE
      ✅ Image: /images/products/bracelet-argent-pierre-de-lune/image-1.jpeg
   📸 [7] BRACELET ARGENT AMETHYSTE
      ✅ Image: /images/products/bracelet-argent-amethyste/image-1.jpeg
   📸 [8] BRACELET ARGENT LAPIS-LAZULI
      ✅ Image: /images/products/bracelet-argent-lapis-lazuli/image-1.jpeg
   📸 [9] BRACELET ARGENT ONYX VERT
      ✅ Image: /images/products/bracelet-argent-onyx-vert/image-1.jpeg
   📸 [10] BRACELET DORÉ EN PIERRE DE JADE
      ✅ Image: /images/products/bracelet-doré-en-pierre-de-jade/image-1.jpeg
   📸 [11] BRACELET FLEUR DE VIE EN LAITON
      ✅ Image: /images/products/bracelet-fleur-de-vie-en-laiton/image-1.jpeg
   📸 [12] BRACELET PERLES ARGENTÉES FINES
      ✅ Image: /images/products/bracelet-perles-argentées-fines/image-1.jpeg
   📸 [13] CHAINE DE CHEVILLES ARGENT
      ✅ Image: /images/products/chaine-de-chevilles-argent/image-1.jpeg
   📸 [14] BRACELET RIGIDE EN LAITON GRANDE ONYX NOIR
      ✅ Image: /images/products/bracelet-rigide-en-laiton-grande-onyx-noir/image-1.jpeg
   📸 [15] BRACELET FIN ET RIGIDE EN LAITON
      ✅ Image: /images/products/bracelet-fin-et-rigide-en-laiton/image-1.jpeg
   📸 [16] BRACELET RIGIDE EN LAITON GRANDE PIERRE DE LUNE
      ✅ Image: /images/products/bracelet-rigide-en-laiton-grande-pierre-de-lune/image-1.jpeg

   🔍 Vérification de la page suivante...

📄 Page 14: https://www.khashika.com/eboutique-bijoux-indiens/page/14/
   ✅ 16 produits trouvés
   📸 [1] BOUCLES D’OREILLES TRIANGLE ET PETITE PIERRE ONYX 
      ✅ Image: /images/products/boucles-doreilles-triangle-et-petite-pierre-onyx-noir/image-1.jpeg
   📸 [2] BOUCLES D’OREILLES ARGENT PIERRE DE LUNE
      ✅ Image: /images/products/boucles-doreilles-argent-pierre-de-lune/image-1.jpeg
   📸 [3] BOUCLES D’OREILLE TIBÉTAINES FANTAISIE
      ✅ Image: /images/products/boucles-doreille-tibétaines-fantaisie/image-1.jpeg
   📸 [4] BOUCLES D’OREILLES ARGENT EN PIERRE DE LUNE
      ✅ Image: /images/products/boucles-doreilles-argent-en-pierre-de-lune/image-1.jpeg
   📸 [5] BOUCLES D’OREILLES ARGENT PIERRE EN SAPHIR BLEU
      ✅ Image: /images/products/boucles-doreilles-argent-pierre-en-saphir-bleu/image-1.jpeg
   📸 [6] BOUCLES D’OREILLES ARGENT ONYX BLEU
      ✅ Image: /images/products/boucles-doreilles-argent-onyx-bleu/image-1.jpeg
   📸 [7] BOUCLES D’OREILLE ARGENT 5 PIERRES EN TURQUOISE
      ✅ Image: /images/products/boucles-doreille-argent-5-pierres-en-turquoise/image-1.jpeg
   📸 [8] BOUCLES D’OREILLE EN ARGENT ET PIERRE VÉRITABLE EN
      ✅ Image: /images/products/boucles-doreille-en-argent-et-pierre-véritable-en-amethyste/image-1.jpeg
   📸 [9] BOUCLES D’OREILLES EN TURQUOISE
      ✅ Image: /images/products/boucles-doreilles-en-turquoise/image-1.jpeg
   📸 [10] BOUCLES D’OREILLES EN PIERRE DE LUNE
      ✅ Image: /images/products/boucles-doreilles-en-pierre-de-lune/image-1.jpeg
   📸 [11] BOUCLES D’OREILLE TIBÉTAINES LAPIS-LAZULI
      ✅ Image: /images/products/boucles-doreille-tibétaines-lapis-lazuli/image-1.jpeg
   📸 [12] BOUCLES D’OREILLES ETHNIQUES RÉSINE BLEU
      ✅ Image: /images/products/boucles-doreilles-ethniques-résine-bleu/image-1.jpeg
   📸 [13] COLLIER PIERRES BLEU ET NOIR
      ✅ Image: /images/products/collier-pierres-bleu-et-noir/image-1.jpeg
   📸 [14] COLLIER PIERRES VERTES ET VIOLETTES
      ✅ Image: /images/products/collier-pierres-vertes-et-violettes/image-1.jpeg
   📸 [15] BRACELET 1 RANG PIERRES LARIMAR SUR FIL NOIR
      ✅ Image: /images/products/bracelet-1-rang-pierres-larimar-sur-fil-noir/image-1.jpeg
   📸 [16] CHAINE DE CHEVILLES ARGENT PAMPILLES PERLES DE COU
      ✅ Image: /images/products/chaine-de-chevilles-argent-pampilles-perles-de-couleur/image-1.jpeg

   🔍 Vérification de la page suivante...

📄 Page 15: https://www.khashika.com/eboutique-bijoux-indiens/page/15/
   ✅ 16 produits trouvés
   📸 [1] FOULARD BANDANA BLEU
      ✅ Image: /images/products/foulard-bandana-bleu/image-1.jpeg
   📸 [2] SAC INDIEN EN TISSUS PETITS MIROIRS
      ✅ Image: /images/products/sac-indien-en-tissus-petits-miroirs/image-1.jpeg
   📸 [3] SAC BOHÈME BLEU BRODÉ À POMPONS
      ✅ Image: /images/products/sac-bohème-bleu-brodé-à-pompons/image-1.jpeg
   📸 [4] FOULARD ROSE EN 100%SOIE À MOTIFS VERTS ET ROUGE
      ✅ Image: /images/products/foulard-rose-en-100soie-à-motifs-verts-et-rouge/image-1.jpeg
   📸 [5] FOULARD BLEU EN 100%SOIE À MOTIFS VERTS ET NOIR
      ✅ Image: /images/products/foulard-bleu-en-100soie-à-motifs-verts-et-noir/image-1.jpeg
   📸 [6] BOUCLES D’OREILLE ARGENT AMETHYSTE
      ✅ Image: /images/products/boucles-doreille-argent-amethyste/image-1.jpeg
   📸 [7] CRÉOLES EN ARGENT ET PIERRE VÉRITABLE EN LABRADORI
      ✅ Image: /images/products/créoles-en-argent-et-pierre-véritable-en-labradorite/image-1.jpeg
   📸 [8] BOUCLES D’OREILLE LAITON ARGENTÉ PIERRE ONYX NOIR
      ✅ Image: /images/products/boucles-doreille-laiton-argenté-pierre-onyx-noir/image-1.jpeg
   📸 [9] BOUCLES D’OREILLES ARGENT AVEC PIERRE EN TURQUOISE
      ✅ Image: /images/products/boucles-doreilles-argent-avec-pierre-en-turquoise/image-1.jpeg
   📸 [10] CRÉOLE SPIRALE EN LAITON ET PIERRE TURQUOISE
      ✅ Image: /images/products/créole-spirale-en-laiton-et-pierre-turquoise/image-1.jpeg
   📸 [11] CRÉOLES EN LAITON
      ✅ Image: /images/products/créoles-en-laiton/image-1.jpeg
   📸 [12] CRÉOLES EN LAITON TUNE PIERRE NATURELLE OEIL DU TI
      ✅ Image: /images/products/créoles-en-laiton-tune-pierre-naturelle-oeil-du-tigre/image-1.jpeg
   📸 [13] GRANDES CRÉOLES EN LAITON
      ✅ Image: /images/products/grandes-créoles-en-laiton/image-1.jpeg
   📸 [14] CRÉOLES CISELÉES PLAQUÉ ARGENT
      ✅ Image: /images/products/créoles-ciselées-plaqué-argent/image-1.jpeg
   📸 [15] CRÉOLES CISELÉES PLAQUÉ ARGENT
      ✅ Image: /images/products/créoles-ciselées-plaqué-argent/image-1.jpeg
   📸 [16] BOUCLES D’OREILLES ETHNIQUES EN ARGENT
      ✅ Image: /images/products/boucles-doreilles-ethniques-en-argent/image-1.jpeg

   🔍 Vérification de la page suivante...

📄 Page 16: https://www.khashika.com/eboutique-bijoux-indiens/page/16/
   ✅ 16 produits trouvés
   📸 [1] BOUCLES D’OREILLES FLEUR DE VIE EN ARGENT
      ✅ Image: /images/products/boucles-doreilles-fleur-de-vie-en-argent/image-1.jpeg
   📸 [2] BOUCLES D’OREILLES RONDES EN ARGENT
      ✅ Image: /images/products/boucles-doreilles-rondes-en-argent/image-1.jpeg
   📸 [3] BAGUE ARGENT INFINITI
      ✅ Image: /images/products/bague-argent-infiniti/image-1.jpeg
   📸 [4] BAGUE ARGENT FLEUR
      ✅ Image: /images/products/bague-argent-fleur/image-1.jpeg
   📸 [5] BAGUE RÉGLABLE ARGENT PIERRE EN AMÉTHYSTE
      ✅ Image: /images/products/bague-réglable-argent-pierre-en-améthyste/image-1.jpeg
   📸 [6] BAGUE RÉGLABLE ARGENTÉE PIERRE EN ONYX NOIR
      ✅ Image: /images/products/bague-réglable-argentée-pierre-en-onyx-noir/image-1.jpeg
   📸 [7] CHAINE DE CHEVILLES PIERRES 6MM 7 CHAKRAS AVEC PER
      ✅ Image: /images/products/chaine-de-chevilles-pierres-6mm-7-chakras-avec-perles-dorées/image-1.jpeg
   📸 [8] BRACELETS PIERRES NATURELLES AGATE MULTISTONE
      ✅ Image: /images/products/bracelets-pierres-naturelles-agate-multistone/image-1.jpeg
   📸 [9] BRACELET PIERRES NATURELLES EN LAVE ET YIN YANG
      ✅ Image: /images/products/bracelet-pierres-naturelles-en-lave-et-yin-yang/image-1.jpeg
   📸 [10] BRACELET PIERRES NATURELLES EN AGATE BLEU CLAIR
      ✅ Image: /images/products/bracelet-pierres-naturelles-en-agate-bleu-clair/image-1.jpeg
   📸 [11] BRACELET PIERRES NATURELLES EN AGATE BLEU
      ✅ Image: /images/products/bracelet-pierres-naturelles-en-agate-bleu/image-1.jpeg
   📸 [12] BRACELET PIERRES NATURELLES EN AGATE
      ✅ Image: /images/products/bracelet-pierres-naturelles-en-agate/image-1.jpeg
   📸 [13] BRACELET PIERRES NATURELLES EN ONYX NOIR 7 CHAKRAS
      ✅ Image: /images/products/bracelet-pierres-naturelles-en-onyx-noir-7-chakras/image-1.jpeg
   📸 [14] BRACELET PIERRE TRIPLE PROTECTION OBSIDIENNE/HEMAT
      ✅ Image: /images/products/bracelet-pierre-triple-protection-obsidiennehematiteoeil-du-tigre-signe-aum/image-1.jpeg
   📸 [15] BRACELET ARGENT PIERRES NATURELLES LAPIS-LAZULI
      ✅ Image: /images/products/bracelet-argent-pierres-naturelles-lapis-lazuli/image-1.jpeg
   📸 [16] BRACELET ARGENTÉ PERLES NOIRES
      ✅ Image: /images/products/bracelet-argenté-perles-noires/image-1.jpeg

   🔍 Vérification de la page suivante...

📄 Page 17: https://www.khashika.com/eboutique-bijoux-indiens/page/17/
   ✅ 16 produits trouvés
   📸 [1] BRACELET CAURI ET PERLES DORÉES
      ✅ Image: /images/products/bracelet-cauri-et-perles-dorées/image-1.jpeg
   📸 [2] BRACELET ARGENT ET PIERRE CORAIL
      ✅ Image: /images/products/bracelet-argent-et-pierre-corail/image-1.jpeg
   📸 [3] BRACELET ARGENT ET PIERRE TURQUOISE
      ✅ Image: /images/products/bracelet-argent-et-pierre-turquoise/image-1.jpeg
   📸 [4] BRACELET EN ARGENT ET 5 GRANDES PIERRES EN CITRINE
      ✅ Image: /images/products/bracelet-en-argent-et-5-grandes-pierres-en-citrine/image-1.jpeg
   📸 [5] CHAINE DE CHEVILLES ARGENTÉE AVEC DES COEURS
      ✅ Image: /images/products/chaine-de-chevilles-argentée-avec-des-coeurs/image-1.jpeg
   📸 [6] CHAINE DE CHEVILLES ARGENTÉE PERLES NOIRE ET TURQU
      ✅ Image: /images/products/chaine-de-chevilles-argentée-perles-noire-et-turquoise/image-1.jpeg
   📸 [7] PORTE-CLÉ NÉPALAIS ÉLÉPHANT
      ✅ Image: /images/products/porte-clé-népalais-éléphant/image-1.jpeg
   📸 [8] PORTE-CLÉ NÉPALAIS TÊTE DE BOUDDHA
      ✅ Image: /images/products/porte-clé-népalais-tête-de-bouddha/image-1.jpeg
   📸 [9] PORTE-CLÉ NÉPALAIS ARBRE DE VIE
      ✅ Image: /images/products/porte-clé-népalais-arbre-de-vie/image-1.jpeg
   📸 [10] PORTE-CLÉ NÉPALAIS MOULIN À PRIÈRES
      ✅ Image: /images/products/porte-clé-népalais-moulin-à-prières/image-1.jpeg
   📸 [11] PORTE-CLÉ NÉPALAIS MOULIN À PRIÈRES
      ✅ Image: /images/products/porte-clé-népalais-moulin-à-prières/image-1.jpeg
   📸 [12] PORTE-CLÉ NÉPALAIS ROND ARGENTÉ ET DORÉ
      ✅ Image: /images/products/porte-clé-népalais-rond-argenté-et-doré/image-1.jpeg
   📸 [13] PORTE-CLÉ NÉPALAIS ROND ARGENTÉ ET COLORÉ SYMBOLE 
      ✅ Image: /images/products/porte-clé-népalais-rond-argenté-et-coloré-symbole-aum-/image-1.jpeg
   📸 [14] POUR CHEVILLE CORDON BLEU FONCÉ RÉGLABLE AVEC DEVE
      ✅ Image: /images/products/pour-cheville-cordon-bleu-foncé-réglable-avec-devel-eyes/image-1.jpeg
   📸 [15] POUR CHEVILLE CORDON BLEU RÉGLABLE AVEC UNE TORTUE
      ✅ Image: /images/products/pour-cheville-cordon-bleu-réglable-avec-une-tortue/image-1.jpeg
   📸 [16] CHAINE DE CHEVILLES ARGENTÉE PERLES DE TURQUOISE
      ✅ Image: /images/products/chaine-de-chevilles-argentée-perles-de-turquoise/image-1.jpeg

   🔍 Vérification de la page suivante...

📄 Page 18: https://www.khashika.com/eboutique-bijoux-indiens/page/18/
   ✅ 16 produits trouvés
   📸 [1] BAGUE ÉLASTIQUE AVEC PERLES 3MM GRENAT
      ✅ Image: /images/products/bague-élastique-avec-perles-3mm-grenat/image-1.jpeg
   📸 [2] BAGUE ÉLASTIQUE AVEC PERLES 3MM ENERGIE
      ✅ Image: /images/products/bague-élastique-avec-perles-3mm-energie/image-1.jpeg
   📸 [3] COLLIER AVEC CHAINETTE DORÉE ET AQUA-MARINE
      ✅ Image: /images/products/collier-avec-chainette-dorée-et-aqua-marine/image-1.jpeg
   📸 [4] BAGUE DE MANCHETTE EN ARGENT STERLING 925 INCRUSTÉ
      ✅ Image: /images/products/bague-de-manchette-en-argent-sterling-925-incrustée-de-pierre-de-lune/image-1.jpeg
   📸 [5] BAGUE FANTAISIE ETHNIQUE TURQUOISE RÉGLABLE
      ✅ Image: /images/products/bague-fantaisie-ethnique-turquoise-réglable/image-1.jpeg
   📸 [6] BAGUE FANTAISIE ETHNIQUE TURQUOISE ET CORAIL
      ✅ Image: /images/products/bague-fantaisie-ethnique-turquoise-et-corail/image-1.jpeg
   📸 [7] PASHMINA SOIE/CACHEMIRE ROUGE/MAUVE AVEC DES MOTIF
      ✅ Image: /images/products/pashmina-soiecachemire-rougemauve-avec-des-motifs/image-1.jpeg
   📸 [8] ETOLE MARRON CLAIR ET BEIGE AVEC DES MOTIFS CACHEM
      ✅ Image: /images/products/etole-marron-clair-et-beige-avec-des-motifs-cachemire/image-1.jpeg
   📸 [9] ETOLE BLEUE ET JAUNE
      ✅ Image: /images/products/etole-bleue-et-jaune/image-1.jpeg
   📸 [10] POCHETTE BRODÉE DE TISSUS BRODÉS À LA MAIN AVEC UN
      ✅ Image: /images/products/pochette-brodée-de-tissus-brodés-à-la-main-avec-une-lanière/image-1.jpeg
   📸 [11] POCHETTE BRODÉE AVEC DES PERLES ET PETITS MIROIRS
      ✅ Image: /images/products/pochette-brodée-avec-des-perles-et-petits-miroirs/image-1.jpeg
   📸 [12] BOUCLES D’OREILLES ARGENT ET PIERRE EN ONYX NOIR
      ✅ Image: /images/products/boucles-doreilles-argent-et-pierre-en-onyx-noir/image-1.jpeg
   📸 [13] BOUCLES D’OREILLES ARGENT ET PIERRE EN ONYX VERT
      ✅ Image: /images/products/boucles-doreilles-argent-et-pierre-en-onyx-vert/image-1.jpeg
   📸 [14] BOUCLES D’OREILLES ARGENT ET PIERRE EN CORNALINE
      ✅ Image: /images/products/boucles-doreilles-argent-et-pierre-en-cornaline/image-1.jpeg
   📸 [15] PETITE CRÉOLE EN ARGENT ET PIERRE DE LUNE
      ✅ Image: /images/products/petite-créole-en-argent-et-pierre-de-lune/image-1.jpeg
   📸 [16] BOUCLES D’OREILLES ARGENT PIERRE AMÉTHYSTE FACETTÉ
      ✅ Image: /images/products/boucles-doreilles-argent-pierre-améthyste-facettée/image-1.jpeg

   🔍 Vérification de la page suivante...

📄 Page 19: https://www.khashika.com/eboutique-bijoux-indiens/page/19/
   ✅ 16 produits trouvés
   📸 [1] BOUCLES D’OREILLE TIBÉTAINES TURQUOISE
      ✅ Image: /images/products/boucles-doreille-tibétaines-turquoise/image-1.jpeg
   📸 [2] BRACELET PIERRES NATURELLES EN LAPIS-LAZULI AVEC U
      ✅ Image: /images/products/bracelet-pierres-naturelles-en-lapis-lazuli-avec-un-ange/image-1.jpeg
   📸 [3] BRACELET PIERRES NATURELLES EN AGATE ROSE AVEC UN 
      ✅ Image: /images/products/bracelet-pierres-naturelles-en-agate-rose-avec-un-coeur/image-1.jpeg
   📸 [4] BRACELET PIERRES NATURELLES EN AGATE BLEU LAGON AV
      ✅ Image: /images/products/bracelet-pierres-naturelles-en-agate-bleu-lagon-avec-un-eléphant/image-1.jpeg
   📸 [5] BRACELET PIERRES NATURELLES EN AGATE BLEU LAGON AV
      ✅ Image: /images/products/bracelet-pierres-naturelles-en-agate-bleu-lagon-avec-un-coeur/image-1.jpeg
   📸 [6] BRACELET PIERRES NATURELLES EN AGATE BLEU ET BLANC
      ✅ Image: /images/products/bracelet-pierres-naturelles-en-agate-bleu-et-blanc/image-1.jpeg
   📸 [7] BRACELET PERLES ARGENTÉES ET ONYX NOIR
      ✅ Image: /images/products/bracelet-perles-argentées-et-onyx-noir/image-1.jpeg
   📸 [8] BRACELET TIBÉTAIN EN PERLES ET PAMPILLES
      ✅ Image: /images/products/bracelet-tibétain-en-perles-et-pampilles/image-1.jpeg
   📸 [9] BRACELET TIBETAIN ARGENTÉ PIERRE TURQUOISE ET LAPI
      ✅ Image: /images/products/bracelet-tibetain-argenté-pierre-turquoise-et-lapis-lazuli-tête-de-bouddha/image-1.jpeg
   📸 [10] BRACELET TIBETAIN ARGENTÉ PIERRE TURQUOISE CORAIL 
      ✅ Image: /images/products/bracelet-tibetain-argenté-pierre-turquoise-corail-tête-de-bouddha/image-1.jpeg
   📸 [11] BOUCLES D’OREILLES FLEUR EN ARGENT
      ✅ Image: /images/products/boucles-doreilles-fleur-en-argent/image-1.jpeg
   📸 [12] CHAINE DE CHEVILLES ARGENT
      ✅ Image: /images/products/chaine-de-chevilles-argent/image-1.jpeg
   📸 [13] BOUCLES D’OREILLES ARGENT PIERRE EN PIERRE DE LUNE
      ✅ Image: /images/products/boucles-doreilles-argent-pierre-en-pierre-de-lune/image-1.jpeg
   📸 [14] PETITE BOUCLE D’OREILLE EN PIERRE PÉRIDOT ET EN AR
      ✅ Image: /images/products/petite-boucle-doreille-en-pierre-péridot-et-en-argent/image-1.jpeg
   📸 [15] BOUCLES D’OREILLES ARGENT FILIGRANE ET LAPIS-LAZUL
      ✅ Image: /images/products/boucles-doreilles-argent-filigrane-et-lapis-lazuli/image-1.jpeg
   📸 [16] PASHMINA 100% CACHEMIRE VERT/GRIS/OCRE
      ✅ Image: /images/products/pashmina-100-cachemire-vertgrisocre/image-1.jpeg

   🔍 Vérification de la page suivante...

📄 Page 20: https://www.khashika.com/eboutique-bijoux-indiens/page/20/
   ✅ 16 produits trouvés
   📸 [1] BRACELET SUR FIL PIERRES AMAZONITE ET GRENAT
      ✅ Image: /images/products/bracelet-sur-fil-pierres-amazonite-et-grenat/image-1.jpeg
   📸 [2] BOUCLES D’OREILLES CRÉOLES ARGENTÉES
      ✅ Image: /images/products/boucles-doreilles-créoles-argentées/image-1.jpeg
   📸 [3] BRACELET PIERRES NATURELLES 7 CHAKRAS
      ✅ Image: /images/products/bracelet-pierres-naturelles-7-chakras/image-1.jpeg
   📸 [4] BRACELET PIERRES NATURELLES EN TURQUOISE 7 CHAKRAS
      ✅ Image: /images/products/bracelet-pierres-naturelles-en-turquoise-7-chakras/image-1.jpeg
   📸 [5] BRACELET PIERRES NATURELLES EN AMAZONITE
      ✅ Image: /images/products/bracelet-pierres-naturelles-en-amazonite/image-1.jpeg
   📸 [6] BRACELET PIERRES NATURELLES EN AGATE MULTI STONE
      ✅ Image: /images/products/bracelet-pierres-naturelles-en-agate-multi-stone/image-1.jpeg
   📸 [7] BRACELET PIERRES NATURELLES EN AGATE BLANC/ROSE
      ✅ Image: /images/products/bracelet-pierres-naturelles-en-agate-blancrose/image-1.jpeg
   📸 [8] BRACELET PIERRES PIERRE DE LUNE/AMÉTHYSTE/AMBRE
      ✅ Image: /images/products/bracelet-pierres-pierre-de-luneaméthysteambre/image-1.jpeg
   📸 [9] BRACELET PIERRES NATURELLES EN AMETHYSTE
      ✅ Image: /images/products/bracelet-pierres-naturelles-en-amethyste/image-1.jpeg
   📸 [10] BRACELET PIERRES NATURELLES EN LAPIS-LAZULI BLEU F
      ✅ Image: /images/products/bracelet-pierres-naturelles-en-lapis-lazuli-bleu-fonce/image-1.jpeg
   📸 [11] BRACELET EN PIERRES PIERRE DE LUNE
      ✅ Image: /images/products/bracelet-en-pierres-pierre-de-lune/image-1.jpeg
   📸 [12] COLLIER TIBETAIN EN TURQUOISE AVEC UN PENDENTIF TI
      ✅ Image: /images/products/collier-tibetain-en-turquoise-avec-un-pendentif-tibétain/image-1.jpeg
   📸 [13] COLLIER TIBETAIN EN LAPIS-LAZULIAVEC UN PENDENTIF 
      ✅ Image: /images/products/collier-tibetain-en-lapis-lazuliavec-un-pendentif-tibétain/image-1.jpeg
   📸 [14] BRACELET EN PIERRES 6MM EMERAUDE LAVANDE
      ✅ Image: /images/products/bracelet-en-pierres-6mm-emeraude-lavande/image-1.jpeg
   📸 [15] BRACELET EN PIERRES AVENTURINE VERT 6MM
      ✅ Image: /images/products/bracelet-en-pierres-aventurine-vert-6mm/image-1.jpeg
   📸 [16] BRACELET EN PIERRES ONYX NOIR ET DEVEL EYE
      ✅ Image: /images/products/bracelet-en-pierres-onyx-noir-et-devel-eye/image-1.jpeg

   🔍 Vérification de la page suivante...

📄 Page 21: https://www.khashika.com/eboutique-bijoux-indiens/page/21/
   ✅ 16 produits trouvés
   📸 [1] BRACELET EN PIERRES AMÉTHYSTE
      ✅ Image: /images/products/bracelet-en-pierres-améthyste/image-1.jpeg
   📸 [2] BRACELET EN PIERRES OEIL DU TIGRE BLEU
      ✅ Image: /images/products/bracelet-en-pierres-oeil-du-tigre-bleu/image-1.jpeg
   📸 [3] BRACELET EN PIERRES AMÉTHYSTE
      ✅ Image: /images/products/bracelet-en-pierres-améthyste/image-1.jpeg
   📸 [4] BRACELET PIERRE CITRINE AVEC UN CORDON RÉGLABLE
      ✅ Image: /images/products/bracelet-pierre-citrine-avec-un-cordon-réglable/image-1.jpeg
   📸 [5] BRACELET PIERRE DE LAVE ET UNE PERLE EN ARGENT AVE
      ✅ Image: /images/products/bracelet-pierre-de-lave-et-une-perle-en-argent-avec-un-cordon-réglable/image-1.jpeg
   📸 [6] BRACELET PIERRES MULTISTONE CORDON RÉGLABLE
      ✅ Image: /images/products/bracelet-pierres-multistone-cordon-réglable/image-1.jpeg
   📸 [7] BRACELET PIERRE AGATE VERTE AVEC NUANCE AVEC CORDO
      ✅ Image: /images/products/bracelet-pierre-agate-verte-avec-nuance-avec-cordon-de-réglage/image-1.jpeg
   📸 [8] BRACELET EN PIERRES AGATE BLANC ET DEVIL EYE ET ÉT
      ✅ Image: /images/products/bracelet-en-pierres-agate-blanc-et-devil-eye-et-étoile-argent/image-1.jpeg
   📸 [9] BRACELET PIERRES JASPE ROUGE ET SOLEIL ARGENT
      ✅ Image: /images/products/bracelet-pierres-jaspe-rouge-et-soleil-argent/image-1.jpeg
   📸 [10] BRACELET PIERRES AGATE BLEU FONCE
      ✅ Image: /images/products/bracelet-pierres-agate-bleu-fonce/image-1.jpeg
   📸 [11] BRACELET PIERRES AGATE
      ✅ Image: /images/products/bracelet-pierres-agate/image-1.jpeg
   📸 [12] BRACELET PIERRES AGATE ORANGE
      ✅ Image: /images/products/bracelet-pierres-agate-orange/image-1.jpeg
   📸 [13] BRACELET PIERRES LAPIS-LAZULI
      ✅ Image: /images/products/bracelet-pierres-lapis-lazuli/image-1.jpeg
   📸 [14] BRACELET PIERRES OBSIDIENNE
      ✅ Image: /images/products/bracelet-pierres-obsidienne/image-1.jpg
   📸 [15] COLLIER AVEC UNE PIERRE EN AMÉTHYSTE
      ✅ Image: /images/products/collier-avec-une-pierre-en-améthyste/image-1.jpeg
   📸 [16] COLLIER MALA TIBÉTAIN AMÉTHYSTE ET ONYX NOIR PIERR
      ✅ Image: /images/products/collier-mala-tibétain-améthyste-et-onyx-noir-pierre-8-mm/image-1.jpeg

   🔍 Vérification de la page suivante...

📄 Page 22: https://www.khashika.com/eboutique-bijoux-indiens/page/22/
   ✅ 16 produits trouvés
   📸 [1] COLLIER MALA TIBÉTAIN OPALE PIERRE 8 MM
      ✅ Image: /images/products/collier-mala-tibétain-opale-pierre-8-mm/image-1.jpeg
   📸 [2] BOUCLES D’OREILLE OEIL DE PROTECTION
      ✅ Image: /images/products/boucles-doreille-oeil-de-protection/image-1.jpeg
   📸 [3] BOUCLES D’OREILLE TIBÉTAINES RONDES LAPIS-LAZULI
      ✅ Image: /images/products/boucles-doreille-tibétaines-rondes-lapis-lazuli/image-1.jpeg
   📸 [4] BOUCLES D’OREILLE TIBÉTAINES LAPIS-LAZULI
      ✅ Image: /images/products/boucles-doreille-tibétaines-lapis-lazuli/image-1.jpeg
   📸 [5] BOUCLES D’OREILLE TIBÉTAINES LAPIS-LAZULI
      ✅ Image: /images/products/boucles-doreille-tibétaines-lapis-lazuli/image-1.jpeg
   📸 [6] BRACELET PIERRE TRIPLE PROTECTION OBSIDIENNE/HEMAT
      ✅ Image: /images/products/bracelet-pierre-triple-protection-obsidiennehematiteoeil-du-tigre-8-mm/image-1.jpeg
   📸 [7] BRACELET TIBETAIN EN TURQUOISE ET CORAIL
      ✅ Image: /images/products/bracelet-tibetain-en-turquoise-et-corail/image-1.jpeg
   📸 [8] BRACELET TIBETAIN EN LAPIS-LAZULI ET CORAIL
      ✅ Image: /images/products/bracelet-tibetain-en-lapis-lazuli-et-corail/image-1.jpeg
   📸 [9] BRACELET TIBETAIN EN LAPIS-LAZULI
      ✅ Image: /images/products/bracelet-tibetain-en-lapis-lazuli/image-1.jpeg
   📸 [10] BRACELET TIBETAIN ARGENTÉ PERLES CORAIL ET TURQUOI
      ✅ Image: /images/products/bracelet-tibetain-argenté-perles-corail-et-turquoise/image-1.jpeg
   📸 [11] BRACELET TIBETAIN ARGENTÉ AVEC UN PETIT ÉLÉPHANT
      ✅ Image: /images/products/bracelet-tibetain-argenté-avec-un-petit-éléphant/image-1.jpeg
   📸 [12] COLLIER TIBÉTAIN PIERRE NATURELLE FANTAISIE
      ✅ Image: /images/products/collier-tibétain-pierre-naturelle-fantaisie/image-1.jpeg
   📸 [13] COLLIER MALA TIBÉTAIN PIERRE DE LUNE PIERRE 8 MM
      ✅ Image: /images/products/collier-mala-tibétain-pierre-de-lune-pierre-8-mm/image-1.jpeg
   📸 [14] COLLIER AVEC UNE PIERRE EN QUARTZ BLEU
      ✅ Image: /images/products/collier-avec-une-pierre-en-quartz-bleu/image-1.jpeg
   📸 [15] COLLIER TIBÉTAIN AVEC DES PERLES TAILLÉES
      ✅ Image: /images/products/collier-tibétain-avec-des-perles-taillées/image-1.jpeg
   📸 [16] COLLIER TIBETAIN EN TURQUOISE ET LAPIS-LAZULI AVEC
      ✅ Image: /images/products/collier-tibetain-en-turquoise-et-lapis-lazuli-avec-des-perles-taillées/image-1.jpeg

   🔍 Vérification de la page suivante...

📄 Page 23: https://www.khashika.com/eboutique-bijoux-indiens/page/23/
   ✅ 16 produits trouvés
   📸 [1] COLLIER TIBETAIN EN TURQUOISE ET CORAIL AVEC UN PE
      ✅ Image: /images/products/collier-tibetain-en-turquoise-et-corail-avec-un-pendentif-tibétain/image-1.jpeg
   📸 [2] COLLIER TIBETAIN EN LAPIS-LAZULI TURQUOISE ET CORA
      ✅ Image: /images/products/collier-tibetain-en-lapis-lazuli-turquoise-et-corail-avec-un-pendentif/image-1.jpeg
   📸 [3] COLLIER TIBETAIN EN TURQUOISE ET CORAIL
      ✅ Image: /images/products/collier-tibetain-en-turquoise-et-corail/image-1.jpeg
   📸 [4] COLLIER TIBETAIN EN LAPIS-LAZULI TURQUOISE CORAIL
      ✅ Image: /images/products/collier-tibetain-en-lapis-lazuli-turquoise-corail/image-1.jpeg
   📸 [5] PASHMINA COTON/CACHEMIRE ORANGE MOTIF ÉLÉPHANT
      ✅ Image: /images/products/pashmina-cotoncachemire-orange-motif-éléphant/image-1.jpeg
   📸 [6] PASHMINA 100% CACHEMIRE BLEU FONCE
      ✅ Image: /images/products/pashmina-100-cachemire-bleu-fonce/image-1.jpeg
   📸 [7] BRACELET PIERRES DE LAVE ET AGATE
      ✅ Image: /images/products/bracelet-pierres-de-lave-et-agate/image-1.jpeg
   📸 [8] BRACELET PIERRES AMÉTHYSTE ET PIERRE DE LUNE
      ✅ Image: /images/products/bracelet-pierres-améthyste-et-pierre-de-lune/image-1.jpeg
   📸 [9] BRACELET PIERRES AGATE BLANCHE
      ✅ Image: /images/products/bracelet-pierres-agate-blanche/image-1.jpeg
   📸 [10] BRACELET PERLES (BOIS DE ROSE) AVEC TÊTE DE BOUDDH
      ✅ Image: /images/products/bracelet-perles-bois-de-rose-avec-tête-de-bouddha/image-1.jpeg
   📸 [11] BRACELET PIERRE OEIL DU TIGRE
      ✅ Image: /images/products/bracelet-pierre-oeil-du-tigre/image-1.jpeg
   📸 [12] BRACELET PIERRE AMÉTHYSTE
      ✅ Image: /images/products/bracelet-pierre-améthyste/image-1.jpeg
   📸 [13] BRACELET PIERRE AGATE NOIR
      ✅ Image: /images/products/bracelet-pierre-agate-noir/image-1.jpeg
   📸 [14] BRACELET PIERRE AGATE BLANC
      ✅ Image: /images/products/bracelet-pierre-agate-blanc/image-1.jpeg
   📸 [15] BRACELET PIERRE AGATE
      ✅ Image: /images/products/bracelet-pierre-agate/image-1.jpeg
   📸 [16] BRACELET PIERRE AIGUE MARINE 7 CHAKRAS
      ✅ Image: /images/products/bracelet-pierre-aigue-marine-7-chakras/image-1.jpeg

   🔍 Vérification de la page suivante...

📄 Page 24: https://www.khashika.com/eboutique-bijoux-indiens/page/24/
   ✅ 16 produits trouvés
   📸 [1] BRACELET MALA PIERRE CORNALINE PIERRE DE LUNE
      ✅ Image: /images/products/bracelet-mala-pierre-cornaline-pierre-de-lune/image-1.jpeg
   📸 [2] COLLIER TIBÉTAIN NALO DZI FANTAISIE
      ✅ Image: /images/products/collier-tibétain-nalo-dzi-fantaisie/image-1.jpeg
   📸 [3] COLLIER TIBÉTAIN NALO DZI FANTAISIE
      ✅ Image: /images/products/collier-tibétain-nalo-dzi-fantaisie/image-1.jpeg
   📸 [4] COLLIER MALA TIBÉTAIN LAPIS-LAZULI PIERRE 6MM
      ✅ Image: /images/products/collier-mala-tibétain-lapis-lazuli-pierre-6mm/image-1.jpeg
   📸 [5] BRACELET TIBÉTAIN ARGENTÉ PAMPILLES ÉLÉPHANTS
      ✅ Image: /images/products/bracelet-tibétain-argenté-pampilles-éléphants/image-1.jpeg
   📸 [6] BRACELET TIBÉTAIN EN PERLES
      ✅ Image: /images/products/bracelet-tibétain-en-perles/image-1.jpeg
   📸 [7] BRACELET JONC TIBÉTAIN
      ✅ Image: /images/products/bracelet-jonc-tibétain/image-1.jpeg
   📸 [8] BRACELET TIBÉTAIN ARGENTÉ PIERRE TURQUOISE LAPIS-L
      ✅ Image: /images/products/bracelet-tibétain-argenté-pierre-turquoise-lapis-lazulis/image-1.jpeg
   📸 [9] BOUCLES D’OREILLE TIBÉTAINES COLORÉES
      ✅ Image: /images/products/boucles-doreille-tibétaines-colorées/image-1.jpeg
   📸 [10] COLLIER MALA TIBÉTAIN TURQUOISE 108 PERLES
      ✅ Image: /images/products/collier-mala-tibétain-turquoise-108-perles/image-1.jpeg
   📸 [11] COLLIER MALA TIBÉTAIN AMÉTHYSTE
      ✅ Image: /images/products/collier-mala-tibétain-améthyste/image-1.jpeg
   📸 [12] COLLIER TIBETAIN EN LAPIS-LAZULI TURQUOISE ET CORA
      ✅ Image: /images/products/collier-tibetain-en-lapis-lazuli-turquoise-et-corail/image-1.jpeg
   📸 [13] PASHMINA COTON/CACHEMIRE NOIR/PARME
      ✅ Image: /images/products/pashmina-cotoncachemire-noirparme/image-1.jpeg
   📸 [14] CHAINE DE CHEVILLES ARGENT PIERRES DE COULEUR
      ✅ Image: /images/products/chaine-de-chevilles-argent-pierres-de-couleur/image-1.jpeg
   📸 [15] BOUCLES D’OREILLES ARGENT FILIGRANE ET PIERRE DE L
      ✅ Image: /images/products/boucles-doreilles-argent-filigrane-et-pierre-de-lune/image-1.jpeg
   📸 [16] BRACELET SOUPLE ARGENT « AUM » SYMBOLE INDIEN
      ✅ Image: /images/products/bracelet-souple-argent-aum-symbole-indien/image-1.jpeg

   🔍 Vérification de la page suivante...

📄 Page 25: https://www.khashika.com/eboutique-bijoux-indiens/page/25/
   ✅ 16 produits trouvés
   📸 [1] PASHMINA COTON/CACHEMIRE VERT MOTIF DISCRET
      ✅ Image: /images/products/pashmina-cotoncachemire-vert-motif-discret/image-1.jpeg
   📸 [2] BRACELET PIERRES CORNALINE
      ✅ Image: /images/products/bracelet-pierres-cornaline/image-1.jpg
   📸 [3] ANNEAU ETHNIQUE TRAVAILLÉ EN MÉTAL ARGENTÉ
      ✅ Image: /images/products/anneau-ethnique-travaillé-en-métal-argenté/image-1.jpeg
   📸 [4] ANNEAU ETHNIQUE TRAVAILLÉ EN MÉTAL ARGENTÉ
      ✅ Image: /images/products/anneau-ethnique-travaillé-en-métal-argenté/image-1.jpeg
   📸 [5] BOUCLES D’OREILLE TIBÉTAINES COLORÉES
      ✅ Image: /images/products/boucles-doreille-tibétaines-colorées/image-1.jpg
   📸 [6] PORTE-CLÉ LOTUS ARGENTÉ ROND
      ✅ Image: /images/products/porte-clé-lotus-argenté-rond/image-1.jpg
   📸 [7] BRACELET PIERRE TRIPLE PROTECTION OBSIDIENNE/HEMAT
      ✅ Image: /images/products/bracelet-pierre-triple-protection-obsidiennehematiteoeil-du-tigre-10mm/image-1.jpeg
   📸 [8] BRACELET FIN PETITES PIERRES TOURMALINE
      ✅ Image: /images/products/bracelet-fin-petites-pierres-tourmaline/image-1.jpg
   📸 [9] TROUSSE COLORÉE ETHNIQUE
      ✅ Image: /images/products/trousse-colorée-ethnique/image-1.jpeg
   📸 [10] GRAND FOULARD JAUNE EN VISCOSE
      ✅ Image: /images/products/grand-foulard-jaune-en-viscose/image-1.jpeg
   📸 [11] BAGUE ARGENT BROSSÉ CALCÉDOINE
      ✅ Image: /images/products/bague-argent-brossé-calcédoine/image-1.jpeg
   📸 [12] BAGUE FINE ARGENT 2 TOPAZES TAILLÉES
      ✅ Image: /images/products/bague-fine-argent-2-topazes-taillées/image-1.jpeg
   📸 [13] BAGUE ARGENT FINE MARTELÉE ET RUBIS INDIEN
      ✅ Image: /images/products/bague-argent-fine-martelée-et-rubis-indien/image-1.jpeg
   📸 [14] BAGUE ARGENT FINE RÉGLABLE
      ✅ Image: /images/products/bague-argent-fine-réglable/image-1.jpeg
   📸 [15] BRACELET RIGIDE ARGENTÉ
      ✅ Image: /images/products/bracelet-rigide-argenté/image-1.jpeg
   📸 [16] BRACELET ARGENT ET UNE PIERRE EN SMOCKS QUARTZ
      ✅ Image: /images/products/bracelet-argent-et-une-pierre-en-smocks-quartz/image-1.jpeg

   🔍 Vérification de la page suivante...

📄 Page 26: https://www.khashika.com/eboutique-bijoux-indiens/page/26/
   ✅ 16 produits trouvés
   📸 [1] BRACELET ARGENT 10 PIERRES OVALES EN PIERRE DE LUN
      ✅ Image: /images/products/bracelet-argent-10-pierres-ovales-en-pierre-de-lune/image-1.jpeg
   📸 [2] BRACELET ARGENT GRANDES PIERRES EN CORNALINE
      ✅ Image: /images/products/bracelet-argent-grandes-pierres-en-cornaline/image-1.jpeg
   📸 [3] BAGUE RÉGLABLE ARGENTÉE PIERRE EN ONYX VERT
      ✅ Image: /images/products/bague-réglable-argentée-pierre-en-onyx-vert/image-1.jpeg
   📸 [4] BAGUE RÉGLABLE DORÉE PIERRE EN QUARTZ ROSE
      ✅ Image: /images/products/bague-réglable-dorée-pierre-en-quartz-rose/image-1.jpeg
   📸 [5] BAGUE FLEUR RÉGLABLE DORÉE TURQUOISE
      ✅ Image: /images/products/bague-fleur-réglable-dorée-turquoise/image-1.jpeg
   📸 [6] BAGUE RÉGLABLE DORÉE TURQUOISE
      ✅ Image: /images/products/bague-réglable-dorée-turquoise/image-1.jpeg
   📸 [7] POCHETTE INDIENNE BRODÉE AVEC DES POMPONS
      ✅ Image: /images/products/pochette-indienne-brodée-avec-des-pompons/image-1.jpeg
   📸 [8] FOULARD NOIR ET ORANGE À FLEURS EN COTON
      ✅ Image: /images/products/foulard-noir-et-orange-à-fleurs-en-coton/image-1.jpeg
   📸 [9] FOULARD BLEU -MARINE À FLEURS EN COTON
      ✅ Image: /images/products/foulard-bleu-marine-à-fleurs-en-coton/image-1.jpeg
   📸 [10] ETOLE 100% COTON ROUGE AVEC MOTIFS
      ✅ Image: /images/products/etole-100-coton-rouge-avec-motifs/image-1.jpeg
   📸 [11] BOUCLES D’OREILLES ARGENT PIERRE DE LUNE TYPIQUE
      ✅ Image: /images/products/boucles-doreilles-argent-pierre-de-lune-typique/image-1.jpeg
   📸 [12] BOUCLES D’OREILLES ARGENT PIERRE DE LUNE TYPIQUE
      ✅ Image: /images/products/boucles-doreilles-argent-pierre-de-lune-typique/image-1.jpeg
   📸 [13] CRÉOLES ETHNIQUES ARGENTE ET PIERRE TURQUOISE
      ✅ Image: /images/products/créoles-ethniques-argente-et-pierre-turquoise/image-1.jpeg
   📸 [14] BOUCLES D’OREILLES ARGENT AMÉTHYSTE
      ✅ Image: /images/products/boucles-doreilles-argent-améthyste/image-1.jpeg
   📸 [15] GRANDES CRÉOLES EN LAITON
      ✅ Image: /images/products/grandes-créoles-en-laiton/image-1.jpeg
   📸 [16] BOUCLES D’OREILLES ARGENT FILIGRANE
      ✅ Image: /images/products/boucles-doreilles-argent-filigrane/image-1.jpeg

   🔍 Vérification de la page suivante...

📄 Page 27: https://www.khashika.com/eboutique-bijoux-indiens/page/27/
   ✅ 16 produits trouvés
   📸 [1] BRACELET JONC ARGENTE
      ✅ Image: /images/products/bracelet-jonc-argente/image-1.jpeg
   📸 [2] BRACELET JONC ARGENTE AVEC 1 PIERRE ONYX NOIR
      ✅ Image: /images/products/bracelet-jonc-argente-avec-1-pierre-onyx-noir/image-1.jpeg
   📸 [3] BRACELET JONC ARGENTE AVEC 2 PIERRES VERTES EN AGA
      ✅ Image: /images/products/bracelet-jonc-argente-avec-2-pierres-vertes-en-agate/image-1.jpeg
   📸 [4] BRACELET JONC ARGENTE AVEC 2 PIERRES EN AMÉTHYSTE
      ✅ Image: /images/products/bracelet-jonc-argente-avec-2-pierres-en-améthyste/image-1.jpeg
   📸 [5] BRACELET JONC ARGENTE AVEC 1 PIERRE DE LUNE
      ✅ Image: /images/products/bracelet-jonc-argente-avec-1-pierre-de-lune/image-1.jpeg
   📸 [6] BRACELET JONC ARGENTE AVEC 1 PIERRE TURQUOISE
      ✅ Image: /images/products/bracelet-jonc-argente-avec-1-pierre-turquoise/image-1.jpeg
   📸 [7] BRACELET ARGENT LABRADORITE
      ✅ Image: /images/products/bracelet-argent-labradorite/image-1.jpeg
   📸 [8] BRACELET ARGENT ET PIERRES CORNALINE
      ✅ Image: /images/products/bracelet-argent-et-pierres-cornaline/image-1.jpeg
   📸 [9] BRACELET PIERRES PIERRE DE LUNE AVEC TÊTE DE BOUDD
      ✅ Image: /images/products/bracelet-pierres-pierre-de-lune-avec-tête-de-bouddha/image-1.jpeg
   📸 [10] BRACELET EN ARGENT ET PIERRE LAPIS-LAZULI
      ✅ Image: /images/products/bracelet-en-argent-et-pierre-lapis-lazuli/image-1.jpeg
   📸 [11] BRACELET PIERRES ONYX NOIR ET HEMATITE
      ✅ Image: /images/products/bracelet-pierres-onyx-noir-et-hematite/image-1.jpeg
   📸 [12] BRACELET PIERRES HEMATITE JADE AGATE ET CITRINE
      ✅ Image: /images/products/bracelet-pierres-hematite-jade-agate-et-citrine/image-1.jpeg
   📸 [13] ETOLE 100% COTON NOIR GRIS ET ROUGE
      ✅ Image: /images/products/etole-100-coton-noir-gris-et-rouge/image-1.jpeg
   📸 [14] PASHMINA CACHEMIRE ET SOIE NOIR
      ✅ Image: /images/products/pashmina-cachemire-et-soie-noir/image-1.jpeg
   📸 [15] PENDENTIF ARGENT TURQUOISE
      ✅ Image: /images/products/pendentif-argent-turquoise/image-1.jpeg
   📸 [16] PENDENTIF ARGENT LAPIS-LAZULI
      ✅ Image: /images/products/pendentif-argent-lapis-lazuli/image-1.jpeg

   🔍 Vérification de la page suivante...

📄 Page 28: https://www.khashika.com/eboutique-bijoux-indiens/page/28/
   ✅ 16 produits trouvés
   📸 [1] PETITE BOUCLE D’OREILLE EN ARGENT ET PIERRE AMÉTHY
      ✅ Image: /images/products/petite-boucle-doreille-en-argent-et-pierre-améthyste/image-1.jpeg
   📸 [2] PETIT CARNET AVEC FEUILLES DE PAPIER RECYCLÉES
      ✅ Image: /images/products/petit-carnet-avec-feuilles-de-papier-recyclées/image-1.jpeg
   📸 [3] MARQUE PAGE EN BOIS DÉCOR OISEAU
      ✅ Image: /images/products/marque-page-en-bois-décor-oiseau/image-1.jpeg
   📸 [4] PASHMINA VERT CACHEMIRE ET SOIE
      ✅ Image: /images/products/pashmina-vert-cachemire-et-soie/image-1.jpeg
   📸 [5] PENDENTIF ARGENT « AUM » SYMBOLE INDIEN
      ✅ Image: /images/products/pendentif-argent-aum-symbole-indien/image-1.jpeg
   📸 [6] PASHMINA CACHEMIRE ET SOIE VERT MOTIFS ÉLÉPHANT
      ✅ Image: /images/products/pashmina-cachemire-et-soie-vert-motifs-éléphant/image-1.jpeg
   📸 [7] PASHMINA CACHEMIRE ET SOIE ROUGE MOTIFS ÉLÉPHANT
      ✅ Image: /images/products/pashmina-cachemire-et-soie-rouge-motifs-éléphant/image-1.jpeg
   📸 [8] ETOLE 100% COTON TAUPE TURQUOISE AVEC MOTIFS
      ✅ Image: /images/products/etole-100-coton-taupe-turquoise-avec-motifs/image-1.jpeg
   📸 [9] ETOLE 100% COTON ROUGE AVEC MOTIFS
      ✅ Image: /images/products/etole-100-coton-rouge-avec-motifs/image-1.jpeg
   📸 [10] POCHETTE BRODÉE PATCHWORK
      ✅ Image: /images/products/pochette-brodée-patchwork/image-1.jpeg
   📸 [11] POCHETTE BRODÉE À LA MAIN AVEC POMPONS
      ✅ Image: /images/products/pochette-brodée-à-la-main-avec-pompons/image-1.jpeg
   📸 [12] POCHETTE BRODÉE POMPONS
      ✅ Image: /images/products/pochette-brodée-pompons/image-1.jpeg
   📸 [13] CHOUCHOU CHEVEUX ROSE AVEC MOTIFS DE COULEUR
      ✅ Image: /images/products/chouchou-cheveux-rose-avec-motifs-de-couleur/image-1.jpeg
   📸 [14] FOULARD BANDANA BEIGE ET ROSE
      ✅ Image: /images/products/foulard-bandana-beige-et-rose/image-1.jpeg
   📸 [15] BOUCLES D’OREILLES DORÉES POMPON JAUNE
      ✅ Image: /images/products/boucles-doreilles-dorées-pompon-jaune/image-1.jpeg
   📸 [16] ANNEAU ETHNIQUE TRAVAILLÉ EN MÉTAL ARGENTÉ
      ✅ Image: /images/products/anneau-ethnique-travaillé-en-métal-argenté/image-1.jpeg

   🔍 Vérification de la page suivante...

📄 Page 29: https://www.khashika.com/eboutique-bijoux-indiens/page/29/
   ✅ 16 produits trouvés
   📸 [1] BOUCLE D’OREILLE 3 CRÉOLES ET PIERRE EN PÉRIDOT
      ✅ Image: /images/products/boucle-doreille-3-créoles-et-pierre-en-péridot/image-1.jpeg
   📸 [2] CRÉOLES ARGENT FINE ET PIERRE EN QUARTZ ROSE
      ✅ Image: /images/products/créoles-argent-fine-et-pierre-en-quartz-rose/image-1.jpeg
   📸 [3] BOUCLE D’OREILLE ARGENT RHODOCHROSITE
      ✅ Image: /images/products/boucle-doreille-argent-rhodochrosite/image-1.jpeg
   📸 [4] BOUCLES D’OREILLES PERLES NOIRES, VERTES
      ✅ Image: /images/products/boucles-doreilles-perles-noires-vertes/image-1.jpeg
   📸 [5] BAGUE FINE PLAQUÉ ARGENT QUARTZ ROSE
      ✅ Image: /images/products/bague-fine-plaqué-argent-quartz-rose/image-1.jpeg
   📸 [6] BAGUE FINE PLAQUÉ ARGENT ET AGATE VERTE
      ✅ Image: /images/products/bague-fine-plaqué-argent-et-agate-verte/image-1.jpeg
   📸 [7] BRACELET CAURI ET PERLES TURQUOISES
      ✅ Image: /images/products/bracelet-cauri-et-perles-turquoises/image-1.jpeg
   📸 [8] BRACELET ARGENT ET PETITE PIERRE QUARTZ ROSE
      ✅ Image: /images/products/bracelet-argent-et-petite-pierre-quartz-rose/image-1.jpeg
   📸 [9] BRACELET ARGENT ET ÉMERAUDE
      ✅ Image: /images/products/bracelet-argent-et-émeraude/image-1.jpeg
   📸 [10] BRACELET ARGENT ET AMÉTHYSTE
      ✅ Image: /images/products/bracelet-argent-et-améthyste/image-1.jpeg
   📸 [11] BRACELET FIN ARGENT PLUME
      ✅ Image: /images/products/bracelet-fin-argent-plume/image-1.jpeg
   📸 [12] CHAINE DE CHEVILLES ARGENTÉE
      ✅ Image: /images/products/chaine-de-chevilles-argentée/image-1.jpeg
   📸 [13] BRACELET DE CHEVILLE OU DE BRAS PERLES NOIRES
      ✅ Image: /images/products/bracelet-de-cheville-ou-de-bras-perles-noires/image-1.jpeg
   📸 [14] CHAINE DE CHEVILLES ARGENTÉE PERLES COULEUR
      ✅ Image: /images/products/chaine-de-chevilles-argentée-perles-couleur/image-1.jpeg
   📸 [15] CHAINE DE CHEVILLES ARGENTÉE PERLES TURQUOISE
      ✅ Image: /images/products/chaine-de-chevilles-argentée-perles-turquoise/image-1.jpeg
   📸 [16] BRACELET JONC RÉGLABLE
      ✅ Image: /images/products/bracelet-jonc-réglable/image-1.jpeg

   🔍 Vérification de la page suivante...

📄 Page 30: https://www.khashika.com/eboutique-bijoux-indiens/page/30/
   ✅ 16 produits trouvés
   📸 [1] JONC INDIEN EN BOIS NOIR PAON
      ✅ Image: /images/products/jonc-indien-en-bois-noir-paon/image-1.jpeg
   📸 [2] BRACELET PIERRE DU SOLEIL
      ✅ Image: /images/products/bracelet-pierre-du-soleil/image-1.jpeg
   📸 [3] BRACELET PIERRES PÉRIDOT
      ✅ Image: /images/products/bracelet-pierres-péridot/image-1.jpeg
   📸 [4] COLLIER RAS DE COU EN TOPAZE BLEUE
      ✅ Image: /images/products/collier-ras-de-cou-en-topaze-bleue/image-1.jpeg
   📸 [5] COLLIER RAS DU COU PIERRES MALACHITE
      ✅ Image: /images/products/collier-ras-du-cou-pierres-malachite/image-1.jpeg
   📸 [6] COLLIER TIBETAIN EN LAPIS-LAZULI TURQUOISE CORAIL
      ✅ Image: /images/products/collier-tibetain-en-lapis-lazuli-turquoise-corail/image-1.jpeg
   📸 [7] FOULARD BANDANA VERT ET BLEU
      ✅ Image: /images/products/foulard-bandana-vert-et-bleu/image-1.jpeg
   📸 [8] JONC EN ARGENT MAT CISELÉ
      ✅ Image: /images/products/jonc-en-argent-mat-ciselé/image-1.jpeg
   📸 [9] JONC EN ARGENT
      ✅ Image: /images/products/jonc-en-argent/image-1.jpeg
   📸 [10] BRACELET RIGIDE EN LAITON
      ✅ Image: /images/products/bracelet-rigide-en-laiton/image-1.jpeg
   📸 [11] BRACELET RIGIDE ARGENTÉ PLUME
      ✅ Image: /images/products/bracelet-rigide-argenté-plume/image-1.jpeg
   📸 [12] BRACELET SOUPLE EN ARGENT
      ✅ Image: /images/products/bracelet-souple-en-argent/image-1.jpeg
   📸 [13] BRACELET ARGENT PIERRE DE LUNE
      ✅ Image: /images/products/bracelet-argent-pierre-de-lune/image-1.jpeg
   📸 [14] BRACELET ARGENT AMETHYSTE
      ✅ Image: /images/products/bracelet-argent-amethyste/image-1.jpeg
   📸 [15] BRACELET ARGENT AMETHYSTE
      ✅ Image: /images/products/bracelet-argent-amethyste/image-1.jpeg
   📸 [16] BOUCLES D’OREILLES ARGENT AIGUE MARINE
      ✅ Image: /images/products/boucles-doreilles-argent-aigue-marine/image-1.jpeg

   🔍 Vérification de la page suivante...

📄 Page 31: https://www.khashika.com/eboutique-bijoux-indiens/page/31/
   ✅ 16 produits trouvés
   📸 [1] PENDENTIF ARGENT « AUM » SYMBOLE INDIEN
      ✅ Image: /images/products/pendentif-argent-aum-symbole-indien/image-1.jpeg
   📸 [2] BOUCLES D’OREILLES ARGENT QUARTZ ROSE
      ✅ Image: /images/products/boucles-doreilles-argent-quartz-rose/image-1.jpeg
   📸 [3] BOUCLES D’OREILLES ARGENT RONDE ET PÉRIDOT TAILLÉ
      ✅ Image: /images/products/boucles-doreilles-argent-ronde-et-péridot-taillé/image-1.jpeg
   📸 [4] BOUCLES D’OREILLES ARGENT ET PIERRE AGATE VERTE
      ✅ Image: /images/products/boucles-doreilles-argent-et-pierre-agate-verte/image-1.jpeg
   📸 [5] ETOLE 100% COTON BLANC À FLEURS
      ✅ Image: /images/products/etole-100-coton-blanc-à-fleurs/image-1.jpeg
   📸 [6] BRACELET JONC DORÉ RÉGLABLE CORAIL
      ✅ Image: /images/products/bracelet-jonc-doré-réglable-corail/image-1.jpeg
   📸 [7] FOULARD EN SOIE ROUGE ET BLEU
      ✅ Image: /images/products/foulard-en-soie-rouge-et-bleu/image-1.jpeg
   📸 [8] CHOUCHOU CHEVEUX ROSE ET MARRON À MOTIFS
      ✅ Image: /images/products/chouchou-cheveux-rose-et-marron-à-motifs/image-1.jpeg
   📸 [9] PIC À CHEVEUX ÉLÉPHANT
      ✅ Image: /images/products/pic-à-cheveux-éléphant/image-1.jpeg
   📸 [10] ANNEAU ETHNIQUE LAITON ET CUIVRE
      ✅ Image: /images/products/anneau-ethnique-laiton-et-cuivre/image-1.jpeg
   📸 [11] BAGUE LAITON DORÉ RÉGLABLE 2 BOULES
      ✅ Image: /images/products/bague-laiton-doré-réglable-2-boules/image-1.jpeg
   📸 [12] BOUCLES D’OREILLES ARGENTÉES ET PIERRE LAPIS-LAZUL
      ✅ Image: /images/products/boucles-doreilles-argentées-et-pierre-lapis-lazuli/image-1.jpeg
   📸 [13] BOUCLES D’OREILLES ARGENT TRIANGLE ET PÉRIDOT TAIL
      ✅ Image: /images/products/boucles-doreilles-argent-triangle-et-péridot-taillé/image-1.jpeg
   📸 [14] PETITES CRÉOLES ARGENT GRENAT
      ✅ Image: /images/products/petites-créoles-argent-grenat/image-1.jpeg
   📸 [15] CHAÎNE FINE EN ARGENT 45 CM
      ✅ Image: /images/products/chaîne-fine-en-argent-45-cm/image-1.jpeg
   📸 [16] BOUCLES D’OREILLES MEENAKARI NOIRES ET ROUGES
      ✅ Image: /images/products/boucles-doreilles-meenakari-noires-et-rouges/image-1.jpeg

   🔍 Vérification de la page suivante...

📄 Page 32: https://www.khashika.com/eboutique-bijoux-indiens/page/32/
   ✅ 16 produits trouvés
   📸 [1] CREOLES EN LAITON
      ✅ Image: /images/products/creoles-en-laiton/image-1.jpeg
   📸 [2] BRACELET JONC EN PLAQUÉ ARGENT AVEC DEUX RUBIS IND
      ✅ Image: /images/products/bracelet-jonc-en-plaqué-argent-avec-deux-rubis-indien/image-1.jpeg
   📸 [3] BRACELET JONC ARGENTE AVEC 1 PIERRE RUBIS INDIEN
      ✅ Image: /images/products/bracelet-jonc-argente-avec-1-pierre-rubis-indien/image-1.jpeg
   📸 [4] BRACELET SOUPLE ARGENT FIN ANNEAU
      ✅ Image: /images/products/bracelet-souple-argent-fin-anneau/image-1.jpeg
   📸 [5] BRACELET SOUPLE ARGENT FIN FLEUR DE VIE
      ✅ Image: /images/products/bracelet-souple-argent-fin-fleur-de-vie/image-1.jpeg
   📸 [6] CREOLES EN LAITON ET PIERRE LAPIS-LAZULI
      ✅ Image: /images/products/creoles-en-laiton-et-pierre-lapis-lazuli/image-1.jpeg
   📸 [7] CREOLES EN LAITON ET PIERRE TURQUOISE
      ✅ Image: /images/products/creoles-en-laiton-et-pierre-turquoise/image-1.jpeg
   📸 [8] POCHETTE EN COTON BLANC ET MOTIFS DE COULEUR
      ✅ Image: /images/products/pochette-en-coton-blanc-et-motifs-de-couleur/image-1.jpeg
   📸 [9] POCHETTE EN COTON BLANC ET NOIR
      ✅ Image: /images/products/pochette-en-coton-blanc-et-noir/image-1.jpeg
   📸 [10] POCHETTE EN COTON NOIR ET BLANC
      ✅ Image: /images/products/pochette-en-coton-noir-et-blanc/image-1.jpeg
   📸 [11] PASHMINA CACHEMIRE/SOIE NOIR/ROUGE/BLANC
      ✅ Image: /images/products/pashmina-cachemiresoie-noirrougeblanc/image-1.jpeg
   📸 [12] PASHMINA 100% CACHEMIRE BORDEAUX
      ✅ Image: /images/products/pashmina-100-cachemire-bordeaux/image-1.jpeg
   📸 [13] PASHMINA 100% CACHEMIRE ROSE
      ✅ Image: /images/products/pashmina-100-cachemire-rose/image-1.jpeg
   📸 [14] ETOLE 100% COTON BLEU
      ✅ Image: /images/products/etole-100-coton-bleu/image-1.jpeg
   📸 [15] CHAINE DE CHEVILLES ARGENTÉE COEUR
      ✅ Image: /images/products/chaine-de-chevilles-argentée-coeur/image-1.jpeg
   📸 [16] CHAINE DE CHEVILLES ARGENTÉE PAPILLON
      ✅ Image: /images/products/chaine-de-chevilles-argentée-papillon/image-1.jpeg

   🔍 Vérification de la page suivante...

📄 Page 33: https://www.khashika.com/eboutique-bijoux-indiens/page/33/
   ✅ 16 produits trouvés
   📸 [1] BOUCLES D’OREILLES ARGENT GRENAT
      ✅ Image: /images/products/boucles-doreilles-argent-grenat/image-1.jpeg
   📸 [2] BAGUE AJUSTABLE ARGENT PIERRE DE LUNE
      ✅ Image: /images/products/bague-ajustable-argent-pierre-de-lune/image-1.jpeg
   📸 [3] BRACELET JONC DORÉ RÉGLABLE CORAIL
      ✅ Image: /images/products/bracelet-jonc-doré-réglable-corail/image-1.jpeg
   📸 [4] BRACELET TIBETAIN TURQUOISE
      ✅ Image: /images/products/bracelet-tibetain-turquoise/image-1.jpeg
   📸 [5] COLLIER TIBETAIN TURQUOISE ET CORAIL LAPIS-LAZULI
      ✅ Image: /images/products/collier-tibetain-turquoise-et-corail-lapis-lazuli/image-1.jpeg
   📸 [6] JOLI COLLIER TIBETAIN TURQUOISE ET CORAIL
      ✅ Image: /images/products/joli-collier-tibetain-turquoise-et-corail/image-1.jpeg
   📸 [7] BRACELET FIN ARGENTÉ AVEC DU CORAIL
      ✅ Image: /images/products/bracelet-fin-argenté-avec-du-corail/image-1.jpeg
   📸 [8] COLLIER PENDENTIF ETHNIQUE EN LAITON
      ✅ Image: /images/products/collier-pendentif-ethnique-en-laiton/image-1.jpeg
   📸 [9] BRACELET JONC ARGENTE RÉGLABLE STYLE FLÈCHES
      ✅ Image: /images/products/bracelet-jonc-argente-réglable-style-flèches/image-1.jpeg
   📸 [10] BOUCLES D’OREILLES ARGENT LAPIS-LAZULI
      ✅ Image: /images/products/boucles-doreilles-argent-lapis-lazuli/image-1.jpeg
   📸 [11] BRACELET INDIEN ARGENTÉ PIERRE CORAIL
      ✅ Image: /images/products/bracelet-indien-argenté-pierre-corail/image-1.jpeg
   📸 [12] BRACELET PIERRES 7 CHAKRAS
      ✅ Image: /images/products/bracelet-pierres-7-chakras/image-1.jpeg
   📸 [13] CREOLES EN LAITON
      ✅ Image: /images/products/creoles-en-laiton/image-1.jpeg
   📸 [14] BRACELET PIERRE DE LAVE 7 CHAKRA ET BOUDDHA
      ✅ Image: /images/products/bracelet-pierre-de-lave-7-chakra-et-bouddha/image-1.jpeg
   📸 [15] BRACELET AGATE PERLE ARGENT
      ✅ Image: /images/products/bracelet-agate-perle-argent/image-1.jpeg
   📸 [16] BRACELET CRISTAL PIERRE DE LUNE ET UNE PERLE FANTA
      ✅ Image: /images/products/bracelet-cristal-pierre-de-lune-et-une-perle-fantaisie-blanche/image-1.jpeg

   🔍 Vérification de la page suivante...

📄 Page 34: https://www.khashika.com/eboutique-bijoux-indiens/page/34/
   ✅ 16 produits trouvés
   📸 [1] CHAINE DE CHEVILLES ARGENT
      ✅ Image: /images/products/chaine-de-chevilles-argent/image-1.jpeg
   📸 [2] BAGUE ARGENT PIERRE RUBIS INDIEN
      ✅ Image: /images/products/bague-argent-pierre-rubis-indien/image-1.jpeg
   📸 [3] BRACELET ARGENT AMETHYSTE
      ✅ Image: /images/products/bracelet-argent-amethyste/image-1.jpeg
   📸 [4] BRACELET ARGENT OEIL DU TIGRE
      ✅ Image: /images/products/bracelet-argent-oeil-du-tigre/image-1.jpeg
   📸 [5] BRACELET QUARTZ ROSE FERMOIR PERLE
      ✅ Image: /images/products/bracelet-quartz-rose-fermoir-perle/image-1.jpeg
   📸 [6] BRACELET ARGENT CORNALINE OEIL DU TIGRE ONYX QUART
      ✅ Image: /images/products/bracelet-argent-cornaline-oeil-du-tigre-onyx-quartz/image-1.jpeg
   📸 [7] BRACELET PIERRE ONYX NOIR AVEC CORDON AJUSTABLE
      ✅ Image: /images/products/bracelet-pierre-onyx-noir-avec-cordon-ajustable/image-1.jpeg
   📸 [8] BRACELET CHAINETTE ARGENT ET PIERRE PIERRE DE LUNE
      ✅ Image: /images/products/bracelet-chainette-argent-et-pierre-pierre-de-lune/image-1.jpeg
   📸 [9] ÉTOLE MARRON 100% COTON AVEC NUANCE DE COULEUR
      ✅ Image: /images/products/étole-marron-100-coton-avec-nuance-de-couleur/image-1.jpeg
   📸 [10] ÉTOLE MAUVE 100% COTON AVEC NUANCE DE COULEUR
      ✅ Image: /images/products/étole-mauve-100-coton-avec-nuance-de-couleur/image-1.jpeg
   📸 [11] ÉTOLE VERTE 100% COTON AVEC NUANCE DE COULEUR
      ✅ Image: /images/products/étole-verte-100-coton-avec-nuance-de-couleur/image-1.jpeg
   📸 [12] FOULARD 100% COTON ROUGE ET MOTIFS
      ✅ Image: /images/products/foulard-100-coton-rouge-et-motifs/image-1.jpeg
   📸 [13] BRACELET JADE BIRMANIE
      ✅ Image: /images/products/bracelet-jade-birmanie/image-1.jpeg
   📸 [14] BRACELET ONYX NOIR BOUDDHA
      ✅ Image: /images/products/bracelet-onyx-noir-bouddha/image-1.jpeg
   📸 [15] PENDENTIF ARGENT LAPIS-LAZULI AVEC SON CORDON EN C
      ✅ Image: /images/products/pendentif-argent-lapis-lazuli-avec-son-cordon-en-cuir-noir/image-1.jpeg
   📸 [16] PENDENTIF ARGENT CORNALINE
      ✅ Image: /images/products/pendentif-argent-cornaline/image-1.jpeg

   🔍 Vérification de la page suivante...

📄 Page 35: https://www.khashika.com/eboutique-bijoux-indiens/page/35/
   ✅ 16 produits trouvés
   📸 [1] PENDENTIF ARGENT « OM »
      ✅ Image: /images/products/pendentif-argent-om-/image-1.jpeg
   📸 [2] BAGUE ARGENT PIERRE TURQUOISE
      ✅ Image: /images/products/bague-argent-pierre-turquoise/image-1.jpeg
   📸 [3] BAGUE ARGENT PIERRE LAPIS-LAZULI
      ✅ Image: /images/products/bague-argent-pierre-lapis-lazuli/image-1.jpeg
   📸 [4] BAGUE ARGENT TURQUOISE RÉGLABLE
      ✅ Image: /images/products/bague-argent-turquoise-réglable/image-1.jpeg
   📸 [5] BRACELET INDIEN FANTAISIE
      ✅ Image: /images/products/bracelet-indien-fantaisie/image-1.jpeg
   📸 [6] BRACELET INDIEN FANTAISIE
      ✅ Image: /images/products/bracelet-indien-fantaisie/image-1.jpeg
   📸 [7] BOUCLES D’OREILLES ARGENT TURQUOISE
      ✅ Image: /images/products/boucles-doreilles-argent-turquoise/image-1.jpeg
   📸 [8] BAGUE ARGENT PIERRE DE LUNE
      ✅ Image: /images/products/bague-argent-pierre-de-lune/image-1.jpeg
   📸 [9] BAGUE ARGENT ONYX NOIR
      ✅ Image: /images/products/bague-argent-onyx-noir/image-1.jpeg
   📸 [10] JOLI BAGUE ARGENT ONYX NOIR
      ✅ Image: /images/products/joli-bague-argent-onyx-noir/image-1.jpeg
   📸 [11] BRACELET ARGENT GRENAT
      ✅ Image: /images/products/bracelet-argent-grenat/image-1.jpeg
   📸 [12] BRACELET ARGENT SMOKY QUARTZ
      ✅ Image: /images/products/bracelet-argent-smoky-quartz/image-1.jpeg
   📸 [13] BRACELET ARGENT ONYX NOIR
      ✅ Image: /images/products/bracelet-argent-onyx-noir/image-1.jpeg
   📸 [14] BRACELET ARGENT AVEC PIERRE ONYX NOIR
      ✅ Image: /images/products/bracelet-argent-avec-pierre-onyx-noir/image-1.jpeg
   📸 [15] PENDENTIF ARGENT ELEPHANT AVEC SON CORDON EN CUIR 
      ✅ Image: /images/products/pendentif-argent-elephant-avec-son-cordon-en-cuir-noir/image-1.jpeg
   📸 [16] BRACELET ARGENT ONYX NOIR
      ✅ Image: /images/products/bracelet-argent-onyx-noir/image-1.jpeg

   🔍 Vérification de la page suivante...

📄 Page 36: https://www.khashika.com/eboutique-bijoux-indiens/page/36/
   ✅ 16 produits trouvés
   📸 [1] BRACELET CRISTAL FERMOIR PERLE
      ✅ Image: /images/products/bracelet-cristal-fermoir-perle/image-1.jpeg
   📸 [2] BRACELET PIERRES DE LAVE ET 7 CHAKRAS
      ✅ Image: /images/products/bracelet-pierres-de-lave-et-7-chakras/image-1.jpeg
   📸 [3] BOUCLES D’OREILLES ARGENT JADE
      ✅ Image: /images/products/boucles-doreilles-argent-jade/image-1.jpeg
   📸 [4] CLOUS D’OREILLES ARGENT LAPIS-LAZULI BIJOU FACILE 
      ✅ Image: /images/products/clous-doreilles-argent-lapis-lazuli-bijou-facile-à-porter/image-1.jpeg
   📸 [5] CLOUS D’OREILLES ARGENT ONYX VERT
      ✅ Image: /images/products/clous-doreilles-argent-onyx-vert/image-1.jpeg
   📸 [6] COLLIER TIBETAIN TURQUOISE ET CORAIL
      ✅ Image: /images/products/collier-tibetain-turquoise-et-corail/image-1.jpeg
   📸 [7] PENDENTIF ARGENT LAPIS-LAZULI NON POLI AVEC SON CO
      ✅ Image: /images/products/pendentif-argent-lapis-lazuli-non-poli-avec-son-cordon-en-cuir-noir/image-1.jpeg
   📸 [8] PENDENTIF ARGENT ONYX VERT AVEC SON CORDON EN CUIR
      ✅ Image: /images/products/pendentif-argent-onyx-vert-avec-son-cordon-en-cuir-noir/image-1.jpeg
   📸 [9] GRAND PENDENTIF ARGENT ONYX NOIR AVEC CORDON CUIR 
      ✅ Image: /images/products/grand-pendentif-argent-onyx-noir-avec-cordon-cuir-noir/image-1.jpeg
   📸 [10] BOUCLES D’OREILLES ARGENT ARBRE DE VIE ONYX NOIR
      ✅ Image: /images/products/boucles-doreilles-argent-arbre-de-vie-onyx-noir/image-1.jpeg
   📸 [11] BOUCLES D’OREILLES ARGENT ARBRE DE VIE PIERRE DE L
      ✅ Image: /images/products/boucles-doreilles-argent-arbre-de-vie-pierre-de-lune/image-1.jpeg
   📸 [12] BOUCLES D’OREILLES ARGENT ELEPHANT PIERRE DE LUNE
      ✅ Image: /images/products/boucles-doreilles-argent-elephant-pierre-de-lune/image-1.jpeg
   📸 [13] BOUCLES D’OREILLES ARGENT ONYX NOIR
      ✅ Image: /images/products/boucles-doreilles-argent-onyx-noir/image-1.jpeg
   📸 [14] PENDENTIF ARGENT AMÉTHYSTE
      ✅ Image: /images/products/pendentif-argent-améthyste/image-1.jpeg
   📸 [15] PENDENTIF ARGENT CITRINE AVEC SON CORDON EN CUIR N
      ✅ Image: /images/products/pendentif-argent-citrine-avec-son-cordon-en-cuir-noir/image-1.jpeg
   📸 [16] PENDENTIF ARGENT CORNALINE AVEC SON CORDON EN CUIR
      ✅ Image: /images/products/pendentif-argent-cornaline-avec-son-cordon-en-cuir-noir/image-1.jpeg

   🔍 Vérification de la page suivante...

📄 Page 37: https://www.khashika.com/eboutique-bijoux-indiens/page/37/
   ✅ 16 produits trouvés
   📸 [1] PENDENTIF ARGENT FILIGRANE AMÉTHYSTE
      ✅ Image: /images/products/pendentif-argent-filigrane-améthyste/image-1.jpeg
   📸 [2] BRACELET ARGENT ONYX VERT
      ✅ Image: /images/products/bracelet-argent-onyx-vert/image-1.jpeg
   📸 [3] BELLE BAGUE FINE EN ARGENT ET PERIDOT
      ✅ Image: /images/products/belle-bague-fine-en-argent-et-peridot/image-1.jpeg
   📸 [4] FINE BAGUE ARGENT PERIDOT
      ✅ Image: /images/products/fine-bague-argent-peridot/image-1.jpeg
   📸 [5] BRACELET PIERRES ONYX NOIR
      ✅ Image: /images/products/bracelet-pierres-onyx-noir/image-1.jpg
   📸 [6] BOUCLES D’OREILLES ARGENT FILIGRANE ET CORAIL
      ✅ Image: /images/products/boucles-doreilles-argent-filigrane-et-corail/image-1.jpeg
   📸 [7] PENDENTIF OVAL EN ARGENT MARTELÉ
      ✅ Image: /images/products/pendentif-oval-en-argent-martelé/image-1.jpeg
   📸 [8] CHAINE DE CHEVILLES PERLES DE COULEUR CORDON RÉGLA
      ✅ Image: /images/products/chaine-de-chevilles-perles-de-couleur-cordon-réglable/image-1.jpeg
   📸 [9] CHAINE DE CHEVILLES FINE ARGENTÉE MAT DOUBLES MAIL
      ✅ Image: /images/products/chaine-de-chevilles-fine-argentée-mat-doubles-mailles-papillon/image-1.jpeg
   📸 [10] CHAINE DE CHEVILLES FINE ARGENTÉE MAT DOUBLES MAIL
      ✅ Image: /images/products/chaine-de-chevilles-fine-argentée-mat-doubles-mailles/image-1.jpeg
   📸 [11] CLOUS D’OREILLES ARGENT AIGUE MARINE
      ✅ Image: /images/products/clous-doreilles-argent-aigue-marine/image-1.jpeg
   📸 [12] BOUCLES D’OREILLES ARGENT GRENAT
      ✅ Image: /images/products/boucles-doreilles-argent-grenat/image-1.jpeg
   📸 [13] COLLIER FANTAISIE METAL PERLES ARGENTÉES ET NOIRES
      ✅ Image: /images/products/collier-fantaisie-metal-perles-argentées-et-noires/image-1.jpg
   📸 [14] PENDENTIF ARGENT « AUM » SYMBOLE INDIEN ET ONYX VE
      ✅ Image: /images/products/pendentif-argent-aum-symbole-indien-et-onyx-vert-avec-son-cordon-en-cuir-noir/image-1.jpg
   📸 [15] CREOLES SPIRALES EN LAITON
      ✅ Image: /images/products/creoles-spirales-en-laiton/image-1.jpg
   📸 [16] BOUCLES D’OREILLES ARGENT MAIN FATMA FILIGRANE
      ✅ Image: /images/products/boucles-doreilles-argent-main-fatma-filigrane/image-1.jpg

   🔍 Vérification de la page suivante...

📄 Page 38: https://www.khashika.com/eboutique-bijoux-indiens/page/38/
   ✅ 16 produits trouvés
   📸 [1] BOUCLES D’OREILLES ARGENT PIERRE DE LUNE TYPIQUE
      ✅ Image: /images/products/boucles-doreilles-argent-pierre-de-lune-typique/image-1.jpg
   📸 [2] BOUCLES D’OREILLES ARGENT FILIGRANE ET LAPIS-LAZUL
      ✅ Image: /images/products/boucles-doreilles-argent-filigrane-et-lapis-lazuli/image-1.jpg
   📸 [3] BOUCLES D’OREILLES ARGENT ONYX NOIR
      ✅ Image: /images/products/boucles-doreilles-argent-onyx-noir/image-1.jpg
   📸 [4] BAGUE ARGENT PIERRE ONYX NOIR
      ✅ Image: /images/products/bague-argent-pierre-onyx-noir/image-1.jpg
   📸 [5] GRANDE BAGUE ARGENT AJUSTABLE TURQUOISE
      ✅ Image: /images/products/grande-bague-argent-ajustable-turquoise/image-1.jpg
   📸 [6] LIGNE ELEPHANTS PEINTS PORTE BONHEUR
      ✅ Image: /images/products/ligne-elephants-peints-porte-bonheur/image-1.jpg
   📸 [7] BRACELET INDIEN JONC BOIS ET PEINT À LA MAIN JAUNE
      ✅ Image: /images/products/bracelet-indien-jonc-bois-et-peint-à-la-main-jaune-et-rouge/image-1.jpg
   📸 [8] BRACELET INDIEN JONC LAITON ET PEINT À LA MAIN
      ✅ Image: /images/products/bracelet-indien-jonc-laiton-et-peint-à-la-main/image-1.jpg
   📸 [9] BRACELET INDIEN JONC LAITON ET PEINT À LA MAIN
      ✅ Image: /images/products/bracelet-indien-jonc-laiton-et-peint-à-la-main/image-1.jpg
   📸 [10] BRACELET INDIEN JONC LAITON ET PEINT À LA MAIN
      ✅ Image: /images/products/bracelet-indien-jonc-laiton-et-peint-à-la-main/image-1.jpg
   📸 [11] BRACELET ARGENT PIERRE DE LUNE
      ✅ Image: /images/products/bracelet-argent-pierre-de-lune/image-1.jpg
   📸 [12] BRACELET SOUPLE ARGENT ZIRCON
      ✅ Image: /images/products/bracelet-souple-argent-zircon/image-1.jpg
   📸 [13] BOUCLES D’OREILLES ARGENT ET PETITE PIERRE EMERAUD
      ✅ Image: /images/products/boucles-doreilles-argent-et-petite-pierre-emeraude/image-1.jpeg
   📸 [14] FIGURINE EN BOIS TÊTE DE BOUDDHA
      ✅ Image: /images/products/figurine-en-bois-tête-de-bouddha/image-1.jpg
   📸 [15] BOUCLES D’OREILLES CRÉOLES DORÉES EN LAITON
      ✅ Image: /images/products/boucles-doreilles-créoles-dorées-en-laiton/image-1.jpeg
   📸 [16] CRÉOLES INDIENNES STYLISÉES
      ✅ Image: /images/products/créoles-indiennes-stylisées/image-1.jpeg

   🔍 Vérification de la page suivante...

📄 Page 39: https://www.khashika.com/eboutique-bijoux-indiens/page/39/
   ✅ 16 produits trouvés
   📸 [1] CRÉOLES ARGENT
      ✅ Image: /images/products/créoles-argent/image-1.jpeg
   📸 [2] BAGUE AJUSTABLE ARGENT ET ONYX NOIR
      ✅ Image: /images/products/bague-ajustable-argent-et-onyx-noir/image-1.jpg
   📸 [3] BAGUE AJUSTABLE ARGENT ET LAPIS-LAZULI
      ✅ Image: /images/products/bague-ajustable-argent-et-lapis-lazuli/image-1.jpg
   📸 [4] CRÉOLES EN ARGENT ET PIERRE VÉRITABLE EN LAPIS-LAZ
      ✅ Image: /images/products/créoles-en-argent-et-pierre-véritable-en-lapis-lazuli/image-1.jpeg
   📸 [5] PENDENTIF ARGENT « AUM » SYMBOLE INDIEN
      ✅ Image: /images/products/pendentif-argent-aum-symbole-indien/image-1.jpg
   📸 [6] BRACELET ARGENT MALACHITE
      ✅ Image: /images/products/bracelet-argent-malachite/image-1.jpg
   📸 [7] BRACELET SOUPLE ARGENT SAPHIR
      ✅ Image: /images/products/bracelet-souple-argent-saphir/image-1.jpg
   📸 [8] BAGUE ARGENT TURQUOISE
      ✅ Image: /images/products/bague-argent-turquoise/image-1.jpg
   📸 [9] CLOUS D’OREILLES EN ARGENT ET CALCÉDOINE
      ✅ Image: /images/products/clous-doreilles-en-argent-et-calcédoine/image-1.jpg
   📸 [10] PENDENTIF ARGENT « AUM » SYMBOLE INDIEN
      ✅ Image: /images/products/pendentif-argent-aum-symbole-indien/image-1.jpg
   📸 [11] COLLIER PIERRES JASPE
      ✅ Image: /images/products/collier-pierres-jaspe/image-1.jpg
   📸 [12] COLLIER PIERRES RHODOCROSITE
      ✅ Image: /images/products/collier-pierres-rhodocrosite/image-1.jpg
   📸 [13] COLLIER PIERRES RHYOTIQUE
      ✅ Image: /images/products/collier-pierres-rhyotique/image-1.jpg
   📸 [14] COLLIER PIERRES AGATE BLANC
      ✅ Image: /images/products/collier-pierres-agate-blanc/image-1.jpg
   📸 [15] COLLIER PIERRES OEIL DU TIGRE GRANDE PIERRE
      ✅ Image: /images/products/collier-pierres-oeil-du-tigre-grande-pierre/image-1.jpg
   📸 [16] COLLIER PIERRES AMÉTHYSTE
      ✅ Image: /images/products/collier-pierres-améthyste/image-1.jpg

   🔍 Vérification de la page suivante...

📄 Page 40: https://www.khashika.com/eboutique-bijoux-indiens/page/40/
   ✅ 16 produits trouvés
   📸 [1] COLLIER PIERRES EN OEIL DU TIGRE
      ✅ Image: /images/products/collier-pierres-en-oeil-du-tigre/image-1.jpeg
   📸 [2] COLLIER PIERRES ONYX NOIR
      ✅ Image: /images/products/collier-pierres-onyx-noir/image-1.jpg
   📸 [3] COLLIER TIBETAIN TURQUOISE BLEUE ET VERTE ET CORAI
      ✅ Image: /images/products/collier-tibetain-turquoise-bleue-et-verte-et-corail/image-1.jpeg
   📸 [4] BOUCLES D’OREILLES ARGENT TOPAZE
      ✅ Image: /images/products/boucles-doreilles-argent-topaze/image-1.jpg
   📸 [5] BOUCLES D’OREILLES ARGENT AVEC CHAINETTE ETPERLES 
      ✅ Image: /images/products/boucles-doreilles-argent-avec-chainette-etperles-en-argent/image-1.jpg
   📸 [6] BRACELET ARGENT LAPIS-LAZULI
      ✅ Image: /images/products/bracelet-argent-lapis-lazuli/image-1.jpg
   📸 [7] CHAINE EN ARGENT AVEC 8 PERLES ARGENT
      ✅ Image: /images/products/chaine-en-argent-avec-8-perles-argent/image-1.jpg
   📸 [8] CHAINE EN ARGENT AVEC 15 PERLES ARGENT TENDANCE
      ✅ Image: /images/products/chaine-en-argent-avec-15-perles-argent-tendance/image-1.jpg
   📸 [9] BRACELET ARGENT ONYX VERT
      ✅ Image: /images/products/bracelet-argent-onyx-vert/image-1.jpg
   📸 [10] COLLIER ARGENT AGATE FLORIDA
      ✅ Image: /images/products/collier-argent-agate-florida/image-1.jpg
   📸 [11] COLLIER ARGENT GRENAT
      ✅ Image: /images/products/collier-argent-grenat/image-1.jpg
   📸 [12] COLLIER ARGENT AMAZONITE
      ✅ Image: /images/products/collier-argent-amazonite/image-1.jpg
   📸 [13] BRACELET ARGENT CALCÉDOINE BLEU DE BELLES GRANDES 
      ✅ Image: /images/products/bracelet-argent-calcédoine-bleu-de-belles-grandes-pierres/image-1.jpg
   📸 [14] BRACELET AVEC PIERRE ONYX NOIR
      ✅ Image: /images/products/bracelet-avec-pierre-onyx-noir/image-1.jpeg
   📸 [15] BOUCLES D’OREILLES LABRADORITE
      ✅ Image: /images/products/boucles-doreilles-labradorite/image-1.jpg
   📸 [16] COLLIER ARGENT AVEC PENDENTIF EN CALCÉDOINE BLEU F
      ✅ Image: /images/products/collier-argent-avec-pendentif-en-calcédoine-bleu-foncé/image-1.jpg

   🔍 Vérification de la page suivante...

📄 Page 41: https://www.khashika.com/eboutique-bijoux-indiens/page/41/
   ✅ 16 produits trouvés
   📸 [1] PENDENTIF ARGENT MALACHITE
      ✅ Image: /images/products/pendentif-argent-malachite/image-1.jpeg
   📸 [2] BAGUE ARGENT CALCEDOINE AJUSTABLE
      ✅ Image: /images/products/bague-argent-calcedoine-ajustable/image-1.jpg
   📸 [3] COLLIER ARGENT SAUTOIR AVEC PIERRE CALCÉDOINE
      ✅ Image: /images/products/collier-argent-sautoir-avec-pierre-calcédoine/image-1.jpg
   📸 [4] BRACELET ARGENT TURQUOISE
      ✅ Image: /images/products/bracelet-argent-turquoise/image-1.jpg
   📸 [5] COLLIER ARGENT GRENAT
      ✅ Image: /images/products/collier-argent-grenat/image-1.jpg
   📸 [6] BOUCLES D’OREILLES ARGENT TURQUOISE VERTE
      ✅ Image: /images/products/boucles-doreilles-argent-turquoise-verte/image-1.jpg
   📸 [7] BOUCLES D’OREILLES ARGENT TOPAZE VERTE
      ✅ Image: /images/products/boucles-doreilles-argent-topaze-verte/image-1.jpg
   📸 [8] BOUCLES D’OREILLES ARGENT TURQUOISE
      ✅ Image: /images/products/boucles-doreilles-argent-turquoise/image-1.jpg
   📸 [9] BOUCLES D’OREILLES ARGENT GRENAT
      ✅ Image: /images/products/boucles-doreilles-argent-grenat/image-1.jpg
   📸 [10] COLLIER ARGENT PIERRE DE LUNE
      ✅ Image: /images/products/collier-argent-pierre-de-lune/image-1.jpg
   📸 [11] BAGUE ARGENT LAPIS-LAZULI
      ✅ Image: /images/products/bague-argent-lapis-lazuli/image-1.jpg
   📸 [12] BOUCLES D’OREILLES ARGENT LAPIS-LAZULI
      ✅ Image: /images/products/boucles-doreilles-argent-lapis-lazuli/image-1.jpg
   📸 [13] BOUCLES D’OREILLES PIERRE LAPIS-LAZILU
      ✅ Image: /images/products/boucles-doreilles-pierre-lapis-lazilu/image-1.jpeg
   📸 [14] SAC SOIE BLEU, ROUGE POUR EMPORTER QUE L’ESSENTIEL
      ✅ Image: /images/products/sac-soie-bleu-rouge-pour-emporter-que-lessentiel/image-1.jpg
   📸 [15] SAC SOIE ROUGE, BLEU POUR EMPORTER QUE L’ESSENTIE
      ✅ Image: /images/products/sac-soie-rouge-bleu-pour-emporter-que-lessentie/image-1.jpg
   📸 [16] PASHMINA 100% SOIE SAUVAGE PATCHWORK
      ✅ Image: /images/products/pashmina-100-soie-sauvage-patchwork/image-1.jpg

   🔍 Vérification de la page suivante...

📄 Page 42: https://www.khashika.com/eboutique-bijoux-indiens/page/42/
   ✅ 16 produits trouvés
   📸 [1] PASHMINA CACHEMIRE ET SOIE COULEUR ROSE ET NOIR
      ✅ Image: /images/products/pashmina-cachemire-et-soie-couleur-rose-et-noir/image-1.jpg
   📸 [2] PASHMINA CACHEMIRE ET SOIE MULTICOLORE
      ✅ Image: /images/products/pashmina-cachemire-et-soie-multicolore/image-1.jpg
   📸 [3] BRACELET SOUPLE ARGENT PIERRE LAPIS-LAZULI
      ✅ Image: /images/products/bracelet-souple-argent-pierre-lapis-lazuli/image-1.jpg
   📸 [4] COLLIER ARGENT QUARTZ ROSE
      ✅ Image: /images/products/collier-argent-quartz-rose/image-1.jpg
   📸 [5] PENDENTIF ARGENT GRENAT AVEC SON CORDON EN CUIR NO
      ✅ Image: /images/products/pendentif-argent-grenat-avec-son-cordon-en-cuir-noir/image-1.jpeg
   📸 [6] BAGUE ARGENT ET LAITON ANNEAUX ANTI-STRESSE
      ✅ Image: /images/products/bague-argent-et-laiton-anneaux-anti-stresse/image-1.jpeg
   📸 [7] BRACELET ARGENT ONYX NOIR
      ✅ Image: /images/products/bracelet-argent-onyx-noir/image-1.jpg
   📸 [8] COLLIER ARGENT AMBRE
      ✅ Image: /images/products/collier-argent-ambre/image-1.jpg
   📸 [9] BOUCLES D’OREILLES ARGENT LAPIS-LAZULI
      ✅ Image: /images/products/boucles-doreilles-argent-lapis-lazuli/image-1.jpg
   📸 [10] COLLIER ARGENT SMOKY TOPAZE
      ✅ Image: /images/products/collier-argent-smoky-topaze/image-1.jpg
   📸 [11] COLLIER INDIEN EN BOIS BLANC
      ✅ Image: /images/products/collier-indien-en-bois-blanc/image-1.jpg
   📸 [12] BOUCLES D’OREILLES ARGENT AMÉTHYSTE
      ✅ Image: /images/products/boucles-doreilles-argent-améthyste/image-1.jpg
   📸 [13] BRACELET CHAINETTE ARGENT ET PIERRE ONYX NOIR
      ✅ Image: /images/products/bracelet-chainette-argent-et-pierre-onyx-noir/image-1.jpeg
   📸 [14] BAGUE ARGENT TURQUOISE
      ✅ Image: /images/products/bague-argent-turquoise/image-1.jpg
   📸 [15] PASHMINA CACHEMIRE
      ✅ Image: /images/products/pashmina-cachemire/image-1.jpg
   📸 [16] BOUCLES D’OREILLES ARGENT CORNALINE
      ✅ Image: /images/products/boucles-doreilles-argent-cornaline/image-1.jpg

   🔍 Vérification de la page suivante...

📄 Page 43: https://www.khashika.com/eboutique-bijoux-indiens/page/43/
   ✅ 16 produits trouvés
   📸 [1] BOUCLES D’OREILLES ARGENT
      ✅ Image: /images/products/boucles-doreilles-argent/image-1.jpg
   📸 [2] CHAINE LONGUE MÉTAL ARGENTÉ
      ✅ Image: /images/products/chaine-longue-métal-argenté/image-1.jpg
   📸 [3] BOUCLES D’OREILLES FANTAISIE NOIR ET BLANC
      ✅ Image: /images/products/boucles-doreilles-fantaisie-noir-et-blanc/image-1.jpg
   📸 [4] BOUCLES D’OREILLES JHUMKA ARGENT+ONYX NOIR
      ✅ Image: /images/products/boucles-doreilles-jhumka-argentonyx-noir/image-1.jpg
   📸 [5] COLLIER ARGENT GRENAT
      ✅ Image: /images/products/collier-argent-grenat/image-1.jpg
   📸 [6] GRAND COLLIER ARGENT ONYX NOIR
      ✅ Image: /images/products/grand-collier-argent-onyx-noir/image-1.jpg
   📸 [7] CHAINE METAL ARGENTÉ FILLE ET GARCON
      ✅ Image: /images/products/chaine-metal-argenté-fille-et-garcon/image-1.jpg
   📸 [8] COLLIER INDIEN EN PIERRES NATURELLES CALCÉDOINE
      ✅ Image: /images/products/collier-indien-en-pierres-naturelles-calcédoine/image-1.jpg
   📸 [9] BOUCLES D’OREILLES ARGENT AMETHYSTE
      ✅ Image: /images/products/boucles-doreilles-argent-amethyste/image-1.jpg
   📸 [10] CHAINE DORÉE ÉLÉGANTE SE PORTE SEULE
      ✅ Image: /images/products/chaine-dorée-élégante-se-porte-seule/image-1.jpg
   📸 [11] CHAINE DORÉE ÉLÉGANTE SE PORTE SEULE
      ✅ Image: /images/products/chaine-dorée-élégante-se-porte-seule/image-1.jpg
   📸 [12] CHAINE DORÉE ÉLÉGANTE SE PORTE SEULE
      ✅ Image: /images/products/chaine-dorée-élégante-se-porte-seule/image-1.jpg
   📸 [13] CHAINE METAL ARGENTÉ POUR VOS PENDENTIFS
      ✅ Image: /images/products/chaine-metal-argenté-pour-vos-pendentifs/image-1.jpg
   📸 [14] COLLIER INDIEN EN BOIS BRUN ET NATUREL
      ✅ Image: /images/products/collier-indien-en-bois-brun-et-naturel/image-1.jpg
   📸 [15] COLLIER INDIEN EN BOIS NOIR
      ✅ Image: /images/products/collier-indien-en-bois-noir/image-1.jpg
   📸 [16] COLLIER INDIEN EN BOIS NATUREL
      ✅ Image: /images/products/collier-indien-en-bois-naturel/image-1.jpg

   🔍 Vérification de la page suivante...

📄 Page 44: https://www.khashika.com/eboutique-bijoux-indiens/page/44/
   ✅ 16 produits trouvés
   📸 [1] SAC SOIE ET COTON PRATIQUE USAGE FACILE
      ✅ Image: /images/products/sac-soie-et-coton-pratique-usage-facile/image-1.jpg
   📸 [2] POCHETTE EN COTON
      ✅ Image: /images/products/pochette-en-coton/image-1.jpeg
   📸 [3] BRACELET INDIEN METAL ARGENTE PIERRE SAND STONE
      ✅ Image: /images/products/bracelet-indien-metal-argente-pierre-sand-stone/image-1.jpg
   📸 [4] BRACELET INDIEN PIERRE LABRADORITE
      ✅ Image: /images/products/bracelet-indien-pierre-labradorite/image-1.jpg
   📸 [5] BAGUE ARGENT AMETHYSTE
      ✅ Image: /images/products/bague-argent-amethyste/image-1.jpg
   📸 [6] BAGUE ARGENT MALACHIQUE
      ✅ Image: /images/products/bague-argent-malachique/image-1.jpg
   📸 [7] BAGUE ARGENT MALACHIQUE
      ✅ Image: /images/products/bague-argent-malachique/image-1.jpg
   📸 [8] BRACELET METAL ARGENTÉ PERLES VERTES
      ✅ Image: /images/products/bracelet-metal-argenté-perles-vertes/image-1.jpg
   📸 [9] BRACELET INDIEN ARGENTÉ VRAIE PIERRE ONYX ROUGE
      ✅ Image: /images/products/bracelet-indien-argenté-vraie-pierre-onyx-rouge/image-1.jpg
   📸 [10] COLLIER METAL ARGENTE RAS DU COU
      ✅ Image: /images/products/collier-metal-argente-ras-du-cou/image-1.jpg
   📸 [11] COLLIER FANTAISIE METAL ARGENTÉ GALET BLANC
      ✅ Image: /images/products/collier-fantaisie-metal-argenté-galet-blanc/image-1.jpg
   📸 [12] COLLIER MÉTAL ARGENTÉ GALETS NOIRS
      ✅ Image: /images/products/collier-métal-argenté-galets-noirs/image-1.jpg
   📸 [13] SAC SOIE ET COTON USAGE FACILE
      ✅ Image: /images/products/sac-soie-et-coton-usage-facile/image-1.jpg
   📸 [14] COLLIER FANTAISE CHAINETTE METAL ARGENTE
      ✅ Image: /images/products/collier-fantaise-chainette-metal-argente/image-1.jpg
   📸 [15] BAGUE ARGENT AMETHYSTE
      ✅ Image: /images/products/bague-argent-amethyste/image-1.jpg
   📸 [16] BAGUE ARGENT CISELÉE PIERRE OEIL DU TIGRE
      ✅ Image: /images/products/bague-argent-ciselée-pierre-oeil-du-tigre/image-1.jpg

   🔍 Vérification de la page suivante...

📄 Page 45: https://www.khashika.com/eboutique-bijoux-indiens/page/45/
   ✅ 16 produits trouvés
   📸 [1] BOUCLES D’OREILLES ARGENT PIERRE DE LUNE
      ✅ Image: /images/products/boucles-doreilles-argent-pierre-de-lune/image-1.jpg
   📸 [2] BOUCLES D’OREILLES ARGENT TOPAZE SMOKY
      ✅ Image: /images/products/boucles-doreilles-argent-topaze-smoky/image-1.jpg
   📸 [3] BOUCLES D’OREILLES ARGENT CITRINE
      ✅ Image: /images/products/boucles-doreilles-argent-citrine/image-1.jpg
   📸 [4] CHAINE EN ARGENT 52 CM
      ✅ Image: /images/products/chaine-en-argent-52-cm/image-1.jpg
   📸 [5] POCHETTE EN SOIE
      ✅ Image: /images/products/pochette-en-soie/image-1.jpg
   📸 [6] BAGUE ARGENT PIERRE DE LUNE
      ✅ Image: /images/products/bague-argent-pierre-de-lune/image-1.jpeg
   📸 [7] COLLIER JADE DE BIRMANIE
      ✅ Image: /images/products/collier-jade-de-birmanie/image-1.jpg
   📸 [8] COLLIER JADE DE BIRMANIE
      ✅ Image: /images/products/collier-jade-de-birmanie/image-1.jpg
   📸 [9] COLLIER JADE DE BIRMANIE
      ✅ Image: /images/products/collier-jade-de-birmanie/image-1.jpg
   📸 [10] ELEGANT COLLIER ARGENT ET GLASS STONE BLEU
      ✅ Image: /images/products/elegant-collier-argent-et-glass-stone-bleu/image-1.jpg
   📸 [11] ELEGANT COLLIER ARGENT ET GLASS STONE CRISTAL
      ✅ Image: /images/products/elegant-collier-argent-et-glass-stone-cristal/image-1.jpg
   📸 [12] BRACELET EN HOWLITE
      ✅ Image: /images/products/bracelet-en-howlite/image-1.jpg
   📸 [13] BOUCLES D’OREILLES ARGENT SAPHIR
      ✅ Image: /images/products/boucles-doreilles-argent-saphir/image-1.jpg
   📸 [14] BOUCLES D’OREILLES ARGENT PERODIT
      ✅ Image: /images/products/boucles-doreilles-argent-perodit/image-1.jpg
   📸 [15] COLLIER PIERRES NATURELLES GRENAT
      ✅ Image: /images/products/collier-pierres-naturelles-grenat/image-1.jpg
   📸 [16] BOUCLES D’OREILLES AMÉTHYSTE
      ✅ Image: /images/products/boucles-doreilles-améthyste/image-1.jpeg

   🔍 Vérification de la page suivante...

📄 Page 46: https://www.khashika.com/eboutique-bijoux-indiens/page/46/
   ✅ 2 produits trouvés
   📸 [1] CHIFFON SPÉCIAL ARGENT
      ✅ Image: /images/products/chiffon-spécial-argent/image-1.jpg
   📸 [2] POCHETTE EN SOIE
      ✅ Image: /images/products/pochette-en-soie/image-1.jpg

   🔍 Vérification de la page suivante...

   ✅ Dernière page atteinte (timeout sur page 47)

💾 Sauvegarde de 722 produits...
   ✅ Fichier sauvegardé: lib/data/products-from-shop-grid.json

======================================================================
✅ SCRAPING TERMINÉ
======================================================================
   📦 Produits scrapés: 722
   📄 Pages traitées: 47
   💾 Fichier: lib/data/products-from-shop-grid.json
======================================================================
