======================================================================
🛍️  SCRAPING CIBLÉ DEPUIS LA PAGE BOUTIQUE
======================================================================

📸 ÉTAPE 1: Scraping du shop grid...
======================================================================
🛍️  SCRAPING CIBLÉ DEPUIS LA PAGE BOUTIQUE
======================================================================
   URL: https://www.khashika.com/eboutique-bijoux-indiens/


📄 Page 1: https://www.khashika.com/eboutique-bijoux-indiens/
   ✅ 16 produits trouvés
   📸 [1] COLLIER SUR CORDON AVEC UNE PIERRE NATURELLE RONDE
      ✅ Image: /images/products/collier-sur-cordon-avec-une-pierre-naturelle-ronde-en-pierre-de-lune/image-1.jpeg
   📸 [2] BOUCLES D’OREILLES RONDES EN ARGENT FILIGRANE ET P
      ✅ Image: /images/products/boucles-doreilles-rondes-en-argent-filigrane-et-pierre-de-lune/image-1.jpeg
   📸 [3] BOUCLES D’OREILLE ARGENT AVEC PIERRE NATURELLE SAP
      ✅ Image: /images/products/boucles-doreille-argent-avec-pierre-naturelle-saphir/image-1.jpeg
   📸 [4] BOUCLES D’OREILLE ARGENT AVEC PIERRE NATURELLE ONY
      ✅ Image: /images/products/boucles-doreille-argent-avec-pierre-naturelle-onyx-noir/image-1.jpeg
   📸 [5] BRACELET SOUPLE EN ARGENT AVEC 5 ÉLÉPHANTS
      ✅ Image: /images/products/bracelet-souple-en-argent-avec-5-éléphants/image-1.jpeg
   📸 [6] BRACELET PERLES ARGENTÉES ET CORAIL
      ✅ Image: /images/products/bracelet-perles-argentées-et-corail/image-1.jpeg
   📸 [7] CHAINE DE CHEVILLES ARGENT AVEC PERLES EN ARGENT E
      ✅ Image: /images/products/chaine-de-chevilles-argent-avec-perles-en-argent-et-des-perles-colorées/image-1.jpeg
   📸 [8] CHAINE DE CHEVILLES ARGENT AVEC PERLES EN ARGENT E
      ✅ Image: /images/products/chaine-de-chevilles-argent-avec-perles-en-argent-et-onyx-noir/image-1.jpeg
   📸 [9] BRACELET EN CUIRE AVEC UNE PIERRE EN TURQUOISE
      ✅ Image: /images/products/bracelet-en-cuire-avec-une-pierre-en-turquoise/image-1.jpeg
   📸 [10] BRACELET ARGENT AVEC DE GRANDES PIERRES OVALES EN 
      ✅ Image: /images/products/bracelet-argent-avec-de-grandes-pierres-ovales-en-pierre-de-lune/image-1.jpeg
   📸 [11] BRACELET ARGENT AVEC DES PIERRES OVALES EN PÉRIDOT
      ✅ Image: /images/products/bracelet-argent-avec-des-pierres-ovales-en-péridot/image-1.jpeg
   📸 [12] BRACELET ARGENT AVEC DES PERLES RONDES
      ✅ Image: /images/products/bracelet-argent-avec-des-perles-rondes/image-1.jpeg
   📸 [13] BRACELET ARGENT AVEC DES PIERRES RONDES EN CORNALI
      ✅ Image: /images/products/bracelet-argent-avec-des-pierres-rondes-en-cornaline/image-1.jpeg
   📸 [14] CRÉOLES CISELÉES EN ARGENT
      ✅ Image: /images/products/créoles-ciselées-en-argent/image-1.jpeg
   📸 [15] COLLIER PIERRES 6MM EN CORNALINE
      ✅ Image: /images/products/collier-pierres-6mm-en-cornaline/image-1.jpeg
   📸 [16] COLLIER PIERRES 6MM EN AMAZONITE
      ✅ Image: /images/products/collier-pierres-6mm-en-amazonite/image-1.jpeg

   ✅ Dernière page atteinte

💾 Sauvegarde de 16 produits...
   ✅ Fichier sauvegardé: lib/data/products-from-shop-grid.json

======================================================================
✅ SCRAPING TERMINÉ
======================================================================
   📦 Produits scrapés: 16
   📄 Pages traitées: 1
   💾 Fichier: lib/data/products-from-shop-grid.json
======================================================================

✅ Étape 1 terminée

🔄 ÉTAPE 2: Fusion avec products-ultimate.json...
======================================================================
🔄 FUSION DES DONNÉES SHOP GRID
======================================================================

📂 Chargement des données shop grid...
   ✅ 16 produits du shop grid

📂 Chargement de products-ultimate.json...
   ✅ 726 produits existants

📦 Création du backup...
   ✅ Backup: lib/data/products-ultimate.json.backup_before_merge

🔄 Fusion des données...
   ✅ Mis à jour: collier sur cordon avec une pierre naturelle ronde
   ✅ Mis à jour: BOUCLES D’OREILLES rondes en argent filigrane et p
   ✅ Mis à jour: Boucles d’oreille argent avec pierre naturelle sap
   ✅ Mis à jour: Boucles d’oreille argent avec pierre naturelle ony
   ✅ Mis à jour: bracelet souple en argent avec 5 éléphants
   ✅ Mis à jour: Bracelet perles argentées et corail
   ✅ Mis à jour: CHAINE DE CHEVILLES argent avec perles en argent e
   ✅ Mis à jour: CHAINE DE CHEVILLES argent avec perles en argent e
   ✅ Mis à jour: Bracelet en cuire avec une pierre en turquoise
   ✅ Mis à jour: BRACELET ARGENT avec de grandes pierres ovales en 
   ✅ Mis à jour: BRACELET ARGENT avec des pierres ovales en péridot
   ✅ Mis à jour: BRACELET ARGENT avec des perles rondes
   ✅ Mis à jour: BRACELET ARGENT avec des  pierres rondes en cornal
   ✅ Mis à jour: Créoles ciselées en argent
   ✅ Mis à jour: COLLIER pierres 6mm en cornaline
   ✅ Mis à jour: COLLIER pierres 6mm en amazonite

💾 Sauvegarde...
   ✅ JSON sauvegardé

🧹 Nettoyage des anciennes images parasites...
======================================================================
🧹 NETTOYAGE DES ANCIENNES IMAGES PARASITES
======================================================================

📂 Chargement du JSON...
   ✅ 726 produits chargés
   ✅ 14235 images valides référencées

🔍 Scan des dossiers produits...
   🗑️  Supprimé: bague-de-manchette-en-argent-sterling-925-incrustée-de-pierre-de-lune/image-9.jpg (1516 bytes)
   🗑️  Supprimé: bague-de-manchette-en-argent-sterling-925-incrustée-de-pierre-de-lune/image-26.jpg (1920 bytes)
   🗑️  Supprimé: bague-de-manchette-en-argent-sterling-925-incrustée-de-pierre-de-lune/image-27.jpg (1699 bytes)
   🗑️  Supprimé: bague-de-manchette-en-argent-sterling-925-incrustée-de-pierre-de-lune/image-23.jpg (4734 bytes)
   🗑️  Supprimé: bague-de-manchette-en-argent-sterling-925-incrustée-de-pierre-de-lune/image-16.jpg (3628 bytes)
   🗑️  Supprimé: bague-de-manchette-en-argent-sterling-925-incrustée-de-pierre-de-lune/image-17.jpg (1695 bytes)
   🗑️  Supprimé: bague-de-manchette-en-argent-sterling-925-incrustée-de-pierre-de-lune/image-29.jpg (1724 bytes)
   🗑️  Supprimé: bague-de-manchette-en-argent-sterling-925-incrustée-de-pierre-de-lune/image-28.jpg (2050 bytes)
   🗑️  Supprimé: bague-de-manchette-en-argent-sterling-925-incrustée-de-pierre-de-lune/image-1.jpg (2031 bytes)
   🗑️  Supprimé: boucles-doreilles-argent-filigrane-et-lapis-lazuli/image-9.jpg (1516 bytes)
   🗑️  Supprimé: boucles-doreilles-argent-filigrane-et-lapis-lazuli/image-25.jpg (1920 bytes)
   🗑️  Supprimé: boucles-doreilles-argent-filigrane-et-lapis-lazuli/image-26.jpg (1699 bytes)
   🗑️  Supprimé: boucles-doreilles-argent-filigrane-et-lapis-lazuli/image-23.jpg (4734 bytes)
   🗑️  Supprimé: boucles-doreilles-argent-filigrane-et-lapis-lazuli/image-16.jpg (1695 bytes)
   🗑️  Supprimé: boucles-doreilles-argent-filigrane-et-lapis-lazuli/image-29.jpg (1724 bytes)
   🗑️  Supprimé: boucles-doreilles-argent-filigrane-et-lapis-lazuli/image-15.jpg (3628 bytes)
   🗑️  Supprimé: boucles-doreilles-argent-filigrane-et-lapis-lazuli/image-28.jpg (2050 bytes)
   🗑️  Supprimé: boucles-doreilles-argent-filigrane-et-lapis-lazuli/image-1.jpg (2031 bytes)
   🗑️  Supprimé: foulard-turquoise-en-100soie-à-motifs-fuchsiableu/image-25.jpg (1920 bytes)
   🗑️  Supprimé: foulard-turquoise-en-100soie-à-motifs-fuchsiableu/image-26.jpg (1699 bytes)
   🗑️  Supprimé: foulard-turquoise-en-100soie-à-motifs-fuchsiableu/image-23.jpg (4734 bytes)
   🗑️  Supprimé: foulard-turquoise-en-100soie-à-motifs-fuchsiableu/image-11.jpg (1516 bytes)
   🗑️  Supprimé: foulard-turquoise-en-100soie-à-motifs-fuchsiableu/image-13.jpg (3628 bytes)
   🗑️  Supprimé: foulard-turquoise-en-100soie-à-motifs-fuchsiableu/image-16.jpg (1695 bytes)
   🗑️  Supprimé: foulard-turquoise-en-100soie-à-motifs-fuchsiableu/image-29.jpg (1724 bytes)
   🗑️  Supprimé: foulard-turquoise-en-100soie-à-motifs-fuchsiableu/image-28.jpg (2050 bytes)
   🗑️  Supprimé: foulard-turquoise-en-100soie-à-motifs-fuchsiableu/image-3.jpg (2031 bytes)
   🗑️  Supprimé: bracelet-pierres-de-lave-et-agate/image-8.jpg (1516 bytes)
   🗑️  Supprimé: bracelet-pierres-de-lave-et-agate/image-26.jpg (2050 bytes)
   🗑️  Supprimé: bracelet-pierres-de-lave-et-agate/image-23.jpg (1699 bytes)
   🗑️  Supprimé: bracelet-pierres-de-lave-et-agate/image-22.jpg (1920 bytes)
   🗑️  Supprimé: bracelet-pierres-de-lave-et-agate/image-21.jpg (4734 bytes)
   🗑️  Supprimé: bracelet-pierres-de-lave-et-agate/image-11.jpg (3628 bytes)
   🗑️  Supprimé: bracelet-pierres-de-lave-et-agate/image-14.jpg (1695 bytes)
   🗑️  Supprimé: bracelet-pierres-de-lave-et-agate/image-28.jpg (1724 bytes)
   🗑️  Supprimé: bracelet-pierres-de-lave-et-agate/image-2.jpg (2031 bytes)
   🗑️  Supprimé: bracelet-en-howlite/image-24.jpg (1699 bytes)
   🗑️  Supprimé: bracelet-en-howlite/image-26.jpg (2050 bytes)
   🗑️  Supprimé: bracelet-en-howlite/image-27.jpg (1724 bytes)
   🗑️  Supprimé: bracelet-en-howlite/image-23.jpg (1920 bytes)
   🗑️  Supprimé: bracelet-en-howlite/image-21.jpg (4734 bytes)
   🗑️  Supprimé: bracelet-en-howlite/image-10.jpg (3628 bytes)
   🗑️  Supprimé: bracelet-en-howlite/image-12.jpg (1695 bytes)
   🗑️  Supprimé: bracelet-en-howlite/image-2.jpg (2031 bytes)
   🗑️  Supprimé: bracelet-en-howlite/image-7.jpg (1516 bytes)
   🗑️  Supprimé: bracelet-jonc-tibétain/image-8.jpg (1516 bytes)
   🗑️  Supprimé: bracelet-jonc-tibétain/image-25.jpg (2050 bytes)
   🗑️  Supprimé: bracelet-jonc-tibétain/image-24.jpg (1699 bytes)
   🗑️  Supprimé: bracelet-jonc-tibétain/image-32.jpg (4668 bytes)
   🗑️  Supprimé: bracelet-jonc-tibétain/image-23.jpg (1920 bytes)
   🗑️  Supprimé: bracelet-jonc-tibétain/image-21.jpg (4734 bytes)
   🗑️  Supprimé: bracelet-jonc-tibétain/image-15.jpg (1695 bytes)
   🗑️  Supprimé: bracelet-jonc-tibétain/image-14.jpg (3628 bytes)
   🗑️  Supprimé: bracelet-jonc-tibétain/image-28.jpg (1724 bytes)
   🗑️  Supprimé: bracelet-jonc-tibétain/image-2.jpg (2031 bytes)
   🗑️  Supprimé: créoles-indiennes-stylisées/image-9.jpg (1516 bytes)
   🗑️  Supprimé: créoles-indiennes-stylisées/image-30.jpg (1724 bytes)
   🗑️  Supprimé: créoles-indiennes-stylisées/image-26.jpg (1920 bytes)
   🗑️  Supprimé: créoles-indiennes-stylisées/image-27.jpg (1699 bytes)
   🗑️  Supprimé: créoles-indiennes-stylisées/image-23.jpg (4734 bytes)
   🗑️  Supprimé: créoles-indiennes-stylisées/image-13.jpg (1695 bytes)
   🗑️  Supprimé: créoles-indiennes-stylisées/image-12.jpg (3628 bytes)
   🗑️  Supprimé: créoles-indiennes-stylisées/image-29.jpg (2050 bytes)
   🗑️  Supprimé: créoles-indiennes-stylisées/image-1.jpg (2031 bytes)
   🗑️  Supprimé: bague-élastique-avec-perles-3mm-energie/image-24.jpg (1699 bytes)
   🗑️  Supprimé: bague-élastique-avec-perles-3mm-energie/image-26.jpg (2050 bytes)
   🗑️  Supprimé: bague-élastique-avec-perles-3mm-energie/image-23.jpg (1920 bytes)
   🗑️  Supprimé: bague-élastique-avec-perles-3mm-energie/image-22.jpg (4734 bytes)
   🗑️  Supprimé: bague-élastique-avec-perles-3mm-energie/image-13.jpg (3628 bytes)
   🗑️  Supprimé: bague-élastique-avec-perles-3mm-energie/image-15.jpg (1695 bytes)
   🗑️  Supprimé: bague-élastique-avec-perles-3mm-energie/image-28.jpg (1724 bytes)
   🗑️  Supprimé: bague-élastique-avec-perles-3mm-energie/image-1.jpg (2031 bytes)
   🗑️  Supprimé: bague-élastique-avec-perles-3mm-energie/image-6.jpg (1516 bytes)
   🗑️  Supprimé: bracelet-pierres-naturelles-jaspe-gris/image-8.jpg (3628 bytes)
   🗑️  Supprimé: bracelet-pierres-naturelles-jaspe-gris/image-25.jpg (1699 bytes)
   🗑️  Supprimé: bracelet-pierres-naturelles-jaspe-gris/image-24.jpg (1920 bytes)
   🗑️  Supprimé: bracelet-pierres-naturelles-jaspe-gris/image-27.jpg (2050 bytes)
   🗑️  Supprimé: bracelet-pierres-naturelles-jaspe-gris/image-22.jpg (4734 bytes)
   🗑️  Supprimé: bracelet-pierres-naturelles-jaspe-gris/image-10.jpg (1695 bytes)
   🗑️  Supprimé: bracelet-pierres-naturelles-jaspe-gris/image-29.jpg (1724 bytes)
   🗑️  Supprimé: bracelet-pierres-naturelles-jaspe-gris/image-2.jpg (2031 bytes)
   🗑️  Supprimé: bracelet-pierres-naturelles-jaspe-gris/image-5.jpg (1516 bytes)
   🗑️  Supprimé: collier-argent-agate-florida/image-24.jpg (1699 bytes)
   🗑️  Supprimé: collier-argent-agate-florida/image-26.jpg (2050 bytes)
   🗑️  Supprimé: collier-argent-agate-florida/image-27.jpg (1724 bytes)
   🗑️  Supprimé: collier-argent-agate-florida/image-23.jpg (1920 bytes)
   🗑️  Supprimé: collier-argent-agate-florida/image-20.jpg (4734 bytes)
   🗑️  Supprimé: collier-argent-agate-florida/image-11.jpg (3628 bytes)
   🗑️  Supprimé: collier-argent-agate-florida/image-12.jpg (1695 bytes)
   🗑️  Supprimé: collier-argent-agate-florida/image-1.jpg (2031 bytes)
   🗑️  Supprimé: collier-argent-agate-florida/image-7.jpg (1516 bytes)
   🗑️  Supprimé: bracelet-pierres-agate-jaune-cordon-réglable/image-8.jpg (1516 bytes)
   🗑️  Supprimé: bracelet-pierres-agate-jaune-cordon-réglable/image-24.jpg (1699 bytes)
   🗑️  Supprimé: bracelet-pierres-agate-jaune-cordon-réglable/image-26.jpg (2050 bytes)
   🗑️  Supprimé: bracelet-pierres-agate-jaune-cordon-réglable/image-23.jpg (1920 bytes)
   🗑️  Supprimé: bracelet-pierres-agate-jaune-cordon-réglable/image-21.jpg (4734 bytes)
   🗑️  Supprimé: bracelet-pierres-agate-jaune-cordon-réglable/image-13.jpg (1695 bytes)
   🗑️  Supprimé: bracelet-pierres-agate-jaune-cordon-réglable/image-12.jpg (3628 bytes)
   🗑️  Supprimé: bracelet-pierres-agate-jaune-cordon-réglable/image-28.jpg (1724 bytes)
   🗑️  Supprimé: bracelet-pierres-agate-jaune-cordon-réglable/image-2.jpg (2031 bytes)
   🗑️  Supprimé: etole-marronbeige-à-frise-matière-naturelle-et-végétale/image-8.jpg (1516 bytes)
   🗑️  Supprimé: etole-marronbeige-à-frise-matière-naturelle-et-végétale/image-25.jpg (2050 bytes)
   🗑️  Supprimé: etole-marronbeige-à-frise-matière-naturelle-et-végétale/image-24.jpg (1699 bytes)
   🗑️  Supprimé: etole-marronbeige-à-frise-matière-naturelle-et-végétale/image-26.jpg (1724 bytes)
   🗑️  Supprimé: etole-marronbeige-à-frise-matière-naturelle-et-végétale/image-23.jpg (1920 bytes)
   🗑️  Supprimé: etole-marronbeige-à-frise-matière-naturelle-et-végétale/image-21.jpg (4734 bytes)
   🗑️  Supprimé: etole-marronbeige-à-frise-matière-naturelle-et-végétale/image-12.jpg (3628 bytes)
   🗑️  Supprimé: etole-marronbeige-à-frise-matière-naturelle-et-végétale/image-14.jpg (1695 bytes)
   🗑️  Supprimé: etole-marronbeige-à-frise-matière-naturelle-et-végétale/image-3.jpg (2031 bytes)
   🗑️  Supprimé: bracelet-cristal-pierre-de-lune-et-une-perle-fantaisie-blanche/image-9.jpg (3628 bytes)
   🗑️  Supprimé: bracelet-cristal-pierre-de-lune-et-une-perle-fantaisie-blanche/image-18.jpg (4734 bytes)
   🗑️  Supprimé: bracelet-cristal-pierre-de-lune-et-une-perle-fantaisie-blanche/image-24.jpg (2050 bytes)
   🗑️  Supprimé: bracelet-cristal-pierre-de-lune-et-une-perle-fantaisie-blanche/image-26.jpg (1724 bytes)
   🗑️  Supprimé: bracelet-cristal-pierre-de-lune-et-une-perle-fantaisie-blanche/image-20.jpg (1920 bytes)
   🗑️  Supprimé: bracelet-cristal-pierre-de-lune-et-une-perle-fantaisie-blanche/image-21.jpg (1699 bytes)
   🗑️  Supprimé: bracelet-cristal-pierre-de-lune-et-une-perle-fantaisie-blanche/image-11.jpg (1695 bytes)
   🗑️  Supprimé: bracelet-cristal-pierre-de-lune-et-une-perle-fantaisie-blanche/image-2.jpg (2031 bytes)
   🗑️  Supprimé: bracelet-cristal-pierre-de-lune-et-une-perle-fantaisie-blanche/image-6.jpg (1516 bytes)
   🗑️  Supprimé: pendentif-argent-lapis-lazuli-non-poli-avec-son-cordon-en-cuir-noir/image-9.jpg (1516 bytes)
   🗑️  Supprimé: pendentif-argent-lapis-lazuli-non-poli-avec-son-cordon-en-cuir-noir/image-25.jpg (1699 bytes)
   🗑️  Supprimé: pendentif-argent-lapis-lazuli-non-poli-avec-son-cordon-en-cuir-noir/image-24.jpg (1920 bytes)
   🗑️  Supprimé: pendentif-argent-lapis-lazuli-non-poli-avec-son-cordon-en-cuir-noir/image-27.jpg (2050 bytes)
   🗑️  Supprimé: pendentif-argent-lapis-lazuli-non-poli-avec-son-cordon-en-cuir-noir/image-21.jpg (4734 bytes)
   🗑️  Supprimé: pendentif-argent-lapis-lazuli-non-poli-avec-son-cordon-en-cuir-noir/image-13.jpg (1695 bytes)
   🗑️  Supprimé: pendentif-argent-lapis-lazuli-non-poli-avec-son-cordon-en-cuir-noir/image-12.jpg (3628 bytes)
   🗑️  Supprimé: pendentif-argent-lapis-lazuli-non-poli-avec-son-cordon-en-cuir-noir/image-28.jpg (1724 bytes)
   🗑️  Supprimé: pendentif-argent-lapis-lazuli-non-poli-avec-son-cordon-en-cuir-noir/image-1.jpg (2031 bytes)
   🗑️  Supprimé: collier-tibétain-avec-des-perles-taillées/image-25.jpg (1920 bytes)
   🗑️  Supprimé: collier-tibétain-avec-des-perles-taillées/image-30.jpg (4653 bytes)
   🗑️  Supprimé: collier-tibétain-avec-des-perles-taillées/image-26.jpg (1699 bytes)
   🗑️  Supprimé: collier-tibétain-avec-des-perles-taillées/image-27.jpg (2050 bytes)
   🗑️  Supprimé: collier-tibétain-avec-des-perles-taillées/image-23.jpg (4734 bytes)
   🗑️  Supprimé: collier-tibétain-avec-des-perles-taillées/image-10.jpg (4482 bytes)
   🗑️  Supprimé: collier-tibétain-avec-des-perles-taillées/image-12.jpg (1516 bytes)
   🗑️  Supprimé: collier-tibétain-avec-des-perles-taillées/image-16.jpg (1695 bytes)
   🗑️  Supprimé: collier-tibétain-avec-des-perles-taillées/image-15.jpg (3628 bytes)
   🗑️  Supprimé: collier-tibétain-avec-des-perles-taillées/image-28.jpg (1724 bytes)
   🗑️  Supprimé: collier-tibétain-avec-des-perles-taillées/image-2.jpg (2031 bytes)
   🗑️  Supprimé: collier-mala-tibétain-pierres-naturelles-aigue-marine-avec-108-perles/image-24.jpg (1699 bytes)
   🗑️  Supprimé: collier-mala-tibétain-pierres-naturelles-aigue-marine-avec-108-perles/image-26.jpg (2050 bytes)
   🗑️  Supprimé: collier-mala-tibétain-pierres-naturelles-aigue-marine-avec-108-perles/image-23.jpg (1920 bytes)
   🗑️  Supprimé: collier-mala-tibétain-pierres-naturelles-aigue-marine-avec-108-perles/image-21.jpg (4734 bytes)
   🗑️  Supprimé: collier-mala-tibétain-pierres-naturelles-aigue-marine-avec-108-perles/image-13.jpg (1695 bytes)
   🗑️  Supprimé: collier-mala-tibétain-pierres-naturelles-aigue-marine-avec-108-perles/image-12.jpg (3628 bytes)
   🗑️  Supprimé: collier-mala-tibétain-pierres-naturelles-aigue-marine-avec-108-perles/image-28.jpg (1724 bytes)
   🗑️  Supprimé: collier-mala-tibétain-pierres-naturelles-aigue-marine-avec-108-perles/image-1.jpg (2031 bytes)
   🗑️  Supprimé: collier-mala-tibétain-pierres-naturelles-aigue-marine-avec-108-perles/image-7.jpg (1516 bytes)
   🗑️  Supprimé: pendentif-argent-turquoise/image-8.jpg (4482 bytes)
   🗑️  Supprimé: pendentif-argent-turquoise/image-25.jpg (1699 bytes)
   🗑️  Supprimé: pendentif-argent-turquoise/image-24.jpg (1920 bytes)
   🗑️  Supprimé: pendentif-argent-turquoise/image-21.jpg (4734 bytes)
   🗑️  Supprimé: pendentif-argent-turquoise/image-10.jpg (1516 bytes)
   🗑️  Supprimé: pendentif-argent-turquoise/image-29.jpg (1724 bytes)
   🗑️  Supprimé: pendentif-argent-turquoise/image-15.jpg (1695 bytes)
   🗑️  Supprimé: pendentif-argent-turquoise/image-14.jpg (3628 bytes)
   🗑️  Supprimé: pendentif-argent-turquoise/image-28.jpg (2050 bytes)
   🗑️  Supprimé: pendentif-argent-turquoise/image-1.jpg (2031 bytes)
   🗑️  Supprimé: bracelet-pierres-naturelles-agate-eau-nuage/image-9.jpg (3628 bytes)
   🗑️  Supprimé: bracelet-pierres-naturelles-agate-eau-nuage/image-25.jpg (2050 bytes)
   🗑️  Supprimé: bracelet-pierres-naturelles-agate-eau-nuage/image-27.jpg (1724 bytes)
   🗑️  Supprimé: bracelet-pierres-naturelles-agate-eau-nuage/image-23.jpg (1699 bytes)
   🗑️  Supprimé: bracelet-pierres-naturelles-agate-eau-nuage/image-22.jpg (1920 bytes)
   🗑️  Supprimé: bracelet-pierres-naturelles-agate-eau-nuage/image-20.jpg (4734 bytes)
   🗑️  Supprimé: bracelet-pierres-naturelles-agate-eau-nuage/image-11.jpg (1695 bytes)
   🗑️  Supprimé: bracelet-pierres-naturelles-agate-eau-nuage/image-1.jpg (2031 bytes)
   🗑️  Supprimé: bracelet-pierres-naturelles-agate-eau-nuage/image-5.jpg (1516 bytes)
   🗑️  Supprimé: boucles-doreille-argent-amethyste/image-9.jpg (1516 bytes)
   🗑️  Supprimé: boucles-doreille-argent-amethyste/image-25.jpg (1920 bytes)
   🗑️  Supprimé: boucles-doreille-argent-amethyste/image-31.jpg (4653 bytes)
   🗑️  Supprimé: boucles-doreille-argent-amethyste/image-26.jpg (1699 bytes)
   🗑️  Supprimé: boucles-doreille-argent-amethyste/image-23.jpg (4734 bytes)
   🗑️  Supprimé: boucles-doreille-argent-amethyste/image-13.jpg (1695 bytes)
   🗑️  Supprimé: boucles-doreille-argent-amethyste/image-12.jpg (3628 bytes)
   🗑️  Supprimé: boucles-doreille-argent-amethyste/image-29.jpg (1724 bytes)
   🗑️  Supprimé: boucles-doreille-argent-amethyste/image-28.jpg (2050 bytes)
   🗑️  Supprimé: boucles-doreille-argent-amethyste/image-1.jpg (2031 bytes)
   🗑️  Supprimé: boucles-doreille-argent-amethyste/image-7.jpg (4482 bytes)
   🗑️  Supprimé: collier-mala-avec-108-pierres-naturelles-en-multi-stones/image-8.jpg (1516 bytes)
   🗑️  Supprimé: collier-mala-avec-108-pierres-naturelles-en-multi-stones/image-25.jpg (1699 bytes)
   🗑️  Supprimé: collier-mala-avec-108-pierres-naturelles-en-multi-stones/image-31.jpg (1724 bytes)
   🗑️  Supprimé: collier-mala-avec-108-pierres-naturelles-en-multi-stones/image-24.jpg (1920 bytes)
   🗑️  Supprimé: collier-mala-avec-108-pierres-naturelles-en-multi-stones/image-22.jpg (4734 bytes)
   🗑️  Supprimé: collier-mala-avec-108-pierres-naturelles-en-multi-stones/image-11.jpg (3628 bytes)
   🗑️  Supprimé: collier-mala-avec-108-pierres-naturelles-en-multi-stones/image-14.jpg (1695 bytes)
   🗑️  Supprimé: collier-mala-avec-108-pierres-naturelles-en-multi-stones/image-28.jpg (2050 bytes)
   🗑️  Supprimé: collier-mala-avec-108-pierres-naturelles-en-multi-stones/image-1.jpg (2031 bytes)
   🗑️  Supprimé: pochette-indienne-brodée-avec-des-pompons/image-9.jpg (1516 bytes)
   🗑️  Supprimé: pochette-indienne-brodée-avec-des-pompons/image-26.jpg (2050 bytes)
   🗑️  Supprimé: pochette-indienne-brodée-avec-des-pompons/image-27.jpg (1724 bytes)
   🗑️  Supprimé: pochette-indienne-brodée-avec-des-pompons/image-23.jpg (1699 bytes)
   🗑️  Supprimé: pochette-indienne-brodée-avec-des-pompons/image-22.jpg (1920 bytes)
   🗑️  Supprimé: pochette-indienne-brodée-avec-des-pompons/image-20.jpg (4734 bytes)
   🗑️  Supprimé: pochette-indienne-brodée-avec-des-pompons/image-13.jpg (3628 bytes)
   🗑️  Supprimé: pochette-indienne-brodée-avec-des-pompons/image-14.jpg (1695 bytes)
   🗑️  Supprimé: pochette-indienne-brodée-avec-des-pompons/image-3.jpg (2031 bytes)
   🗑️  Supprimé: chaine-de-chevilles-fine-argentée-mat-doubles-mailles/image-8.jpg (4482 bytes)
   🗑️  Supprimé: chaine-de-chevilles-fine-argentée-mat-doubles-mailles/image-25.jpg (1699 bytes)
   🗑️  Supprimé: chaine-de-chevilles-fine-argentée-mat-doubles-mailles/image-24.jpg (1920 bytes)
   🗑️  Supprimé: chaine-de-chevilles-fine-argentée-mat-doubles-mailles/image-26.jpg (2050 bytes)
   🗑️  Supprimé: chaine-de-chevilles-fine-argentée-mat-doubles-mailles/image-27.jpg (1724 bytes)
   🗑️  Supprimé: chaine-de-chevilles-fine-argentée-mat-doubles-mailles/image-21.jpg (4734 bytes)
   🗑️  Supprimé: chaine-de-chevilles-fine-argentée-mat-doubles-mailles/image-10.jpg (1516 bytes)
   🗑️  Supprimé: chaine-de-chevilles-fine-argentée-mat-doubles-mailles/image-13.jpg (1695 bytes)
   🗑️  Supprimé: chaine-de-chevilles-fine-argentée-mat-doubles-mailles/image-12.jpg (3628 bytes)
   🗑️  Supprimé: chaine-de-chevilles-fine-argentée-mat-doubles-mailles/image-29.jpg (4653 bytes)
   🗑️  Supprimé: chaine-de-chevilles-fine-argentée-mat-doubles-mailles/image-1.jpg (2031 bytes)
   🗑️  Supprimé: chaine-en-argent-avec-8-perles-argent/image-30.jpg (1724 bytes)
   🗑️  Supprimé: chaine-en-argent-avec-8-perles-argent/image-24.jpg (4734 bytes)
   🗑️  Supprimé: chaine-en-argent-avec-8-perles-argent/image-26.jpg (1920 bytes)
   🗑️  Supprimé: chaine-en-argent-avec-8-perles-argent/image-27.jpg (1699 bytes)
   🗑️  Supprimé: chaine-en-argent-avec-8-perles-argent/image-10.jpg (1516 bytes)
   🗑️  Supprimé: chaine-en-argent-avec-8-perles-argent/image-29.jpg (2050 bytes)
   🗑️  Supprimé: chaine-en-argent-avec-8-perles-argent/image-15.jpg (1695 bytes)
   🗑️  Supprimé: chaine-en-argent-avec-8-perles-argent/image-14.jpg (3628 bytes)
   🗑️  Supprimé: chaine-en-argent-avec-8-perles-argent/image-1.jpg (2031 bytes)
   🗑️  Supprimé: bracelet-tibétain-argenté-pampilles-éléphants/image-25.jpg (1699 bytes)
   🗑️  Supprimé: bracelet-tibétain-argenté-pampilles-éléphants/image-24.jpg (1920 bytes)
   🗑️  Supprimé: bracelet-tibétain-argenté-pampilles-éléphants/image-32.jpg (4668 bytes)
   🗑️  Supprimé: bracelet-tibétain-argenté-pampilles-éléphants/image-26.jpg (2050 bytes)
   🗑️  Supprimé: bracelet-tibétain-argenté-pampilles-éléphants/image-21.jpg (4734 bytes)
   🗑️  Supprimé: bracelet-tibétain-argenté-pampilles-éléphants/image-13.jpg (1695 bytes)
   🗑️  Supprimé: bracelet-tibétain-argenté-pampilles-éléphants/image-12.jpg (3628 bytes)
   🗑️  Supprimé: bracelet-tibétain-argenté-pampilles-éléphants/image-28.jpg (1724 bytes)
   🗑️  Supprimé: bracelet-tibétain-argenté-pampilles-éléphants/image-2.jpg (2031 bytes)
   🗑️  Supprimé: bracelet-tibétain-argenté-pampilles-éléphants/image-7.jpg (1516 bytes)
   🗑️  Supprimé: bracelet-argent-grenat/image-25.jpg (1724 bytes)
   🗑️  Supprimé: bracelet-argent-grenat/image-31.jpg (4668 bytes)
   🗑️  Supprimé: bracelet-argent-grenat/image-24.jpg (2050 bytes)
   🗑️  Supprimé: bracelet-argent-grenat/image-23.jpg (1699 bytes)
   🗑️  Supprimé: bracelet-argent-grenat/image-22.jpg (1920 bytes)
   🗑️  Supprimé: bracelet-argent-grenat/image-20.jpg (4734 bytes)
   🗑️  Supprimé: bracelet-argent-grenat/image-10.jpg (1516 bytes)
   🗑️  Supprimé: bracelet-argent-grenat/image-15.jpg (1695 bytes)
   🗑️  Supprimé: bracelet-argent-grenat/image-14.jpg (3628 bytes)
   🗑️  Supprimé: bracelet-argent-grenat/image-2.jpg (2031 bytes)
   🗑️  Supprimé: bracelet-pierres-agate/image-8.jpg (1516 bytes)
   🗑️  Supprimé: bracelet-pierres-agate/image-24.jpg (1699 bytes)
   🗑️  Supprimé: bracelet-pierres-agate/image-27.jpg (2050 bytes)
   🗑️  Supprimé: bracelet-pierres-agate/image-23.jpg (1920 bytes)
   🗑️  Supprimé: bracelet-pierres-agate/image-20.jpg (4734 bytes)
   🗑️  Supprimé: bracelet-pierres-agate/image-10.jpg (3628 bytes)
   🗑️  Supprimé: bracelet-pierres-agate/image-13.jpg (1695 bytes)
   🗑️  Supprimé: bracelet-pierres-agate/image-29.jpg (1724 bytes)
   🗑️  Supprimé: bracelet-pierres-agate/image-2.jpg (2031 bytes)
   🗑️  Supprimé: pashmina-cachemire-et-soie-rouge-motifs-éléphant/image-8.jpg (1516 bytes)
   🗑️  Supprimé: pashmina-cachemire-et-soie-rouge-motifs-éléphant/image-19.jpg (4734 bytes)
   🗑️  Supprimé: pashmina-cachemire-et-soie-rouge-motifs-éléphant/image-24.jpg (2050 bytes)
   🗑️  Supprimé: pashmina-cachemire-et-soie-rouge-motifs-éléphant/image-26.jpg (1724 bytes)
   🗑️  Supprimé: pashmina-cachemire-et-soie-rouge-motifs-éléphant/image-23.jpg (1699 bytes)
   🗑️  Supprimé: pashmina-cachemire-et-soie-rouge-motifs-éléphant/image-21.jpg (1920 bytes)
   🗑️  Supprimé: pashmina-cachemire-et-soie-rouge-motifs-éléphant/image-10.jpg (3628 bytes)
   🗑️  Supprimé: pashmina-cachemire-et-soie-rouge-motifs-éléphant/image-12.jpg (1695 bytes)
   🗑️  Supprimé: pashmina-cachemire-et-soie-rouge-motifs-éléphant/image-3.jpg (2031 bytes)
   🗑️  Supprimé: bracelet-tibetain-en-lapis-lazuli/image-30.jpg (1724 bytes)
   🗑️  Supprimé: bracelet-tibetain-en-lapis-lazuli/image-24.jpg (4741 bytes)
   🗑️  Supprimé: bracelet-tibetain-en-lapis-lazuli/image-26.jpg (1920 bytes)
   🗑️  Supprimé: bracelet-tibetain-en-lapis-lazuli/image-27.jpg (1699 bytes)
   🗑️  Supprimé: bracelet-tibetain-en-lapis-lazuli/image-23.jpg (4734 bytes)
   🗑️  Supprimé: bracelet-tibetain-en-lapis-lazuli/image-13.jpg (3628 bytes)
   🗑️  Supprimé: bracelet-tibetain-en-lapis-lazuli/image-29.jpg (2050 bytes)
   🗑️  Supprimé: bracelet-tibetain-en-lapis-lazuli/image-14.jpg (1695 bytes)
   🗑️  Supprimé: bracelet-tibetain-en-lapis-lazuli/image-2.jpg (2031 bytes)
   🗑️  Supprimé: bracelet-tibetain-en-lapis-lazuli/image-7.jpg (1516 bytes)
   🗑️  Supprimé: collier-pierres-agate-mousse-oeil-du-tigre-pierre-dzi-tibetaine/image-8.jpg (1516 bytes)
   🗑️  Supprimé: collier-pierres-agate-mousse-oeil-du-tigre-pierre-dzi-tibetaine/image-25.jpg (2050 bytes)
   🗑️  Supprimé: collier-pierres-agate-mousse-oeil-du-tigre-pierre-dzi-tibetaine/image-19.jpg (4734 bytes)
   🗑️  Supprimé: collier-pierres-agate-mousse-oeil-du-tigre-pierre-dzi-tibetaine/image-22.jpg (1699 bytes)
   🗑️  Supprimé: collier-pierres-agate-mousse-oeil-du-tigre-pierre-dzi-tibetaine/image-21.jpg (1920 bytes)
   🗑️  Supprimé: collier-pierres-agate-mousse-oeil-du-tigre-pierre-dzi-tibetaine/image-12.jpg (3628 bytes)
   🗑️  Supprimé: collier-pierres-agate-mousse-oeil-du-tigre-pierre-dzi-tibetaine/image-14.jpg (1695 bytes)
   🗑️  Supprimé: collier-pierres-agate-mousse-oeil-du-tigre-pierre-dzi-tibetaine/image-28.jpg (1724 bytes)
   🗑️  Supprimé: collier-pierres-agate-mousse-oeil-du-tigre-pierre-dzi-tibetaine/image-2.jpg (2031 bytes)
   🗑️  Supprimé: pochette-brodée-à-la-main-avec-pompons/image-25.jpg (1724 bytes)
   🗑️  Supprimé: pochette-brodée-à-la-main-avec-pompons/image-24.jpg (2050 bytes)
   🗑️  Supprimé: pochette-brodée-à-la-main-avec-pompons/image-23.jpg (1699 bytes)
   🗑️  Supprimé: pochette-brodée-à-la-main-avec-pompons/image-22.jpg (1920 bytes)
   🗑️  Supprimé: pochette-brodée-à-la-main-avec-pompons/image-21.jpg (4734 bytes)
   🗑️  Supprimé: pochette-brodée-à-la-main-avec-pompons/image-12.jpg (1516 bytes)
   🗑️  Supprimé: pochette-brodée-à-la-main-avec-pompons/image-16.jpg (1695 bytes)
   🗑️  Supprimé: pochette-brodée-à-la-main-avec-pompons/image-15.jpg (3628 bytes)
   🗑️  Supprimé: pochette-brodée-à-la-main-avec-pompons/image-4.jpg (2031 bytes)
   🗑️  Supprimé: bracelet-argent-smoky-quartz/image-25.jpg (1920 bytes)
   🗑️  Supprimé: bracelet-argent-smoky-quartz/image-26.jpg (1699 bytes)
   🗑️  Supprimé: bracelet-argent-smoky-quartz/image-27.jpg (2050 bytes)
   🗑️  Supprimé: bracelet-argent-smoky-quartz/image-23.jpg (4741 bytes)
   🗑️  Supprimé: bracelet-argent-smoky-quartz/image-22.jpg (4734 bytes)
   🗑️  Supprimé: bracelet-argent-smoky-quartz/image-11.jpg (3628 bytes)
   🗑️  Supprimé: bracelet-argent-smoky-quartz/image-12.jpg (1695 bytes)
   🗑️  Supprimé: bracelet-argent-smoky-quartz/image-28.jpg (1724 bytes)
   🗑️  Supprimé: bracelet-argent-smoky-quartz/image-1.jpg (2031 bytes)
   🗑️  Supprimé: bracelet-argent-smoky-quartz/image-6.jpg (1516 bytes)
   🗑️  Supprimé: bracelet-pierre-agate-blanc/image-9.jpg (1516 bytes)
   🗑️  Supprimé: bracelet-pierre-agate-blanc/image-25.jpg (1920 bytes)
   🗑️  Supprimé: bracelet-pierre-agate-blanc/image-24.jpg (4734 bytes)
   🗑️  Supprimé: bracelet-pierre-agate-blanc/image-26.jpg (1699 bytes)
   🗑️  Supprimé: bracelet-pierre-agate-blanc/image-27.jpg (2050 bytes)
   🗑️  Supprimé: bracelet-pierre-agate-blanc/image-13.jpg (3628 bytes)
   🗑️  Supprimé: bracelet-pierre-agate-blanc/image-29.jpg (1724 bytes)
   🗑️  Supprimé: bracelet-pierre-agate-blanc/image-15.jpg (1695 bytes)
   🗑️  Supprimé: bracelet-pierre-agate-blanc/image-2.jpg (2031 bytes)
   🗑️  Supprimé: bracelet-pierres-naturelles-en-lapis-lazuli-bleu-fonce/image-8.jpg (1516 bytes)
   🗑️  Supprimé: bracelet-pierres-naturelles-en-lapis-lazuli-bleu-fonce/image-25.jpg (1699 bytes)
   🗑️  Supprimé: bracelet-pierres-naturelles-en-lapis-lazuli-bleu-fonce/image-24.jpg (1920 bytes)
   🗑️  Supprimé: bracelet-pierres-naturelles-en-lapis-lazuli-bleu-fonce/image-27.jpg (2050 bytes)
   🗑️  Supprimé: bracelet-pierres-naturelles-en-lapis-lazuli-bleu-fonce/image-23.jpg (4734 bytes)
   🗑️  Supprimé: bracelet-pierres-naturelles-en-lapis-lazuli-bleu-fonce/image-13.jpg (1695 bytes)
   🗑️  Supprimé: bracelet-pierres-naturelles-en-lapis-lazuli-bleu-fonce/image-12.jpg (3628 bytes)
   🗑️  Supprimé: bracelet-pierres-naturelles-en-lapis-lazuli-bleu-fonce/image-28.jpg (1724 bytes)
   🗑️  Supprimé: bracelet-pierres-naturelles-en-lapis-lazuli-bleu-fonce/image-2.jpg (2031 bytes)
   🗑️  Supprimé: collier-pierres-rhyotique/image-8.jpg (3628 bytes)
   🗑️  Supprimé: collier-pierres-rhyotique/image-25.jpg (2050 bytes)
   🗑️  Supprimé: collier-pierres-rhyotique/image-19.jpg (4734 bytes)
   🗑️  Supprimé: collier-pierres-rhyotique/image-27.jpg (1724 bytes)
   🗑️  Supprimé: collier-pierres-rhyotique/image-22.jpg (1699 bytes)
   🗑️  Supprimé: collier-pierres-rhyotique/image-21.jpg (1920 bytes)
   🗑️  Supprimé: collier-pierres-rhyotique/image-12.jpg (1695 bytes)
   🗑️  Supprimé: collier-pierres-rhyotique/image-1.jpg (2031 bytes)
   🗑️  Supprimé: collier-pierres-rhyotique/image-5.jpg (1516 bytes)
   🗑️  Supprimé: bracelet-en-pierres-oeil-du-tigre-bleu/image-8.jpg (3628 bytes)
   🗑️  Supprimé: bracelet-en-pierres-oeil-du-tigre-bleu/image-24.jpg (1699 bytes)
   🗑️  Supprimé: bracelet-en-pierres-oeil-du-tigre-bleu/image-26.jpg (2050 bytes)
   🗑️  Supprimé: bracelet-en-pierres-oeil-du-tigre-bleu/image-23.jpg (1920 bytes)
   🗑️  Supprimé: bracelet-en-pierres-oeil-du-tigre-bleu/image-21.jpg (4734 bytes)
   🗑️  Supprimé: bracelet-en-pierres-oeil-du-tigre-bleu/image-10.jpg (1695 bytes)
   🗑️  Supprimé: bracelet-en-pierres-oeil-du-tigre-bleu/image-28.jpg (1724 bytes)
   🗑️  Supprimé: bracelet-en-pierres-oeil-du-tigre-bleu/image-2.jpg (2031 bytes)
   🗑️  Supprimé: bracelet-en-pierres-oeil-du-tigre-bleu/image-5.jpg (1516 bytes)
   🗑️  Supprimé: bracelet-argent-pierre-de-lune/image-9.jpg (3628 bytes)
   🗑️  Supprimé: bracelet-argent-pierre-de-lune/image-25.jpg (1724 bytes)
   🗑️  Supprimé: bracelet-argent-pierre-de-lune/image-18.jpg (4734 bytes)
   🗑️  Supprimé: bracelet-argent-pierre-de-lune/image-22.jpg (2050 bytes)
   🗑️  Supprimé: bracelet-argent-pierre-de-lune/image-20.jpg (1920 bytes)
   🗑️  Supprimé: bracelet-argent-pierre-de-lune/image-21.jpg (1699 bytes)
   🗑️  Supprimé: bracelet-argent-pierre-de-lune/image-10.jpg (1695 bytes)
   🗑️  Supprimé: bracelet-argent-pierre-de-lune/image-2.jpg (2031 bytes)
   🗑️  Supprimé: bracelet-argent-pierre-de-lune/image-4.jpg (1516 bytes)
   🗑️  Supprimé: bracelet-indien-jonc-bois-et-peint-à-la-main-jaune-et-rouge/image-8.jpg (1516 bytes)
   🗑️  Supprimé: bracelet-indien-jonc-bois-et-peint-à-la-main-jaune-et-rouge/image-25.jpg (1699 bytes)
   🗑️  Supprimé: bracelet-indien-jonc-bois-et-peint-à-la-main-jaune-et-rouge/image-31.jpg (4668 bytes)
   🗑️  Supprimé: bracelet-indien-jonc-bois-et-peint-à-la-main-jaune-et-rouge/image-24.jpg (1920 bytes)
   🗑️  Supprimé: bracelet-indien-jonc-bois-et-peint-à-la-main-jaune-et-rouge/image-26.jpg (2050 bytes)
   🗑️  Supprimé: bracelet-indien-jonc-bois-et-peint-à-la-main-jaune-et-rouge/image-27.jpg (1724 bytes)
   🗑️  Supprimé: bracelet-indien-jonc-bois-et-peint-à-la-main-jaune-et-rouge/image-21.jpg (4734 bytes)
   🗑️  Supprimé: bracelet-indien-jonc-bois-et-peint-à-la-main-jaune-et-rouge/image-13.jpg (1695 bytes)
   🗑️  Supprimé: bracelet-indien-jonc-bois-et-peint-à-la-main-jaune-et-rouge/image-12.jpg (3628 bytes)
   🗑️  Supprimé: bracelet-indien-jonc-bois-et-peint-à-la-main-jaune-et-rouge/image-2.jpg (2031 bytes)
   🗑️  Supprimé: etole-marron-clair-et-beige-avec-des-motifs-cachemire/image-25.jpg (1699 bytes)
   🗑️  Supprimé: etole-marron-clair-et-beige-avec-des-motifs-cachemire/image-24.jpg (1920 bytes)
   🗑️  Supprimé: etole-marron-clair-et-beige-avec-des-motifs-cachemire/image-22.jpg (4734 bytes)
   🗑️  Supprimé: etole-marron-clair-et-beige-avec-des-motifs-cachemire/image-10.jpg (1516 bytes)
   🗑️  Supprimé: etole-marron-clair-et-beige-avec-des-motifs-cachemire/image-12.jpg (3628 bytes)
   🗑️  Supprimé: etole-marron-clair-et-beige-avec-des-motifs-cachemire/image-29.jpg (1724 bytes)
   🗑️  Supprimé: etole-marron-clair-et-beige-avec-des-motifs-cachemire/image-14.jpg (1695 bytes)
   🗑️  Supprimé: etole-marron-clair-et-beige-avec-des-motifs-cachemire/image-28.jpg (2050 bytes)
   🗑️  Supprimé: etole-marron-clair-et-beige-avec-des-motifs-cachemire/image-2.jpg (2031 bytes)
   🗑️  Supprimé: bracelet-en-pierres-améthyste/image-24.jpg (2050 bytes)
   🗑️  Supprimé: bracelet-en-pierres-améthyste/image-26.jpg (1724 bytes)
   🗑️  Supprimé: bracelet-en-pierres-améthyste/image-22.jpg (1699 bytes)
   🗑️  Supprimé: bracelet-en-pierres-améthyste/image-20.jpg (4734 bytes)
   🗑️  Supprimé: bracelet-en-pierres-améthyste/image-21.jpg (1920 bytes)
   🗑️  Supprimé: bracelet-en-pierres-améthyste/image-10.jpg (3628 bytes)
   🗑️  Supprimé: bracelet-en-pierres-améthyste/image-11.jpg (1695 bytes)
   🗑️  Supprimé: bracelet-en-pierres-améthyste/image-1.jpg (2031 bytes)
   🗑️  Supprimé: bracelet-en-pierres-améthyste/image-7.jpg (1516 bytes)
   🗑️  Supprimé: carré-de-soie-turquoise-motifs-fleurs-et-éléphant/image-8.jpg (1516 bytes)
   🗑️  Supprimé: carré-de-soie-turquoise-motifs-fleurs-et-éléphant/image-19.jpg (1920 bytes)
   🗑️  Supprimé: carré-de-soie-turquoise-motifs-fleurs-et-éléphant/image-18.jpg (4734 bytes)
   🗑️  Supprimé: carré-de-soie-turquoise-motifs-fleurs-et-éléphant/image-24.jpg (1724 bytes)
   🗑️  Supprimé: carré-de-soie-turquoise-motifs-fleurs-et-éléphant/image-23.jpg (2050 bytes)
   🗑️  Supprimé: carré-de-soie-turquoise-motifs-fleurs-et-éléphant/image-20.jpg (1699 bytes)
   🗑️  Supprimé: carré-de-soie-turquoise-motifs-fleurs-et-éléphant/image-11.jpg (3628 bytes)
   🗑️  Supprimé: carré-de-soie-turquoise-motifs-fleurs-et-éléphant/image-13.jpg (1695 bytes)
   🗑️  Supprimé: carré-de-soie-turquoise-motifs-fleurs-et-éléphant/image-4.jpg (2031 bytes)
   🗑️  Supprimé: bracelet-souple-en-argent-avec-5-éléphants/image-9.jpg (8237 bytes)
   🗑️  Supprimé: bracelet-souple-en-argent-avec-5-éléphants/image-8.jpg (5554 bytes)
   🗑️  Supprimé: bracelet-souple-en-argent-avec-5-éléphants/image-25.jpg (1920 bytes)
   🗑️  Supprimé: bracelet-souple-en-argent-avec-5-éléphants/image-31.jpg (8947 bytes)
   🗑️  Supprimé: bracelet-souple-en-argent-avec-5-éléphants/image-19.jpg (88647 bytes)
   🗑️  Supprimé: bracelet-souple-en-argent-avec-5-éléphants/image-18.jpg (8506 bytes)
   🗑️  Supprimé: bracelet-souple-en-argent-avec-5-éléphants/image-30.jpg (10289 bytes)
   🗑️  Supprimé: bracelet-souple-en-argent-avec-5-éléphants/image-24.jpg (5411 bytes)
   🗑️  Supprimé: bracelet-souple-en-argent-avec-5-éléphants/image-32.jpg (4668 bytes)
   🗑️  Supprimé: bracelet-souple-en-argent-avec-5-éléphants/image-26.jpg (1699 bytes)
   🗑️  Supprimé: bracelet-souple-en-argent-avec-5-éléphants/image-27.jpg (2050 bytes)
   🗑️  Supprimé: bracelet-souple-en-argent-avec-5-éléphants/image-23.jpg (4734 bytes)
   🗑️  Supprimé: bracelet-souple-en-argent-avec-5-éléphants/image-22.jpg (22193 bytes)
   🗑️  Supprimé: bracelet-souple-en-argent-avec-5-éléphants/image-20.jpg (7562 bytes)
   🗑️  Supprimé: bracelet-souple-en-argent-avec-5-éléphants/image-21.jpg (7322 bytes)
   🗑️  Supprimé: bracelet-souple-en-argent-avec-5-éléphants/image-10.jpg (8441 bytes)
   🗑️  Supprimé: bracelet-souple-en-argent-avec-5-éléphants/image-11.jpg (10629 bytes)
   🗑️  Supprimé: bracelet-souple-en-argent-avec-5-éléphants/image-13.jpg (11478 bytes)
   🗑️  Supprimé: bracelet-souple-en-argent-avec-5-éléphants/image-12.jpg (3628 bytes)
   🗑️  Supprimé: bracelet-souple-en-argent-avec-5-éléphants/image-16.jpg (5676 bytes)
   🗑️  Supprimé: bracelet-souple-en-argent-avec-5-éléphants/image-17.jpg (5844 bytes)
   🗑️  Supprimé: bracelet-souple-en-argent-avec-5-éléphants/image-29.jpg (1724 bytes)
   🗑️  Supprimé: bracelet-souple-en-argent-avec-5-éléphants/image-15.jpg (6194 bytes)
   🗑️  Supprimé: bracelet-souple-en-argent-avec-5-éléphants/image-14.jpg (1695 bytes)
   🗑️  Supprimé: bracelet-souple-en-argent-avec-5-éléphants/image-28.jpg (8089 bytes)
   🗑️  Supprimé: bracelet-souple-en-argent-avec-5-éléphants/image-1.jpg (2031 bytes)
   🗑️  Supprimé: bracelet-souple-en-argent-avec-5-éléphants/image-3.jpg (20274 bytes)
   🗑️  Supprimé: bracelet-souple-en-argent-avec-5-éléphants/image-2.jpg (5705 bytes)
   🗑️  Supprimé: bracelet-souple-en-argent-avec-5-éléphants/image-6.jpg (6591 bytes)
   🗑️  Supprimé: bracelet-souple-en-argent-avec-5-éléphants/image-7.jpg (1516 bytes)
   🗑️  Supprimé: bracelet-souple-en-argent-avec-5-éléphants/image-5.jpg (14639 bytes)
   🗑️  Supprimé: bracelet-souple-en-argent-avec-5-éléphants/image-4.jpg (26374 bytes)
   🗑️  Supprimé: bracelet-tibétain-en-perles-et-pampilles/image-32.jpg (4668 bytes)
   🗑️  Supprimé: bracelet-tibétain-en-perles-et-pampilles/image-26.jpg (1724 bytes)
   🗑️  Supprimé: bracelet-tibétain-en-perles-et-pampilles/image-23.jpg (2050 bytes)
   🗑️  Supprimé: bracelet-tibétain-en-perles-et-pampilles/image-22.jpg (1699 bytes)
   🗑️  Supprimé: bracelet-tibétain-en-perles-et-pampilles/image-20.jpg (4734 bytes)
   🗑️  Supprimé: bracelet-tibétain-en-perles-et-pampilles/image-21.jpg (1920 bytes)
   🗑️  Supprimé: bracelet-tibétain-en-perles-et-pampilles/image-12.jpg (3628 bytes)
   🗑️  Supprimé: bracelet-tibétain-en-perles-et-pampilles/image-14.jpg (1695 bytes)
   🗑️  Supprimé: bracelet-tibétain-en-perles-et-pampilles/image-2.jpg (2031 bytes)
   🗑️  Supprimé: bracelet-tibétain-en-perles-et-pampilles/image-7.jpg (1516 bytes)
   🗑️  Supprimé: bracelet-argenté-perles-noires/image-9.jpg (3628 bytes)
   🗑️  Supprimé: bracelet-argenté-perles-noires/image-25.jpg (2050 bytes)
   🗑️  Supprimé: bracelet-argenté-perles-noires/image-24.jpg (1699 bytes)
   🗑️  Supprimé: bracelet-argenté-perles-noires/image-26.jpg (1724 bytes)
   🗑️  Supprimé: bracelet-argenté-perles-noires/image-23.jpg (1920 bytes)
   🗑️  Supprimé: bracelet-argenté-perles-noires/image-21.jpg (4734 bytes)
   🗑️  Supprimé: bracelet-argenté-perles-noires/image-10.jpg (1695 bytes)
   🗑️  Supprimé: bracelet-argenté-perles-noires/image-29.jpg (4653 bytes)
   🗑️  Supprimé: bracelet-argenté-perles-noires/image-1.jpg (2031 bytes)
   🗑️  Supprimé: bracelet-argenté-perles-noires/image-7.jpg (1516 bytes)
   🗑️  Supprimé: bracelet-argenté-perles-noires/image-5.jpg (4482 bytes)
   🗑️  Supprimé: boucles-doreilles-ethniques-en-argent/image-19.jpg (4734 bytes)
   🗑️  Supprimé: boucles-doreilles-ethniques-en-argent/image-24.jpg (2050 bytes)
   🗑️  Supprimé: boucles-doreilles-ethniques-en-argent/image-26.jpg (1724 bytes)
   🗑️  Supprimé: boucles-doreilles-ethniques-en-argent/image-22.jpg (1699 bytes)
   🗑️  Supprimé: boucles-doreilles-ethniques-en-argent/image-21.jpg (1920 bytes)
   🗑️  Supprimé: boucles-doreilles-ethniques-en-argent/image-11.jpg (3628 bytes)
   🗑️  Supprimé: boucles-doreilles-ethniques-en-argent/image-12.jpg (1695 bytes)
   🗑️  Supprimé: boucles-doreilles-ethniques-en-argent/image-29.jpg (4653 bytes)
   🗑️  Supprimé: boucles-doreilles-ethniques-en-argent/image-1.jpg (2031 bytes)
   🗑️  Supprimé: boucles-doreilles-ethniques-en-argent/image-7.jpg (1516 bytes)
   🗑️  Supprimé: boucles-doreilles-argent-elephant-pierre-de-lune/image-9.jpg (1516 bytes)
   🗑️  Supprimé: boucles-doreilles-argent-elephant-pierre-de-lune/image-8.jpg (4482 bytes)
   🗑️  Supprimé: boucles-doreilles-argent-elephant-pierre-de-lune/image-25.jpg (1920 bytes)
   🗑️  Supprimé: boucles-doreilles-argent-elephant-pierre-de-lune/image-30.jpg (4653 bytes)
   🗑️  Supprimé: boucles-doreilles-argent-elephant-pierre-de-lune/image-26.jpg (1699 bytes)
   🗑️  Supprimé: boucles-doreilles-argent-elephant-pierre-de-lune/image-21.jpg (4734 bytes)
   🗑️  Supprimé: boucles-doreilles-argent-elephant-pierre-de-lune/image-13.jpg (1695 bytes)
   🗑️  Supprimé: boucles-doreilles-argent-elephant-pierre-de-lune/image-12.jpg (3628 bytes)
   🗑️  Supprimé: boucles-doreilles-argent-elephant-pierre-de-lune/image-29.jpg (1724 bytes)
   🗑️  Supprimé: boucles-doreilles-argent-elephant-pierre-de-lune/image-28.jpg (2050 bytes)
   🗑️  Supprimé: boucles-doreilles-argent-elephant-pierre-de-lune/image-1.jpg (2031 bytes)
   🗑️  Supprimé: bague-argent-ajustable-avec-pierre-onyx-vert/image-25.jpg (1699 bytes)
   🗑️  Supprimé: bague-argent-ajustable-avec-pierre-onyx-vert/image-24.jpg (1920 bytes)
   🗑️  Supprimé: bague-argent-ajustable-avec-pierre-onyx-vert/image-27.jpg (2050 bytes)
   🗑️  Supprimé: bague-argent-ajustable-avec-pierre-onyx-vert/image-21.jpg (4734 bytes)
   🗑️  Supprimé: bague-argent-ajustable-avec-pierre-onyx-vert/image-11.jpg (1516 bytes)
   🗑️  Supprimé: bague-argent-ajustable-avec-pierre-onyx-vert/image-16.jpg (1695 bytes)
   🗑️  Supprimé: bague-argent-ajustable-avec-pierre-onyx-vert/image-29.jpg (4653 bytes)
   🗑️  Supprimé: bague-argent-ajustable-avec-pierre-onyx-vert/image-15.jpg (3628 bytes)
   🗑️  Supprimé: bague-argent-ajustable-avec-pierre-onyx-vert/image-28.jpg (1724 bytes)
   🗑️  Supprimé: bague-argent-ajustable-avec-pierre-onyx-vert/image-1.jpg (2031 bytes)
   🗑️  Supprimé: collier-jade-de-birmanie/image-9.jpg (3628 bytes)
   🗑️  Supprimé: collier-jade-de-birmanie/image-19.jpg (4734 bytes)
   🗑️  Supprimé: collier-jade-de-birmanie/image-26.jpg (2050 bytes)
   🗑️  Supprimé: collier-jade-de-birmanie/image-27.jpg (1724 bytes)
   🗑️  Supprimé: collier-jade-de-birmanie/image-22.jpg (1699 bytes)
   🗑️  Supprimé: collier-jade-de-birmanie/image-21.jpg (1920 bytes)
   🗑️  Supprimé: collier-jade-de-birmanie/image-10.jpg (1695 bytes)
   🗑️  Supprimé: collier-jade-de-birmanie/image-1.jpg (2031 bytes)
   🗑️  Supprimé: collier-jade-de-birmanie/image-7.jpg (1516 bytes)
   🗑️  Supprimé: bracelet-pierres-naturelles-en-jade-vert/image-9.jpg (3628 bytes)
   🗑️  Supprimé: bracelet-pierres-naturelles-en-jade-vert/image-24.jpg (1699 bytes)
   🗑️  Supprimé: bracelet-pierres-naturelles-en-jade-vert/image-26.jpg (2050 bytes)
   🗑️  Supprimé: bracelet-pierres-naturelles-en-jade-vert/image-23.jpg (1920 bytes)
   🗑️  Supprimé: bracelet-pierres-naturelles-en-jade-vert/image-20.jpg (4734 bytes)
   🗑️  Supprimé: bracelet-pierres-naturelles-en-jade-vert/image-13.jpg (1695 bytes)
   🗑️  Supprimé: bracelet-pierres-naturelles-en-jade-vert/image-28.jpg (1724 bytes)
   🗑️  Supprimé: bracelet-pierres-naturelles-en-jade-vert/image-1.jpg (2031 bytes)
   🗑️  Supprimé: bracelet-pierres-naturelles-en-jade-vert/image-5.jpg (1516 bytes)
   🗑️  Supprimé: sac-bohème-bleu-brodé-à-pompons/image-25.jpg (4734 bytes)
   🗑️  Supprimé: sac-bohème-bleu-brodé-à-pompons/image-30.jpg (1724 bytes)
   🗑️  Supprimé: sac-bohème-bleu-brodé-à-pompons/image-26.jpg (1920 bytes)
   🗑️  Supprimé: sac-bohème-bleu-brodé-à-pompons/image-27.jpg (1699 bytes)
   🗑️  Supprimé: sac-bohème-bleu-brodé-à-pompons/image-10.jpg (1516 bytes)
   🗑️  Supprimé: sac-bohème-bleu-brodé-à-pompons/image-17.jpg (1695 bytes)
   🗑️  Supprimé: sac-bohème-bleu-brodé-à-pompons/image-14.jpg (3628 bytes)
   🗑️  Supprimé: sac-bohème-bleu-brodé-à-pompons/image-28.jpg (2050 bytes)
   🗑️  Supprimé: sac-bohème-bleu-brodé-à-pompons/image-3.jpg (2031 bytes)
   🗑️  Supprimé: collier-tibetain-turquoise-et-corail-lapis-lazuli/image-25.jpg (1920 bytes)
   🗑️  Supprimé: collier-tibetain-turquoise-et-corail-lapis-lazuli/image-26.jpg (1699 bytes)
   🗑️  Supprimé: collier-tibetain-turquoise-et-corail-lapis-lazuli/image-22.jpg (4734 bytes)
   🗑️  Supprimé: collier-tibetain-turquoise-et-corail-lapis-lazuli/image-10.jpg (1516 bytes)
   🗑️  Supprimé: collier-tibetain-turquoise-et-corail-lapis-lazuli/image-29.jpg (1724 bytes)
   🗑️  Supprimé: collier-tibetain-turquoise-et-corail-lapis-lazuli/image-15.jpg (1695 bytes)
   🗑️  Supprimé: collier-tibetain-turquoise-et-corail-lapis-lazuli/image-14.jpg (3628 bytes)
   🗑️  Supprimé: collier-tibetain-turquoise-et-corail-lapis-lazuli/image-28.jpg (2050 bytes)
   🗑️  Supprimé: collier-tibetain-turquoise-et-corail-lapis-lazuli/image-1.jpg (2031 bytes)
   🗑️  Supprimé: jonc-en-argent/image-25.jpg (1699 bytes)
   🗑️  Supprimé: jonc-en-argent/image-24.jpg (1920 bytes)
   🗑️  Supprimé: jonc-en-argent/image-26.jpg (2050 bytes)
   🗑️  Supprimé: jonc-en-argent/image-22.jpg (4741 bytes)
   🗑️  Supprimé: jonc-en-argent/image-21.jpg (4734 bytes)
   🗑️  Supprimé: jonc-en-argent/image-13.jpg (1695 bytes)
   🗑️  Supprimé: jonc-en-argent/image-12.jpg (3628 bytes)
   🗑️  Supprimé: jonc-en-argent/image-28.jpg (1724 bytes)
   🗑️  Supprimé: jonc-en-argent/image-2.jpg (2031 bytes)
   🗑️  Supprimé: jonc-en-argent/image-5.jpg (1516 bytes)
   🗑️  Supprimé: boucles-doreilles-argent-et-pierre-en-cornaline/image-9.jpg (4482 bytes)
   🗑️  Supprimé: boucles-doreilles-argent-et-pierre-en-cornaline/image-25.jpg (1920 bytes)
   🗑️  Supprimé: boucles-doreilles-argent-et-pierre-en-cornaline/image-18.jpg (1695 bytes)
   🗑️  Supprimé: boucles-doreilles-argent-et-pierre-en-cornaline/image-24.jpg (4734 bytes)
   🗑️  Supprimé: boucles-doreilles-argent-et-pierre-en-cornaline/image-26.jpg (1699 bytes)
   🗑️  Supprimé: boucles-doreilles-argent-et-pierre-en-cornaline/image-10.jpg (1516 bytes)
   🗑️  Supprimé: boucles-doreilles-argent-et-pierre-en-cornaline/image-16.jpg (3628 bytes)
   🗑️  Supprimé: boucles-doreilles-argent-et-pierre-en-cornaline/image-29.jpg (1724 bytes)
   🗑️  Supprimé: boucles-doreilles-argent-et-pierre-en-cornaline/image-28.jpg (2050 bytes)
   🗑️  Supprimé: boucles-doreilles-argent-et-pierre-en-cornaline/image-1.jpg (2031 bytes)
   🗑️  Supprimé: boucles-doreille-tibétaines-fantaisie/image-25.jpg (4734 bytes)
   🗑️  Supprimé: boucles-doreille-tibétaines-fantaisie/image-31.jpg (1724 bytes)
   🗑️  Supprimé: boucles-doreille-tibétaines-fantaisie/image-18.jpg (1695 bytes)
   🗑️  Supprimé: boucles-doreille-tibétaines-fantaisie/image-27.jpg (1920 bytes)
   🗑️  Supprimé: boucles-doreille-tibétaines-fantaisie/image-20.jpg (4868 bytes)
   🗑️  Supprimé: boucles-doreille-tibétaines-fantaisie/image-17.jpg (3628 bytes)
   🗑️  Supprimé: boucles-doreille-tibétaines-fantaisie/image-29.jpg (2050 bytes)
   🗑️  Supprimé: boucles-doreille-tibétaines-fantaisie/image-14.jpg (1516 bytes)
   🗑️  Supprimé: boucles-doreille-tibétaines-fantaisie/image-28.jpg (1699 bytes)
   🗑️  Supprimé: boucles-doreille-tibétaines-fantaisie/image-2.jpg (2031 bytes)
   🗑️  Supprimé: boucles-doreilles-ethniques-résine-bleu/image-30.jpg (1724 bytes)
   🗑️  Supprimé: boucles-doreilles-ethniques-résine-bleu/image-24.jpg (1699 bytes)
   🗑️  Supprimé: boucles-doreilles-ethniques-résine-bleu/image-27.jpg (2050 bytes)
   🗑️  Supprimé: boucles-doreilles-ethniques-résine-bleu/image-23.jpg (1920 bytes)
   🗑️  Supprimé: boucles-doreilles-ethniques-résine-bleu/image-22.jpg (4734 bytes)
   🗑️  Supprimé: boucles-doreilles-ethniques-résine-bleu/image-12.jpg (1516 bytes)
   🗑️  Supprimé: boucles-doreilles-ethniques-résine-bleu/image-16.jpg (1695 bytes)
   🗑️  Supprimé: boucles-doreilles-ethniques-résine-bleu/image-15.jpg (3628 bytes)
   🗑️  Supprimé: boucles-doreilles-ethniques-résine-bleu/image-1.jpg (2031 bytes)
   🗑️  Supprimé: boucles-doreilles-ethniques-résine-bleu/image-2.jpg (4712 bytes)
   🗑️  Supprimé: sac-soie-rouge-bleu-pour-emporter-que-lessentie/image-25.jpg (1699 bytes)
   🗑️  Supprimé: sac-soie-rouge-bleu-pour-emporter-que-lessentie/image-24.jpg (1920 bytes)
   🗑️  Supprimé: sac-soie-rouge-bleu-pour-emporter-que-lessentie/image-26.jpg (2050 bytes)
   🗑️  Supprimé: sac-soie-rouge-bleu-pour-emporter-que-lessentie/image-27.jpg (1724 bytes)
   🗑️  Supprimé: sac-soie-rouge-bleu-pour-emporter-que-lessentie/image-23.jpg (4734 bytes)
   🗑️  Supprimé: sac-soie-rouge-bleu-pour-emporter-que-lessentie/image-10.jpg (1516 bytes)
   🗑️  Supprimé: sac-soie-rouge-bleu-pour-emporter-que-lessentie/image-16.jpg (1695 bytes)
   🗑️  Supprimé: sac-soie-rouge-bleu-pour-emporter-que-lessentie/image-14.jpg (3628 bytes)
   🗑️  Supprimé: sac-soie-rouge-bleu-pour-emporter-que-lessentie/image-3.jpg (2031 bytes)
   🗑️  Supprimé: foulard-rose-en-100soie-à-motifs-verts-et-rouge/image-25.jpg (4734 bytes)
   🗑️  Supprimé: foulard-rose-en-100soie-à-motifs-verts-et-rouge/image-18.jpg (1695 bytes)
   🗑️  Supprimé: foulard-rose-en-100soie-à-motifs-verts-et-rouge/image-30.jpg (1724 bytes)
   🗑️  Supprimé: foulard-rose-en-100soie-à-motifs-verts-et-rouge/image-26.jpg (1920 bytes)
   🗑️  Supprimé: foulard-rose-en-100soie-à-motifs-verts-et-rouge/image-27.jpg (1699 bytes)
   🗑️  Supprimé: foulard-rose-en-100soie-à-motifs-verts-et-rouge/image-13.jpg (1516 bytes)
   🗑️  Supprimé: foulard-rose-en-100soie-à-motifs-verts-et-rouge/image-16.jpg (3628 bytes)
   🗑️  Supprimé: foulard-rose-en-100soie-à-motifs-verts-et-rouge/image-28.jpg (2050 bytes)
   🗑️  Supprimé: foulard-rose-en-100soie-à-motifs-verts-et-rouge/image-3.jpg (2031 bytes)
   🗑️  Supprimé: bracelet-pierre-agate-verte-et-un-coeur/image-25.jpg (2050 bytes)
   🗑️  Supprimé: bracelet-pierre-agate-verte-et-un-coeur/image-24.jpg (1699 bytes)
   🗑️  Supprimé: bracelet-pierre-agate-verte-et-un-coeur/image-23.jpg (1920 bytes)
   🗑️  Supprimé: bracelet-pierre-agate-verte-et-un-coeur/image-21.jpg (4734 bytes)
   🗑️  Supprimé: bracelet-pierre-agate-verte-et-un-coeur/image-10.jpg (3628 bytes)
   🗑️  Supprimé: bracelet-pierre-agate-verte-et-un-coeur/image-13.jpg (1695 bytes)
   🗑️  Supprimé: bracelet-pierre-agate-verte-et-un-coeur/image-28.jpg (1724 bytes)
   🗑️  Supprimé: bracelet-pierre-agate-verte-et-un-coeur/image-2.jpg (2031 bytes)
   🗑️  Supprimé: bracelet-pierre-agate-verte-et-un-coeur/image-7.jpg (1516 bytes)
   🗑️  Supprimé: bracelet-pierre-turquoise-et-un-arbre-de-vie/image-26.jpg (2050 bytes)
   🗑️  Supprimé: bracelet-pierre-turquoise-et-un-arbre-de-vie/image-23.jpg (1699 bytes)
   🗑️  Supprimé: bracelet-pierre-turquoise-et-un-arbre-de-vie/image-22.jpg (1920 bytes)
   🗑️  Supprimé: bracelet-pierre-turquoise-et-un-arbre-de-vie/image-21.jpg (4734 bytes)
   🗑️  Supprimé: bracelet-pierre-turquoise-et-un-arbre-de-vie/image-10.jpg (1516 bytes)
   🗑️  Supprimé: bracelet-pierre-turquoise-et-un-arbre-de-vie/image-12.jpg (3628 bytes)
   🗑️  Supprimé: bracelet-pierre-turquoise-et-un-arbre-de-vie/image-14.jpg (1695 bytes)
   🗑️  Supprimé: bracelet-pierre-turquoise-et-un-arbre-de-vie/image-28.jpg (1724 bytes)
   🗑️  Supprimé: bracelet-pierre-turquoise-et-un-arbre-de-vie/image-2.jpg (2031 bytes)
   🗑️  Supprimé: bracelet-pierre-lapis-lazuli-avec-breloque/image-25.jpg (1699 bytes)
   🗑️  Supprimé: bracelet-pierre-lapis-lazuli-avec-breloque/image-30.jpg (1724 bytes)
   🗑️  Supprimé: bracelet-pierre-lapis-lazuli-avec-breloque/image-24.jpg (1920 bytes)
   🗑️  Supprimé: bracelet-pierre-lapis-lazuli-avec-breloque/image-22.jpg (4734 bytes)
   🗑️  Supprimé: bracelet-pierre-lapis-lazuli-avec-breloque/image-10.jpg (3628 bytes)
   🗑️  Supprimé: bracelet-pierre-lapis-lazuli-avec-breloque/image-14.jpg (1695 bytes)
   🗑️  Supprimé: bracelet-pierre-lapis-lazuli-avec-breloque/image-28.jpg (2050 bytes)
   🗑️  Supprimé: bracelet-pierre-lapis-lazuli-avec-breloque/image-2.jpg (2031 bytes)
   🗑️  Supprimé: bracelet-pierre-lapis-lazuli-avec-breloque/image-6.jpg (1516 bytes)
   🗑️  Supprimé: bracelet-tibetain-argenté-avec-un-petit-éléphant/image-25.jpg (1920 bytes)
   🗑️  Supprimé: bracelet-tibetain-argenté-avec-un-petit-éléphant/image-32.jpg (4668 bytes)
   🗑️  Supprimé: bracelet-tibetain-argenté-avec-un-petit-éléphant/image-26.jpg (1699 bytes)
   🗑️  Supprimé: bracelet-tibetain-argenté-avec-un-petit-éléphant/image-27.jpg (2050 bytes)
   🗑️  Supprimé: bracelet-tibetain-argenté-avec-un-petit-éléphant/image-23.jpg (4741 bytes)
   🗑️  Supprimé: bracelet-tibetain-argenté-avec-un-petit-éléphant/image-21.jpg (4734 bytes)
   🗑️  Supprimé: bracelet-tibetain-argenté-avec-un-petit-éléphant/image-13.jpg (1695 bytes)
   🗑️  Supprimé: bracelet-tibetain-argenté-avec-un-petit-éléphant/image-12.jpg (3628 bytes)
   🗑️  Supprimé: bracelet-tibetain-argenté-avec-un-petit-éléphant/image-29.jpg (1724 bytes)
   🗑️  Supprimé: bracelet-tibetain-argenté-avec-un-petit-éléphant/image-2.jpg (2031 bytes)
   🗑️  Supprimé: bracelet-tibetain-argenté-avec-un-petit-éléphant/image-7.jpg (1516 bytes)
   🗑️  Supprimé: bague-argent-fine-martelée-et-rubis-indien/image-9.jpg (1516 bytes)
   🗑️  Supprimé: bague-argent-fine-martelée-et-rubis-indien/image-25.jpg (1920 bytes)
   🗑️  Supprimé: bague-argent-fine-martelée-et-rubis-indien/image-24.jpg (4734 bytes)
   🗑️  Supprimé: bague-argent-fine-martelée-et-rubis-indien/image-26.jpg (1699 bytes)
   🗑️  Supprimé: bague-argent-fine-martelée-et-rubis-indien/image-27.jpg (2050 bytes)
   🗑️  Supprimé: bague-argent-fine-martelée-et-rubis-indien/image-13.jpg (3628 bytes)
   🗑️  Supprimé: bague-argent-fine-martelée-et-rubis-indien/image-14.jpg (1695 bytes)
   🗑️  Supprimé: bague-argent-fine-martelée-et-rubis-indien/image-28.jpg (1724 bytes)
   🗑️  Supprimé: bague-argent-fine-martelée-et-rubis-indien/image-1.jpg (2031 bytes)
   🗑️  Supprimé: bracelet-quartz-rose-fermoir-perle/image-25.jpg (1699 bytes)
   🗑️  Supprimé: bracelet-quartz-rose-fermoir-perle/image-30.jpg (1724 bytes)
   🗑️  Supprimé: bracelet-quartz-rose-fermoir-perle/image-24.jpg (1920 bytes)
   🗑️  Supprimé: bracelet-quartz-rose-fermoir-perle/image-23.jpg (4741 bytes)
   🗑️  Supprimé: bracelet-quartz-rose-fermoir-perle/image-22.jpg (4734 bytes)
   🗑️  Supprimé: bracelet-quartz-rose-fermoir-perle/image-11.jpg (3628 bytes)
   🗑️  Supprimé: bracelet-quartz-rose-fermoir-perle/image-12.jpg (1695 bytes)
   🗑️  Supprimé: bracelet-quartz-rose-fermoir-perle/image-28.jpg (2050 bytes)
   🗑️  Supprimé: bracelet-quartz-rose-fermoir-perle/image-1.jpg (2031 bytes)
   🗑️  Supprimé: bracelet-quartz-rose-fermoir-perle/image-7.jpg (1516 bytes)
   🗑️  Supprimé: bracelet-pierre-multi-stone/image-8.jpg (3628 bytes)
   🗑️  Supprimé: bracelet-pierre-multi-stone/image-26.jpg (2050 bytes)
   🗑️  Supprimé: bracelet-pierre-multi-stone/image-23.jpg (1699 bytes)
   🗑️  Supprimé: bracelet-pierre-multi-stone/image-22.jpg (1920 bytes)
   🗑️  Supprimé: bracelet-pierre-multi-stone/image-21.jpg (4734 bytes)
   🗑️  Supprimé: bracelet-pierre-multi-stone/image-10.jpg (1695 bytes)
   🗑️  Supprimé: bracelet-pierre-multi-stone/image-28.jpg (1724 bytes)
   🗑️  Supprimé: bracelet-pierre-multi-stone/image-1.jpg (2031 bytes)
   🗑️  Supprimé: bracelet-pierre-multi-stone/image-6.jpg (1516 bytes)
   🗑️  Supprimé: bague-triangle-argent-avec-une-pierre-ovale-pierre-de-lune/image-9.jpg (1516 bytes)
   🗑️  Supprimé: bague-triangle-argent-avec-une-pierre-ovale-pierre-de-lune/image-8.jpg (4482 bytes)
   🗑️  Supprimé: bague-triangle-argent-avec-une-pierre-ovale-pierre-de-lune/image-30.jpg (4653 bytes)
   🗑️  Supprimé: bague-triangle-argent-avec-une-pierre-ovale-pierre-de-lune/image-26.jpg (2050 bytes)
   🗑️  Supprimé: bague-triangle-argent-avec-une-pierre-ovale-pierre-de-lune/image-27.jpg (1724 bytes)
   🗑️  Supprimé: bague-triangle-argent-avec-une-pierre-ovale-pierre-de-lune/image-23.jpg (1699 bytes)
   🗑️  Supprimé: bague-triangle-argent-avec-une-pierre-ovale-pierre-de-lune/image-22.jpg (1920 bytes)
   🗑️  Supprimé: bague-triangle-argent-avec-une-pierre-ovale-pierre-de-lune/image-20.jpg (4734 bytes)
   🗑️  Supprimé: bague-triangle-argent-avec-une-pierre-ovale-pierre-de-lune/image-13.jpg (1695 bytes)
   🗑️  Supprimé: bague-triangle-argent-avec-une-pierre-ovale-pierre-de-lune/image-12.jpg (3628 bytes)
   🗑️  Supprimé: bague-triangle-argent-avec-une-pierre-ovale-pierre-de-lune/image-2.jpg (2031 bytes)
   🗑️  Supprimé: collier-argent-avec-pendentif-en-calcédoine-bleu-foncé/image-9.jpg (1516 bytes)
   🗑️  Supprimé: collier-argent-avec-pendentif-en-calcédoine-bleu-foncé/image-25.jpg (1920 bytes)
   🗑️  Supprimé: collier-argent-avec-pendentif-en-calcédoine-bleu-foncé/image-31.jpg (4653 bytes)
   🗑️  Supprimé: collier-argent-avec-pendentif-en-calcédoine-bleu-foncé/image-26.jpg (1699 bytes)
   🗑️  Supprimé: collier-argent-avec-pendentif-en-calcédoine-bleu-foncé/image-23.jpg (4734 bytes)
   🗑️  Supprimé: collier-argent-avec-pendentif-en-calcédoine-bleu-foncé/image-13.jpg (3628 bytes)
   🗑️  Supprimé: collier-argent-avec-pendentif-en-calcédoine-bleu-foncé/image-29.jpg (1724 bytes)
   🗑️  Supprimé: collier-argent-avec-pendentif-en-calcédoine-bleu-foncé/image-14.jpg (1695 bytes)
   🗑️  Supprimé: collier-argent-avec-pendentif-en-calcédoine-bleu-foncé/image-28.jpg (2050 bytes)
   🗑️  Supprimé: collier-argent-avec-pendentif-en-calcédoine-bleu-foncé/image-1.jpg (2031 bytes)
   🗑️  Supprimé: collier-pierres-améthyste/image-30.jpg (1724 bytes)
   🗑️  Supprimé: collier-pierres-améthyste/image-24.jpg (1699 bytes)
   🗑️  Supprimé: collier-pierres-améthyste/image-27.jpg (2050 bytes)
   🗑️  Supprimé: collier-pierres-améthyste/image-23.jpg (1920 bytes)
   🗑️  Supprimé: collier-pierres-améthyste/image-21.jpg (4734 bytes)
   🗑️  Supprimé: collier-pierres-améthyste/image-11.jpg (3628 bytes)
   🗑️  Supprimé: collier-pierres-améthyste/image-13.jpg (1695 bytes)
   🗑️  Supprimé: collier-pierres-améthyste/image-1.jpg (2031 bytes)
   🗑️  Supprimé: collier-pierres-améthyste/image-7.jpg (1516 bytes)
   🗑️  Supprimé: boucles-doreilles-fantaisie-noir-et-blanc/image-19.jpg (4868 bytes)
   🗑️  Supprimé: boucles-doreilles-fantaisie-noir-et-blanc/image-30.jpg (2050 bytes)
   🗑️  Supprimé: boucles-doreilles-fantaisie-noir-et-blanc/image-24.jpg (4734 bytes)
   🗑️  Supprimé: boucles-doreilles-fantaisie-noir-et-blanc/image-32.jpg (1724 bytes)
   🗑️  Supprimé: boucles-doreilles-fantaisie-noir-et-blanc/image-27.jpg (1920 bytes)
   🗑️  Supprimé: boucles-doreilles-fantaisie-noir-et-blanc/image-12.jpg (1516 bytes)
   🗑️  Supprimé: boucles-doreilles-fantaisie-noir-et-blanc/image-16.jpg (1695 bytes)
   🗑️  Supprimé: boucles-doreilles-fantaisie-noir-et-blanc/image-15.jpg (3628 bytes)
   🗑️  Supprimé: boucles-doreilles-fantaisie-noir-et-blanc/image-28.jpg (1699 bytes)
   🗑️  Supprimé: boucles-doreilles-fantaisie-noir-et-blanc/image-2.jpg (2031 bytes)
   🗑️  Supprimé: collier-mala-tibétain-pierre-de-lune-pierre-8-mm/image-9.jpg (1516 bytes)
   🗑️  Supprimé: collier-mala-tibétain-pierre-de-lune-pierre-8-mm/image-25.jpg (1699 bytes)
   🗑️  Supprimé: collier-mala-tibétain-pierre-de-lune-pierre-8-mm/image-24.jpg (1920 bytes)
   🗑️  Supprimé: collier-mala-tibétain-pierre-de-lune-pierre-8-mm/image-27.jpg (2050 bytes)
   🗑️  Supprimé: collier-mala-tibétain-pierre-de-lune-pierre-8-mm/image-23.jpg (4734 bytes)
   🗑️  Supprimé: collier-mala-tibétain-pierre-de-lune-pierre-8-mm/image-12.jpg (3628 bytes)
   🗑️  Supprimé: collier-mala-tibétain-pierre-de-lune-pierre-8-mm/image-14.jpg (1695 bytes)
   🗑️  Supprimé: collier-mala-tibétain-pierre-de-lune-pierre-8-mm/image-28.jpg (1724 bytes)
   🗑️  Supprimé: collier-mala-tibétain-pierre-de-lune-pierre-8-mm/image-1.jpg (2031 bytes)
   🗑️  Supprimé: collier-pierres-6mm-en-quartz-rose/image-9.jpg (3628 bytes)
   🗑️  Supprimé: collier-pierres-6mm-en-quartz-rose/image-25.jpg (2050 bytes)
   🗑️  Supprimé: collier-pierres-6mm-en-quartz-rose/image-19.jpg (4734 bytes)
   🗑️  Supprimé: collier-pierres-6mm-en-quartz-rose/image-27.jpg (1724 bytes)
   🗑️  Supprimé: collier-pierres-6mm-en-quartz-rose/image-23.jpg (1699 bytes)
   🗑️  Supprimé: collier-pierres-6mm-en-quartz-rose/image-22.jpg (1920 bytes)
   🗑️  Supprimé: collier-pierres-6mm-en-quartz-rose/image-10.jpg (1695 bytes)
   🗑️  Supprimé: collier-pierres-6mm-en-quartz-rose/image-2.jpg (2031 bytes)
   🗑️  Supprimé: collier-pierres-6mm-en-quartz-rose/image-5.jpg (1516 bytes)
   🗑️  Supprimé: bracelet-pierres-naturelles-labradorite-et-hematite/image-8.jpg (1516 bytes)
   🗑️  Supprimé: bracelet-pierres-naturelles-labradorite-et-hematite/image-24.jpg (1699 bytes)
   🗑️  Supprimé: bracelet-pierres-naturelles-labradorite-et-hematite/image-26.jpg (2050 bytes)
   🗑️  Supprimé: bracelet-pierres-naturelles-labradorite-et-hematite/image-23.jpg (1920 bytes)
   🗑️  Supprimé: bracelet-pierres-naturelles-labradorite-et-hematite/image-21.jpg (4734 bytes)
   🗑️  Supprimé: bracelet-pierres-naturelles-labradorite-et-hematite/image-10.jpg (3628 bytes)
   🗑️  Supprimé: bracelet-pierres-naturelles-labradorite-et-hematite/image-12.jpg (1695 bytes)
   🗑️  Supprimé: bracelet-pierres-naturelles-labradorite-et-hematite/image-28.jpg (1724 bytes)
   🗑️  Supprimé: bracelet-pierres-naturelles-labradorite-et-hematite/image-2.jpg (2031 bytes)
   🗑️  Supprimé: bracelet-indien-jonc-laiton-et-peint-à-la-main/image-9.jpg (1516 bytes)
   🗑️  Supprimé: bracelet-indien-jonc-laiton-et-peint-à-la-main/image-25.jpg (2050 bytes)
   🗑️  Supprimé: bracelet-indien-jonc-laiton-et-peint-à-la-main/image-24.jpg (1699 bytes)
   🗑️  Supprimé: bracelet-indien-jonc-laiton-et-peint-à-la-main/image-23.jpg (1920 bytes)
   🗑️  Supprimé: bracelet-indien-jonc-laiton-et-peint-à-la-main/image-22.jpg (4734 bytes)
   🗑️  Supprimé: bracelet-indien-jonc-laiton-et-peint-à-la-main/image-16.jpg (1695 bytes)
   🗑️  Supprimé: bracelet-indien-jonc-laiton-et-peint-à-la-main/image-15.jpg (3628 bytes)
   🗑️  Supprimé: bracelet-indien-jonc-laiton-et-peint-à-la-main/image-28.jpg (1724 bytes)
   🗑️  Supprimé: bracelet-indien-jonc-laiton-et-peint-à-la-main/image-2.jpg (2031 bytes)
   🗑️  Supprimé: chaine-de-chevilles-argentée-perles-couleur/image-25.jpg (1724 bytes)
   🗑️  Supprimé: chaine-de-chevilles-argentée-perles-couleur/image-24.jpg (2050 bytes)
   🗑️  Supprimé: chaine-de-chevilles-argentée-perles-couleur/image-22.jpg (1699 bytes)
   🗑️  Supprimé: chaine-de-chevilles-argentée-perles-couleur/image-21.jpg (1920 bytes)
   🗑️  Supprimé: chaine-de-chevilles-argentée-perles-couleur/image-11.jpg (3628 bytes)
   🗑️  Supprimé: chaine-de-chevilles-argentée-perles-couleur/image-12.jpg (1695 bytes)
   🗑️  Supprimé: chaine-de-chevilles-argentée-perles-couleur/image-17.jpg (4734 bytes)
   🗑️  Supprimé: chaine-de-chevilles-argentée-perles-couleur/image-28.jpg (4653 bytes)
   🗑️  Supprimé: chaine-de-chevilles-argentée-perles-couleur/image-1.jpg (2031 bytes)
   🗑️  Supprimé: chaine-de-chevilles-argentée-perles-couleur/image-7.jpg (1516 bytes)
   🗑️  Supprimé: foulard-100-coton-rouge-et-motifs/image-9.jpg (1516 bytes)
   🗑️  Supprimé: foulard-100-coton-rouge-et-motifs/image-25.jpg (1724 bytes)
   🗑️  Supprimé: foulard-100-coton-rouge-et-motifs/image-19.jpg (4734 bytes)
   🗑️  Supprimé: foulard-100-coton-rouge-et-motifs/image-24.jpg (2050 bytes)
   🗑️  Supprimé: foulard-100-coton-rouge-et-motifs/image-20.jpg (1920 bytes)
   🗑️  Supprimé: foulard-100-coton-rouge-et-motifs/image-21.jpg (1699 bytes)
   🗑️  Supprimé: foulard-100-coton-rouge-et-motifs/image-11.jpg (3628 bytes)
   🗑️  Supprimé: foulard-100-coton-rouge-et-motifs/image-14.jpg (1695 bytes)
   🗑️  Supprimé: foulard-100-coton-rouge-et-motifs/image-3.jpg (2031 bytes)
   🗑️  Supprimé: grande-écharpe-orange-et-blanche-en-laine/image-26.jpg (2050 bytes)
   🗑️  Supprimé: grande-écharpe-orange-et-blanche-en-laine/image-27.jpg (1724 bytes)
   🗑️  Supprimé: grande-écharpe-orange-et-blanche-en-laine/image-23.jpg (1699 bytes)
   🗑️  Supprimé: grande-écharpe-orange-et-blanche-en-laine/image-22.jpg (1920 bytes)
   🗑️  Supprimé: grande-écharpe-orange-et-blanche-en-laine/image-21.jpg (4734 bytes)
   🗑️  Supprimé: grande-écharpe-orange-et-blanche-en-laine/image-11.jpg (1516 bytes)
   🗑️  Supprimé: grande-écharpe-orange-et-blanche-en-laine/image-17.jpg (1695 bytes)
   🗑️  Supprimé: grande-écharpe-orange-et-blanche-en-laine/image-14.jpg (3628 bytes)
   🗑️  Supprimé: grande-écharpe-orange-et-blanche-en-laine/image-4.jpg (2031 bytes)
   🗑️  Supprimé: bracelet-manchette-lamelles-argentées/image-25.jpg (2050 bytes)
   🗑️  Supprimé: bracelet-manchette-lamelles-argentées/image-24.jpg (1699 bytes)
   🗑️  Supprimé: bracelet-manchette-lamelles-argentées/image-27.jpg (1724 bytes)
   🗑️  Supprimé: bracelet-manchette-lamelles-argentées/image-22.jpg (1920 bytes)
   🗑️  Supprimé: bracelet-manchette-lamelles-argentées/image-21.jpg (4734 bytes)
   🗑️  Supprimé: bracelet-manchette-lamelles-argentées/image-13.jpg (3628 bytes)
   🗑️  Supprimé: bracelet-manchette-lamelles-argentées/image-14.jpg (1695 bytes)
   🗑️  Supprimé: bracelet-manchette-lamelles-argentées/image-1.jpg (2031 bytes)
   🗑️  Supprimé: bracelet-manchette-lamelles-argentées/image-7.jpg (1516 bytes)
   🗑️  Supprimé: pashmina-100-cachemire-bleurouge/image-8.jpg (1516 bytes)
   🗑️  Supprimé: pashmina-100-cachemire-bleurouge/image-25.jpg (1724 bytes)
   🗑️  Supprimé: pashmina-100-cachemire-bleurouge/image-19.jpg (4734 bytes)
   🗑️  Supprimé: pashmina-100-cachemire-bleurouge/image-24.jpg (2050 bytes)
   🗑️  Supprimé: pashmina-100-cachemire-bleurouge/image-22.jpg (1699 bytes)
   🗑️  Supprimé: pashmina-100-cachemire-bleurouge/image-21.jpg (1920 bytes)
   🗑️  Supprimé: pashmina-100-cachemire-bleurouge/image-11.jpg (3628 bytes)
   🗑️  Supprimé: pashmina-100-cachemire-bleurouge/image-12.jpg (1695 bytes)
   🗑️  Supprimé: pashmina-100-cachemire-bleurouge/image-3.jpg (2031 bytes)
   🗑️  Supprimé: etole-rose-et-blanche-motifs-cachemire-matière-naturelle-et-végétale/image-19.jpg (1695 bytes)
   🗑️  Supprimé: etole-rose-et-blanche-motifs-cachemire-matière-naturelle-et-végétale/image-24.jpg (1699 bytes)
   🗑️  Supprimé: etole-rose-et-blanche-motifs-cachemire-matière-naturelle-et-végétale/image-26.jpg (2050 bytes)
   🗑️  Supprimé: etole-rose-et-blanche-motifs-cachemire-matière-naturelle-et-végétale/image-27.jpg (1724 bytes)
   🗑️  Supprimé: etole-rose-et-blanche-motifs-cachemire-matière-naturelle-et-végétale/image-23.jpg (1920 bytes)
   🗑️  Supprimé: etole-rose-et-blanche-motifs-cachemire-matière-naturelle-et-végétale/image-22.jpg (4734 bytes)
   🗑️  Supprimé: etole-rose-et-blanche-motifs-cachemire-matière-naturelle-et-végétale/image-17.jpg (3628 bytes)
   🗑️  Supprimé: etole-rose-et-blanche-motifs-cachemire-matière-naturelle-et-végétale/image-14.jpg (1516 bytes)
   🗑️  Supprimé: etole-rose-et-blanche-motifs-cachemire-matière-naturelle-et-végétale/image-5.jpg (2031 bytes)
   🗑️  Supprimé: figurine-en-bois-tête-de-bouddha/image-25.jpg (1699 bytes)
   🗑️  Supprimé: figurine-en-bois-tête-de-bouddha/image-24.jpg (1920 bytes)
   🗑️  Supprimé: figurine-en-bois-tête-de-bouddha/image-23.jpg (4734 bytes)
   🗑️  Supprimé: figurine-en-bois-tête-de-bouddha/image-11.jpg (1516 bytes)
   🗑️  Supprimé: figurine-en-bois-tête-de-bouddha/image-16.jpg (1695 bytes)
   🗑️  Supprimé: figurine-en-bois-tête-de-bouddha/image-29.jpg (1724 bytes)
   🗑️  Supprimé: figurine-en-bois-tête-de-bouddha/image-15.jpg (3628 bytes)
   🗑️  Supprimé: figurine-en-bois-tête-de-bouddha/image-28.jpg (2050 bytes)
   🗑️  Supprimé: figurine-en-bois-tête-de-bouddha/image-3.jpg (2031 bytes)
   🗑️  Supprimé: chaine-de-chevilles-pierres-6mm-7-chakras-avec-perles-dorées/image-25.jpg (4734 bytes)
   🗑️  Supprimé: chaine-de-chevilles-pierres-6mm-7-chakras-avec-perles-dorées/image-31.jpg (1724 bytes)
   🗑️  Supprimé: chaine-de-chevilles-pierres-6mm-7-chakras-avec-perles-dorées/image-30.jpg (2050 bytes)
   🗑️  Supprimé: chaine-de-chevilles-pierres-6mm-7-chakras-avec-perles-dorées/image-27.jpg (1920 bytes)
   🗑️  Supprimé: chaine-de-chevilles-pierres-6mm-7-chakras-avec-perles-dorées/image-20.jpg (4868 bytes)
   🗑️  Supprimé: chaine-de-chevilles-pierres-6mm-7-chakras-avec-perles-dorées/image-11.jpg (1516 bytes)
   🗑️  Supprimé: chaine-de-chevilles-pierres-6mm-7-chakras-avec-perles-dorées/image-16.jpg (1695 bytes)
   🗑️  Supprimé: chaine-de-chevilles-pierres-6mm-7-chakras-avec-perles-dorées/image-15.jpg (3628 bytes)
   🗑️  Supprimé: chaine-de-chevilles-pierres-6mm-7-chakras-avec-perles-dorées/image-28.jpg (1699 bytes)
   🗑️  Supprimé: chaine-de-chevilles-pierres-6mm-7-chakras-avec-perles-dorées/image-1.jpg (2031 bytes)
   🗑️  Supprimé: bracelet-pierre-en-oeil-du-tigre-sur-macramé/image-8.jpg (1516 bytes)
   🗑️  Supprimé: bracelet-pierre-en-oeil-du-tigre-sur-macramé/image-25.jpg (2050 bytes)
   🗑️  Supprimé: bracelet-pierre-en-oeil-du-tigre-sur-macramé/image-23.jpg (1699 bytes)
   🗑️  Supprimé: bracelet-pierre-en-oeil-du-tigre-sur-macramé/image-22.jpg (1920 bytes)
   🗑️  Supprimé: bracelet-pierre-en-oeil-du-tigre-sur-macramé/image-20.jpg (4734 bytes)
   🗑️  Supprimé: bracelet-pierre-en-oeil-du-tigre-sur-macramé/image-12.jpg (3628 bytes)
   🗑️  Supprimé: bracelet-pierre-en-oeil-du-tigre-sur-macramé/image-14.jpg (1695 bytes)
   🗑️  Supprimé: bracelet-pierre-en-oeil-du-tigre-sur-macramé/image-28.jpg (1724 bytes)
   🗑️  Supprimé: bracelet-pierre-en-oeil-du-tigre-sur-macramé/image-1.jpg (2031 bytes)
   🗑️  Supprimé: chaine-de-chevilles-argent-avec-perles-en-argent-et-onyx-noir/image-9.jpg (5292 bytes)
   🗑️  Supprimé: chaine-de-chevilles-argent-avec-perles-en-argent-et-onyx-noir/image-8.jpg (5063 bytes)
   🗑️  Supprimé: chaine-de-chevilles-argent-avec-perles-en-argent-et-onyx-noir/image-25.jpg (1724 bytes)
   🗑️  Supprimé: chaine-de-chevilles-argent-avec-perles-en-argent-et-onyx-noir/image-31.jpg (7612 bytes)
   🗑️  Supprimé: chaine-de-chevilles-argent-avec-perles-en-argent-et-onyx-noir/image-19.jpg (6678 bytes)
   🗑️  Supprimé: chaine-de-chevilles-argent-avec-perles-en-argent-et-onyx-noir/image-18.jpg (6512 bytes)
   🗑️  Supprimé: chaine-de-chevilles-argent-avec-perles-en-argent-et-onyx-noir/image-30.jpg (11125 bytes)
   🗑️  Supprimé: chaine-de-chevilles-argent-avec-perles-en-argent-et-onyx-noir/image-24.jpg (2050 bytes)
   🗑️  Supprimé: chaine-de-chevilles-argent-avec-perles-en-argent-et-onyx-noir/image-32.jpg (8399 bytes)
   🗑️  Supprimé: chaine-de-chevilles-argent-avec-perles-en-argent-et-onyx-noir/image-26.jpg (7473 bytes)
   🗑️  Supprimé: chaine-de-chevilles-argent-avec-perles-en-argent-et-onyx-noir/image-27.jpg (7128 bytes)
   🗑️  Supprimé: chaine-de-chevilles-argent-avec-perles-en-argent-et-onyx-noir/image-23.jpg (7087 bytes)
   🗑️  Supprimé: chaine-de-chevilles-argent-avec-perles-en-argent-et-onyx-noir/image-22.jpg (1699 bytes)
   🗑️  Supprimé: chaine-de-chevilles-argent-avec-perles-en-argent-et-onyx-noir/image-20.jpg (4734 bytes)
   🗑️  Supprimé: chaine-de-chevilles-argent-avec-perles-en-argent-et-onyx-noir/image-21.jpg (1920 bytes)
   🗑️  Supprimé: chaine-de-chevilles-argent-avec-perles-en-argent-et-onyx-noir/image-10.jpg (1516 bytes)
   🗑️  Supprimé: chaine-de-chevilles-argent-avec-perles-en-argent-et-onyx-noir/image-11.jpg (7531 bytes)
   🗑️  Supprimé: chaine-de-chevilles-argent-avec-perles-en-argent-et-onyx-noir/image-13.jpg (3628 bytes)
   🗑️  Supprimé: chaine-de-chevilles-argent-avec-perles-en-argent-et-onyx-noir/image-12.jpg (9124 bytes)
   🗑️  Supprimé: chaine-de-chevilles-argent-avec-perles-en-argent-et-onyx-noir/image-16.jpg (7428 bytes)
   🗑️  Supprimé: chaine-de-chevilles-argent-avec-perles-en-argent-et-onyx-noir/image-17.jpg (5558 bytes)
   🗑️  Supprimé: chaine-de-chevilles-argent-avec-perles-en-argent-et-onyx-noir/image-29.jpg (8663 bytes)
   🗑️  Supprimé: chaine-de-chevilles-argent-avec-perles-en-argent-et-onyx-noir/image-15.jpg (7311 bytes)
   🗑️  Supprimé: chaine-de-chevilles-argent-avec-perles-en-argent-et-onyx-noir/image-14.jpg (1695 bytes)
   🗑️  Supprimé: chaine-de-chevilles-argent-avec-perles-en-argent-et-onyx-noir/image-28.jpg (4653 bytes)
   🗑️  Supprimé: chaine-de-chevilles-argent-avec-perles-en-argent-et-onyx-noir/image-1.jpg (2031 bytes)
   🗑️  Supprimé: chaine-de-chevilles-argent-avec-perles-en-argent-et-onyx-noir/image-3.jpg (7042 bytes)
   🗑️  Supprimé: chaine-de-chevilles-argent-avec-perles-en-argent-et-onyx-noir/image-2.jpg (20891 bytes)
   🗑️  Supprimé: chaine-de-chevilles-argent-avec-perles-en-argent-et-onyx-noir/image-6.jpg (14639 bytes)
   🗑️  Supprimé: chaine-de-chevilles-argent-avec-perles-en-argent-et-onyx-noir/image-7.jpg (8932 bytes)
   🗑️  Supprimé: chaine-de-chevilles-argent-avec-perles-en-argent-et-onyx-noir/image-5.jpg (12879 bytes)
   🗑️  Supprimé: chaine-de-chevilles-argent-avec-perles-en-argent-et-onyx-noir/image-4.jpg (11052 bytes)
   🗑️  Supprimé: bracelet-tibetain-en-lapis-lazuli-et-corail/image-9.jpg (1516 bytes)
   🗑️  Supprimé: bracelet-tibetain-en-lapis-lazuli-et-corail/image-24.jpg (2050 bytes)
   🗑️  Supprimé: bracelet-tibetain-en-lapis-lazuli-et-corail/image-32.jpg (4668 bytes)
   🗑️  Supprimé: bracelet-tibetain-en-lapis-lazuli-et-corail/image-26.jpg (1724 bytes)
   🗑️  Supprimé: bracelet-tibetain-en-lapis-lazuli-et-corail/image-23.jpg (1699 bytes)
   🗑️  Supprimé: bracelet-tibetain-en-lapis-lazuli-et-corail/image-22.jpg (1920 bytes)
   🗑️  Supprimé: bracelet-tibetain-en-lapis-lazuli-et-corail/image-20.jpg (4734 bytes)
   🗑️  Supprimé: bracelet-tibetain-en-lapis-lazuli-et-corail/image-13.jpg (3628 bytes)
   🗑️  Supprimé: bracelet-tibetain-en-lapis-lazuli-et-corail/image-14.jpg (1695 bytes)
   🗑️  Supprimé: bracelet-tibetain-en-lapis-lazuli-et-corail/image-2.jpg (2031 bytes)
   🗑️  Supprimé: collier-mala-tibétain-opale-pierre-8-mm/image-9.jpg (3628 bytes)
   🗑️  Supprimé: collier-mala-tibétain-opale-pierre-8-mm/image-26.jpg (2050 bytes)
   🗑️  Supprimé: collier-mala-tibétain-opale-pierre-8-mm/image-23.jpg (1699 bytes)
   🗑️  Supprimé: collier-mala-tibétain-opale-pierre-8-mm/image-22.jpg (1920 bytes)
   🗑️  Supprimé: collier-mala-tibétain-opale-pierre-8-mm/image-20.jpg (4734 bytes)
   🗑️  Supprimé: collier-mala-tibétain-opale-pierre-8-mm/image-10.jpg (1695 bytes)
   🗑️  Supprimé: collier-mala-tibétain-opale-pierre-8-mm/image-29.jpg (1724 bytes)
   🗑️  Supprimé: collier-mala-tibétain-opale-pierre-8-mm/image-1.jpg (2031 bytes)
   🗑️  Supprimé: collier-mala-tibétain-opale-pierre-8-mm/image-7.jpg (1516 bytes)
   🗑️  Supprimé: collier-mala-tibétain-pierres-naturelles-turquoise-oeil-du-tigre-lapis-lazuli/image-8.jpg (1516 bytes)
   🗑️  Supprimé: collier-mala-tibétain-pierres-naturelles-turquoise-oeil-du-tigre-lapis-lazuli/image-25.jpg (2050 bytes)
   🗑️  Supprimé: collier-mala-tibétain-pierres-naturelles-turquoise-oeil-du-tigre-lapis-lazuli/image-23.jpg (1699 bytes)
   🗑️  Supprimé: collier-mala-tibétain-pierres-naturelles-turquoise-oeil-du-tigre-lapis-lazuli/image-22.jpg (1920 bytes)
   🗑️  Supprimé: collier-mala-tibétain-pierres-naturelles-turquoise-oeil-du-tigre-lapis-lazuli/image-20.jpg (4734 bytes)
   🗑️  Supprimé: collier-mala-tibétain-pierres-naturelles-turquoise-oeil-du-tigre-lapis-lazuli/image-11.jpg (3628 bytes)
   🗑️  Supprimé: collier-mala-tibétain-pierres-naturelles-turquoise-oeil-du-tigre-lapis-lazuli/image-13.jpg (1695 bytes)
   🗑️  Supprimé: collier-mala-tibétain-pierres-naturelles-turquoise-oeil-du-tigre-lapis-lazuli/image-28.jpg (1724 bytes)
   🗑️  Supprimé: collier-mala-tibétain-pierres-naturelles-turquoise-oeil-du-tigre-lapis-lazuli/image-2.jpg (2031 bytes)
   🗑️  Supprimé: bague-argent-filigrane-pierre-smoky-quartz/image-9.jpg (1516 bytes)
   🗑️  Supprimé: bague-argent-filigrane-pierre-smoky-quartz/image-30.jpg (1724 bytes)
   🗑️  Supprimé: bague-argent-filigrane-pierre-smoky-quartz/image-24.jpg (4734 bytes)
   🗑️  Supprimé: bague-argent-filigrane-pierre-smoky-quartz/image-32.jpg (4653 bytes)
   🗑️  Supprimé: bague-argent-filigrane-pierre-smoky-quartz/image-26.jpg (1920 bytes)
   🗑️  Supprimé: bague-argent-filigrane-pierre-smoky-quartz/image-27.jpg (1699 bytes)
   🗑️  Supprimé: bague-argent-filigrane-pierre-smoky-quartz/image-13.jpg (1695 bytes)
   🗑️  Supprimé: bague-argent-filigrane-pierre-smoky-quartz/image-12.jpg (3628 bytes)
   🗑️  Supprimé: bague-argent-filigrane-pierre-smoky-quartz/image-29.jpg (2050 bytes)
   🗑️  Supprimé: bague-argent-filigrane-pierre-smoky-quartz/image-1.jpg (2031 bytes)
   🗑️  Supprimé: creoles-spirales-en-laiton/image-25.jpg (4734 bytes)
   🗑️  Supprimé: creoles-spirales-en-laiton/image-30.jpg (1724 bytes)
   🗑️  Supprimé: creoles-spirales-en-laiton/image-26.jpg (1920 bytes)
   🗑️  Supprimé: creoles-spirales-en-laiton/image-27.jpg (1699 bytes)
   🗑️  Supprimé: creoles-spirales-en-laiton/image-13.jpg (1516 bytes)
   🗑️  Supprimé: creoles-spirales-en-laiton/image-16.jpg (3628 bytes)
   🗑️  Supprimé: creoles-spirales-en-laiton/image-17.jpg (1695 bytes)
   🗑️  Supprimé: creoles-spirales-en-laiton/image-29.jpg (2050 bytes)
   🗑️  Supprimé: creoles-spirales-en-laiton/image-3.jpg (2031 bytes)
   🗑️  Supprimé: bracelet-pierres-naturelles-en-howlite-rouge/image-25.jpg (1920 bytes)
   🗑️  Supprimé: bracelet-pierres-naturelles-en-howlite-rouge/image-31.jpg (1724 bytes)
   🗑️  Supprimé: bracelet-pierres-naturelles-en-howlite-rouge/image-26.jpg (1699 bytes)
   🗑️  Supprimé: bracelet-pierres-naturelles-en-howlite-rouge/image-23.jpg (4734 bytes)
   🗑️  Supprimé: bracelet-pierres-naturelles-en-howlite-rouge/image-11.jpg (1516 bytes)
   🗑️  Supprimé: bracelet-pierres-naturelles-en-howlite-rouge/image-17.jpg (1695 bytes)
   🗑️  Supprimé: bracelet-pierres-naturelles-en-howlite-rouge/image-29.jpg (2050 bytes)
   🗑️  Supprimé: bracelet-pierres-naturelles-en-howlite-rouge/image-14.jpg (3628 bytes)
   🗑️  Supprimé: bracelet-pierres-naturelles-en-howlite-rouge/image-3.jpg (2031 bytes)
   🗑️  Supprimé: collier-sur-cordon-avec-une-pierre-naturelle-ronde-en-pierre-de-lune/image-9.jpg (6737 bytes)
   🗑️  Supprimé: collier-sur-cordon-avec-une-pierre-naturelle-ronde-en-pierre-de-lune/image-8.jpg (7288 bytes)
   🗑️  Supprimé: collier-sur-cordon-avec-une-pierre-naturelle-ronde-en-pierre-de-lune/image-25.jpg (1920 bytes)
   🗑️  Supprimé: collier-sur-cordon-avec-une-pierre-naturelle-ronde-en-pierre-de-lune/image-19.jpg (13671 bytes)
   🗑️  Supprimé: collier-sur-cordon-avec-une-pierre-naturelle-ronde-en-pierre-de-lune/image-18.jpg (6194 bytes)
   🗑️  Supprimé: collier-sur-cordon-avec-une-pierre-naturelle-ronde-en-pierre-de-lune/image-30.jpg (7912 bytes)
   🗑️  Supprimé: collier-sur-cordon-avec-une-pierre-naturelle-ronde-en-pierre-de-lune/image-24.jpg (7376 bytes)
   🗑️  Supprimé: collier-sur-cordon-avec-une-pierre-naturelle-ronde-en-pierre-de-lune/image-26.jpg (1699 bytes)
   🗑️  Supprimé: collier-sur-cordon-avec-une-pierre-naturelle-ronde-en-pierre-de-lune/image-27.jpg (6538 bytes)
   🗑️  Supprimé: collier-sur-cordon-avec-une-pierre-naturelle-ronde-en-pierre-de-lune/image-23.jpg (4734 bytes)
   🗑️  Supprimé: collier-sur-cordon-avec-une-pierre-naturelle-ronde-en-pierre-de-lune/image-22.jpg (9663 bytes)
   🗑️  Supprimé: collier-sur-cordon-avec-une-pierre-naturelle-ronde-en-pierre-de-lune/image-20.jpg (8443 bytes)
   🗑️  Supprimé: collier-sur-cordon-avec-une-pierre-naturelle-ronde-en-pierre-de-lune/image-21.jpg (7322 bytes)
   🗑️  Supprimé: collier-sur-cordon-avec-une-pierre-naturelle-ronde-en-pierre-de-lune/image-10.jpg (8024 bytes)
   🗑️  Supprimé: collier-sur-cordon-avec-une-pierre-naturelle-ronde-en-pierre-de-lune/image-11.jpg (7845 bytes)
   🗑️  Supprimé: collier-sur-cordon-avec-une-pierre-naturelle-ronde-en-pierre-de-lune/image-13.jpg (8585 bytes)
   🗑️  Supprimé: collier-sur-cordon-avec-une-pierre-naturelle-ronde-en-pierre-de-lune/image-12.jpg (3628 bytes)
   🗑️  Supprimé: collier-sur-cordon-avec-une-pierre-naturelle-ronde-en-pierre-de-lune/image-16.jpg (6740 bytes)
   🗑️  Supprimé: collier-sur-cordon-avec-une-pierre-naturelle-ronde-en-pierre-de-lune/image-17.jpg (11866 bytes)
   🗑️  Supprimé: collier-sur-cordon-avec-une-pierre-naturelle-ronde-en-pierre-de-lune/image-29.jpg (1724 bytes)
   🗑️  Supprimé: collier-sur-cordon-avec-une-pierre-naturelle-ronde-en-pierre-de-lune/image-15.jpg (1695 bytes)
   🗑️  Supprimé: collier-sur-cordon-avec-une-pierre-naturelle-ronde-en-pierre-de-lune/image-14.jpg (7019 bytes)
   🗑️  Supprimé: collier-sur-cordon-avec-une-pierre-naturelle-ronde-en-pierre-de-lune/image-28.jpg (2050 bytes)
   🗑️  Supprimé: collier-sur-cordon-avec-une-pierre-naturelle-ronde-en-pierre-de-lune/image-1.jpg (6873 bytes)
   🗑️  Supprimé: collier-sur-cordon-avec-une-pierre-naturelle-ronde-en-pierre-de-lune/image-3.jpg (9403 bytes)
   🗑️  Supprimé: collier-sur-cordon-avec-une-pierre-naturelle-ronde-en-pierre-de-lune/image-2.jpg (2031 bytes)
   🗑️  Supprimé: collier-sur-cordon-avec-une-pierre-naturelle-ronde-en-pierre-de-lune/image-6.jpg (9513 bytes)
   🗑️  Supprimé: collier-sur-cordon-avec-une-pierre-naturelle-ronde-en-pierre-de-lune/image-7.jpg (1516 bytes)
   🗑️  Supprimé: collier-sur-cordon-avec-une-pierre-naturelle-ronde-en-pierre-de-lune/image-5.jpg (14639 bytes)
   🗑️  Supprimé: collier-sur-cordon-avec-une-pierre-naturelle-ronde-en-pierre-de-lune/image-4.jpg (9972 bytes)
   🗑️  Supprimé: bracelet-pierres-naturelles-apatite-bleu/image-8.jpg (1516 bytes)
   🗑️  Supprimé: bracelet-pierres-naturelles-apatite-bleu/image-25.jpg (2050 bytes)
   🗑️  Supprimé: bracelet-pierres-naturelles-apatite-bleu/image-19.jpg (4734 bytes)
   🗑️  Supprimé: bracelet-pierres-naturelles-apatite-bleu/image-22.jpg (1699 bytes)
   🗑️  Supprimé: bracelet-pierres-naturelles-apatite-bleu/image-21.jpg (1920 bytes)
   🗑️  Supprimé: bracelet-pierres-naturelles-apatite-bleu/image-10.jpg (3628 bytes)
   🗑️  Supprimé: bracelet-pierres-naturelles-apatite-bleu/image-12.jpg (1695 bytes)
   🗑️  Supprimé: bracelet-pierres-naturelles-apatite-bleu/image-29.jpg (1724 bytes)
   🗑️  Supprimé: bracelet-pierres-naturelles-apatite-bleu/image-2.jpg (2031 bytes)
   🗑️  Supprimé: bracelet-argent-avec-de-grandes-pierres-ovales-en-pierre-de-lune/image-9.jpg (8441 bytes)
   🗑️  Supprimé: bracelet-argent-avec-de-grandes-pierres-ovales-en-pierre-de-lune/image-8.jpg (8237 bytes)
   🗑️  Supprimé: bracelet-argent-avec-de-grandes-pierres-ovales-en-pierre-de-lune/image-25.jpg (2050 bytes)
   🗑️  Supprimé: bracelet-argent-avec-de-grandes-pierres-ovales-en-pierre-de-lune/image-31.jpg (6442 bytes)
   🗑️  Supprimé: bracelet-argent-avec-de-grandes-pierres-ovales-en-pierre-de-lune/image-19.jpg (7562 bytes)
   🗑️  Supprimé: bracelet-argent-avec-de-grandes-pierres-ovales-en-pierre-de-lune/image-18.jpg (88647 bytes)
   🗑️  Supprimé: bracelet-argent-avec-de-grandes-pierres-ovales-en-pierre-de-lune/image-30.jpg (8109 bytes)
   🗑️  Supprimé: bracelet-argent-avec-de-grandes-pierres-ovales-en-pierre-de-lune/image-24.jpg (1699 bytes)
   🗑️  Supprimé: bracelet-argent-avec-de-grandes-pierres-ovales-en-pierre-de-lune/image-32.jpg (8947 bytes)
   🗑️  Supprimé: bracelet-argent-avec-de-grandes-pierres-ovales-en-pierre-de-lune/image-26.jpg (8089 bytes)
   🗑️  Supprimé: bracelet-argent-avec-de-grandes-pierres-ovales-en-pierre-de-lune/image-27.jpg (8340 bytes)
   🗑️  Supprimé: bracelet-argent-avec-de-grandes-pierres-ovales-en-pierre-de-lune/image-23.jpg (1920 bytes)
   🗑️  Supprimé: bracelet-argent-avec-de-grandes-pierres-ovales-en-pierre-de-lune/image-22.jpg (5411 bytes)
   🗑️  Supprimé: bracelet-argent-avec-de-grandes-pierres-ovales-en-pierre-de-lune/image-20.jpg (6617 bytes)
   🗑️  Supprimé: bracelet-argent-avec-de-grandes-pierres-ovales-en-pierre-de-lune/image-21.jpg (4734 bytes)
   🗑️  Supprimé: bracelet-argent-avec-de-grandes-pierres-ovales-en-pierre-de-lune/image-10.jpg (26387 bytes)
   🗑️  Supprimé: bracelet-argent-avec-de-grandes-pierres-ovales-en-pierre-de-lune/image-11.jpg (3628 bytes)
   🗑️  Supprimé: bracelet-argent-avec-de-grandes-pierres-ovales-en-pierre-de-lune/image-13.jpg (6534 bytes)
   🗑️  Supprimé: bracelet-argent-avec-de-grandes-pierres-ovales-en-pierre-de-lune/image-12.jpg (1695 bytes)
   🗑️  Supprimé: bracelet-argent-avec-de-grandes-pierres-ovales-en-pierre-de-lune/image-16.jpg (8506 bytes)
   🗑️  Supprimé: bracelet-argent-avec-de-grandes-pierres-ovales-en-pierre-de-lune/image-17.jpg (21408 bytes)
   🗑️  Supprimé: bracelet-argent-avec-de-grandes-pierres-ovales-en-pierre-de-lune/image-29.jpg (5327 bytes)
   🗑️  Supprimé: bracelet-argent-avec-de-grandes-pierres-ovales-en-pierre-de-lune/image-15.jpg (12663 bytes)
   🗑️  Supprimé: bracelet-argent-avec-de-grandes-pierres-ovales-en-pierre-de-lune/image-14.jpg (5676 bytes)
   🗑️  Supprimé: bracelet-argent-avec-de-grandes-pierres-ovales-en-pierre-de-lune/image-28.jpg (1724 bytes)
   🗑️  Supprimé: bracelet-argent-avec-de-grandes-pierres-ovales-en-pierre-de-lune/image-1.jpg (6873 bytes)
   🗑️  Supprimé: bracelet-argent-avec-de-grandes-pierres-ovales-en-pierre-de-lune/image-3.jpg (5705 bytes)
   🗑️  Supprimé: bracelet-argent-avec-de-grandes-pierres-ovales-en-pierre-de-lune/image-2.jpg (2031 bytes)
   🗑️  Supprimé: bracelet-argent-avec-de-grandes-pierres-ovales-en-pierre-de-lune/image-6.jpg (14639 bytes)
   🗑️  Supprimé: bracelet-argent-avec-de-grandes-pierres-ovales-en-pierre-de-lune/image-7.jpg (1516 bytes)
   🗑️  Supprimé: bracelet-argent-avec-de-grandes-pierres-ovales-en-pierre-de-lune/image-5.jpg (12472 bytes)
   🗑️  Supprimé: bracelet-argent-avec-de-grandes-pierres-ovales-en-pierre-de-lune/image-4.jpg (26374 bytes)
   🗑️  Supprimé: bracelet-pierres-naturelles-en-quartz-rose-clair/image-9.jpg (3628 bytes)
   🗑️  Supprimé: bracelet-pierres-naturelles-en-quartz-rose-clair/image-26.jpg (2050 bytes)
   🗑️  Supprimé: bracelet-pierres-naturelles-en-quartz-rose-clair/image-22.jpg (1699 bytes)
   🗑️  Supprimé: bracelet-pierres-naturelles-en-quartz-rose-clair/image-20.jpg (4734 bytes)
   🗑️  Supprimé: bracelet-pierres-naturelles-en-quartz-rose-clair/image-21.jpg (1920 bytes)
   🗑️  Supprimé: bracelet-pierres-naturelles-en-quartz-rose-clair/image-10.jpg (1695 bytes)
   🗑️  Supprimé: bracelet-pierres-naturelles-en-quartz-rose-clair/image-28.jpg (1724 bytes)
   🗑️  Supprimé: bracelet-pierres-naturelles-en-quartz-rose-clair/image-2.jpg (2031 bytes)
   🗑️  Supprimé: bracelet-pierres-naturelles-en-quartz-rose-clair/image-4.jpg (1516 bytes)
   🗑️  Supprimé: bracelet-pierres-naturelles-en-turquoise-7-chakras/image-25.jpg (2050 bytes)
   🗑️  Supprimé: bracelet-pierres-naturelles-en-turquoise-7-chakras/image-24.jpg (1699 bytes)
   🗑️  Supprimé: bracelet-pierres-naturelles-en-turquoise-7-chakras/image-27.jpg (1724 bytes)
   🗑️  Supprimé: bracelet-pierres-naturelles-en-turquoise-7-chakras/image-23.jpg (1920 bytes)
   🗑️  Supprimé: bracelet-pierres-naturelles-en-turquoise-7-chakras/image-21.jpg (4734 bytes)
   🗑️  Supprimé: bracelet-pierres-naturelles-en-turquoise-7-chakras/image-10.jpg (3628 bytes)
   🗑️  Supprimé: bracelet-pierres-naturelles-en-turquoise-7-chakras/image-12.jpg (1695 bytes)
   🗑️  Supprimé: bracelet-pierres-naturelles-en-turquoise-7-chakras/image-2.jpg (2031 bytes)
   🗑️  Supprimé: bracelet-pierres-naturelles-en-turquoise-7-chakras/image-6.jpg (1516 bytes)
   🗑️  Supprimé: bracelet-perles-argentées-fines/image-9.jpg (1516 bytes)
   🗑️  Supprimé: bracelet-perles-argentées-fines/image-25.jpg (1920 bytes)
   🗑️  Supprimé: bracelet-perles-argentées-fines/image-26.jpg (1699 bytes)
   🗑️  Supprimé: bracelet-perles-argentées-fines/image-27.jpg (2050 bytes)
   🗑️  Supprimé: bracelet-perles-argentées-fines/image-23.jpg (4741 bytes)
   🗑️  Supprimé: bracelet-perles-argentées-fines/image-22.jpg (4734 bytes)
   🗑️  Supprimé: bracelet-perles-argentées-fines/image-16.jpg (1695 bytes)
   🗑️  Supprimé: bracelet-perles-argentées-fines/image-29.jpg (1724 bytes)
   🗑️  Supprimé: bracelet-perles-argentées-fines/image-15.jpg (3628 bytes)
   🗑️  Supprimé: bracelet-perles-argentées-fines/image-2.jpg (2031 bytes)
   🗑️  Supprimé: pashmina-100-cachemire-vertblanc-avec-des-motifs/image-25.jpg (1699 bytes)
   🗑️  Supprimé: pashmina-100-cachemire-vertblanc-avec-des-motifs/image-24.jpg (1920 bytes)
   🗑️  Supprimé: pashmina-100-cachemire-vertblanc-avec-des-motifs/image-27.jpg (2050 bytes)
   🗑️  Supprimé: pashmina-100-cachemire-vertblanc-avec-des-motifs/image-23.jpg (4734 bytes)
   🗑️  Supprimé: pashmina-100-cachemire-vertblanc-avec-des-motifs/image-10.jpg (1516 bytes)
   🗑️  Supprimé: pashmina-100-cachemire-vertblanc-avec-des-motifs/image-12.jpg (3628 bytes)
   🗑️  Supprimé: pashmina-100-cachemire-vertblanc-avec-des-motifs/image-15.jpg (1695 bytes)
   🗑️  Supprimé: pashmina-100-cachemire-vertblanc-avec-des-motifs/image-28.jpg (1724 bytes)
   🗑️  Supprimé: pashmina-100-cachemire-vertblanc-avec-des-motifs/image-3.jpg (2031 bytes)
   🗑️  Supprimé: foulard-en-100soie-à-motifs-beige-et-orange/image-25.jpg (1699 bytes)
   🗑️  Supprimé: foulard-en-100soie-à-motifs-beige-et-orange/image-18.jpg (1695 bytes)
   🗑️  Supprimé: foulard-en-100soie-à-motifs-beige-et-orange/image-24.jpg (1920 bytes)
   🗑️  Supprimé: foulard-en-100soie-à-motifs-beige-et-orange/image-26.jpg (2050 bytes)
   🗑️  Supprimé: foulard-en-100soie-à-motifs-beige-et-orange/image-27.jpg (1724 bytes)
   🗑️  Supprimé: foulard-en-100soie-à-motifs-beige-et-orange/image-23.jpg (4734 bytes)
   🗑️  Supprimé: foulard-en-100soie-à-motifs-beige-et-orange/image-13.jpg (1516 bytes)
   🗑️  Supprimé: foulard-en-100soie-à-motifs-beige-et-orange/image-15.jpg (3628 bytes)
   🗑️  Supprimé: foulard-en-100soie-à-motifs-beige-et-orange/image-4.jpg (2031 bytes)
   🗑️  Supprimé: chouchou-cheveux-rose-avec-motifs-de-couleur/image-19.jpg (4734 bytes)
   🗑️  Supprimé: chouchou-cheveux-rose-avec-motifs-de-couleur/image-24.jpg (1724 bytes)
   🗑️  Supprimé: chouchou-cheveux-rose-avec-motifs-de-couleur/image-22.jpg (2050 bytes)
   🗑️  Supprimé: chouchou-cheveux-rose-avec-motifs-de-couleur/image-20.jpg (1920 bytes)
   🗑️  Supprimé: chouchou-cheveux-rose-avec-motifs-de-couleur/image-21.jpg (1699 bytes)
   🗑️  Supprimé: chouchou-cheveux-rose-avec-motifs-de-couleur/image-13.jpg (3628 bytes)
   🗑️  Supprimé: chouchou-cheveux-rose-avec-motifs-de-couleur/image-12.jpg (1516 bytes)
   🗑️  Supprimé: chouchou-cheveux-rose-avec-motifs-de-couleur/image-14.jpg (1695 bytes)
   🗑️  Supprimé: chouchou-cheveux-rose-avec-motifs-de-couleur/image-3.jpg (2031 bytes)
   🗑️  Supprimé: collier-pierres-de-lapis-lazuli-fermoire-doré/image-25.jpg (2050 bytes)
   🗑️  Supprimé: collier-pierres-de-lapis-lazuli-fermoire-doré/image-19.jpg (4734 bytes)
   🗑️  Supprimé: collier-pierres-de-lapis-lazuli-fermoire-doré/image-22.jpg (1699 bytes)
   🗑️  Supprimé: collier-pierres-de-lapis-lazuli-fermoire-doré/image-21.jpg (1920 bytes)
   🗑️  Supprimé: collier-pierres-de-lapis-lazuli-fermoire-doré/image-13.jpg (1695 bytes)
   🗑️  Supprimé: collier-pierres-de-lapis-lazuli-fermoire-doré/image-12.jpg (3628 bytes)
   🗑️  Supprimé: collier-pierres-de-lapis-lazuli-fermoire-doré/image-28.jpg (1724 bytes)
   🗑️  Supprimé: collier-pierres-de-lapis-lazuli-fermoire-doré/image-1.jpg (2031 bytes)
   🗑️  Supprimé: collier-pierres-de-lapis-lazuli-fermoire-doré/image-5.jpg (1516 bytes)
   🗑️  Supprimé: bracelet-fin-argent-plume/image-9.jpg (1516 bytes)
   🗑️  Supprimé: bracelet-fin-argent-plume/image-25.jpg (1699 bytes)
   🗑️  Supprimé: bracelet-fin-argent-plume/image-24.jpg (1920 bytes)
   🗑️  Supprimé: bracelet-fin-argent-plume/image-26.jpg (2050 bytes)
   🗑️  Supprimé: bracelet-fin-argent-plume/image-23.jpg (4734 bytes)
   🗑️  Supprimé: bracelet-fin-argent-plume/image-16.jpg (1695 bytes)
   🗑️  Supprimé: bracelet-fin-argent-plume/image-29.jpg (1724 bytes)
   🗑️  Supprimé: bracelet-fin-argent-plume/image-15.jpg (3628 bytes)
   🗑️  Supprimé: bracelet-fin-argent-plume/image-1.jpg (4528 bytes)
   🗑️  Supprimé: bracelet-fin-argent-plume/image-3.jpg (2031 bytes)
   🗑️  Supprimé: boucles-doreille-argent-avec-pierre-naturelle-lapis-lazuli/image-25.jpg (1724 bytes)
   🗑️  Supprimé: boucles-doreille-argent-avec-pierre-naturelle-lapis-lazuli/image-19.jpg (4734 bytes)
   🗑️  Supprimé: boucles-doreille-argent-avec-pierre-naturelle-lapis-lazuli/image-24.jpg (2050 bytes)
   🗑️  Supprimé: boucles-doreille-argent-avec-pierre-naturelle-lapis-lazuli/image-22.jpg (1699 bytes)
   🗑️  Supprimé: boucles-doreille-argent-avec-pierre-naturelle-lapis-lazuli/image-21.jpg (1920 bytes)
   🗑️  Supprimé: boucles-doreille-argent-avec-pierre-naturelle-lapis-lazuli/image-10.jpg (3628 bytes)
   🗑️  Supprimé: boucles-doreille-argent-avec-pierre-naturelle-lapis-lazuli/image-11.jpg (1695 bytes)
   🗑️  Supprimé: boucles-doreille-argent-avec-pierre-naturelle-lapis-lazuli/image-29.jpg (4653 bytes)
   🗑️  Supprimé: boucles-doreille-argent-avec-pierre-naturelle-lapis-lazuli/image-1.jpg (2031 bytes)
   🗑️  Supprimé: boucles-doreille-argent-avec-pierre-naturelle-lapis-lazuli/image-7.jpg (1516 bytes)
   🗑️  Supprimé: elegant-collier-argent-et-glass-stone-bleu/image-9.jpg (1516 bytes)
   🗑️  Supprimé: elegant-collier-argent-et-glass-stone-bleu/image-30.jpg (4653 bytes)
   🗑️  Supprimé: elegant-collier-argent-et-glass-stone-bleu/image-24.jpg (1699 bytes)
   🗑️  Supprimé: elegant-collier-argent-et-glass-stone-bleu/image-26.jpg (2050 bytes)
   🗑️  Supprimé: elegant-collier-argent-et-glass-stone-bleu/image-23.jpg (1920 bytes)
   🗑️  Supprimé: elegant-collier-argent-et-glass-stone-bleu/image-21.jpg (4734 bytes)
   🗑️  Supprimé: elegant-collier-argent-et-glass-stone-bleu/image-13.jpg (1695 bytes)
   🗑️  Supprimé: elegant-collier-argent-et-glass-stone-bleu/image-12.jpg (3628 bytes)
   🗑️  Supprimé: elegant-collier-argent-et-glass-stone-bleu/image-28.jpg (1724 bytes)
   🗑️  Supprimé: elegant-collier-argent-et-glass-stone-bleu/image-1.jpg (2031 bytes)
   🗑️  Supprimé: boucles-doreille-tibétaines-rondes-lapis-lazuli/image-25.jpg (1699 bytes)
   🗑️  Supprimé: boucles-doreille-tibétaines-rondes-lapis-lazuli/image-30.jpg (1724 bytes)
   🗑️  Supprimé: boucles-doreille-tibétaines-rondes-lapis-lazuli/image-27.jpg (2050 bytes)
   🗑️  Supprimé: boucles-doreille-tibétaines-rondes-lapis-lazuli/image-22.jpg (1920 bytes)
   🗑️  Supprimé: boucles-doreille-tibétaines-rondes-lapis-lazuli/image-20.jpg (4734 bytes)
   🗑️  Supprimé: boucles-doreille-tibétaines-rondes-lapis-lazuli/image-11.jpg (1516 bytes)
   🗑️  Supprimé: boucles-doreille-tibétaines-rondes-lapis-lazuli/image-13.jpg (3628 bytes)
   🗑️  Supprimé: boucles-doreille-tibétaines-rondes-lapis-lazuli/image-17.jpg (4868 bytes)
   🗑️  Supprimé: boucles-doreille-tibétaines-rondes-lapis-lazuli/image-14.jpg (1695 bytes)
   🗑️  Supprimé: boucles-doreille-tibétaines-rondes-lapis-lazuli/image-1.jpg (2031 bytes)
   🗑️  Supprimé: boucles-doreille-tibétaines-rondes-lapis-lazuli/image-2.jpg (4712 bytes)
   🗑️  Supprimé: étole-marron-100-coton-avec-nuance-de-couleur/image-26.jpg (2050 bytes)
   🗑️  Supprimé: étole-marron-100-coton-avec-nuance-de-couleur/image-27.jpg (1724 bytes)
   🗑️  Supprimé: étole-marron-100-coton-avec-nuance-de-couleur/image-23.jpg (1699 bytes)
   🗑️  Supprimé: étole-marron-100-coton-avec-nuance-de-couleur/image-22.jpg (1920 bytes)
   🗑️  Supprimé: étole-marron-100-coton-avec-nuance-de-couleur/image-20.jpg (4734 bytes)
   🗑️  Supprimé: étole-marron-100-coton-avec-nuance-de-couleur/image-10.jpg (1516 bytes)
   🗑️  Supprimé: étole-marron-100-coton-avec-nuance-de-couleur/image-13.jpg (3628 bytes)
   🗑️  Supprimé: étole-marron-100-coton-avec-nuance-de-couleur/image-15.jpg (1695 bytes)
   🗑️  Supprimé: étole-marron-100-coton-avec-nuance-de-couleur/image-2.jpg (2031 bytes)
   🗑️  Supprimé: bracelet-pierres-naturelles-quartz-rose-fraise/image-8.jpg (3628 bytes)
   🗑️  Supprimé: bracelet-pierres-naturelles-quartz-rose-fraise/image-24.jpg (2050 bytes)
   🗑️  Supprimé: bracelet-pierres-naturelles-quartz-rose-fraise/image-27.jpg (1724 bytes)
   🗑️  Supprimé: bracelet-pierres-naturelles-quartz-rose-fraise/image-23.jpg (1699 bytes)
   🗑️  Supprimé: bracelet-pierres-naturelles-quartz-rose-fraise/image-22.jpg (1920 bytes)
   🗑️  Supprimé: bracelet-pierres-naturelles-quartz-rose-fraise/image-21.jpg (4734 bytes)
   🗑️  Supprimé: bracelet-pierres-naturelles-quartz-rose-fraise/image-11.jpg (1695 bytes)
   🗑️  Supprimé: bracelet-pierres-naturelles-quartz-rose-fraise/image-1.jpg (2031 bytes)
   🗑️  Supprimé: bracelet-pierres-naturelles-quartz-rose-fraise/image-5.jpg (1516 bytes)
   🗑️  Supprimé: pashmina-100-soie-sauvage-patchwork/image-25.jpg (2050 bytes)
   🗑️  Supprimé: pashmina-100-soie-sauvage-patchwork/image-26.jpg (1724 bytes)
   🗑️  Supprimé: pashmina-100-soie-sauvage-patchwork/image-23.jpg (1699 bytes)
   🗑️  Supprimé: pashmina-100-soie-sauvage-patchwork/image-22.jpg (1920 bytes)
   🗑️  Supprimé: pashmina-100-soie-sauvage-patchwork/image-21.jpg (4734 bytes)
   🗑️  Supprimé: pashmina-100-soie-sauvage-patchwork/image-10.jpg (1516 bytes)
   🗑️  Supprimé: pashmina-100-soie-sauvage-patchwork/image-12.jpg (3628 bytes)
   🗑️  Supprimé: pashmina-100-soie-sauvage-patchwork/image-14.jpg (1695 bytes)
   🗑️  Supprimé: pashmina-100-soie-sauvage-patchwork/image-3.jpg (2031 bytes)
   🗑️  Supprimé: bracelet-rigide-argenté-plume/image-25.jpg (1699 bytes)
   🗑️  Supprimé: bracelet-rigide-argenté-plume/image-24.jpg (1920 bytes)
   🗑️  Supprimé: bracelet-rigide-argenté-plume/image-26.jpg (2050 bytes)
   🗑️  Supprimé: bracelet-rigide-argenté-plume/image-27.jpg (1724 bytes)
   🗑️  Supprimé: bracelet-rigide-argenté-plume/image-22.jpg (4734 bytes)
   🗑️  Supprimé: bracelet-rigide-argenté-plume/image-10.jpg (1516 bytes)
   🗑️  Supprimé: bracelet-rigide-argenté-plume/image-15.jpg (1695 bytes)
   🗑️  Supprimé: bracelet-rigide-argenté-plume/image-14.jpg (3628 bytes)
   🗑️  Supprimé: bracelet-rigide-argenté-plume/image-2.jpg (2031 bytes)
   🗑️  Supprimé: boucles-doreille-tibétaines-lapis-lazuli/image-18.jpg (1695 bytes)
   🗑️  Supprimé: boucles-doreille-tibétaines-lapis-lazuli/image-30.jpg (1724 bytes)
   🗑️  Supprimé: boucles-doreille-tibétaines-lapis-lazuli/image-24.jpg (1699 bytes)
   🗑️  Supprimé: boucles-doreille-tibétaines-lapis-lazuli/image-27.jpg (2050 bytes)
   🗑️  Supprimé: boucles-doreille-tibétaines-lapis-lazuli/image-23.jpg (1920 bytes)
   🗑️  Supprimé: boucles-doreille-tibétaines-lapis-lazuli/image-22.jpg (4734 bytes)
   🗑️  Supprimé: boucles-doreille-tibétaines-lapis-lazuli/image-12.jpg (1516 bytes)
   🗑️  Supprimé: boucles-doreille-tibétaines-lapis-lazuli/image-16.jpg (3628 bytes)
   🗑️  Supprimé: boucles-doreille-tibétaines-lapis-lazuli/image-1.jpg (2031 bytes)
   🗑️  Supprimé: etole-100-coton-rouge-avec-motifs/image-9.jpg (1516 bytes)
   🗑️  Supprimé: etole-100-coton-rouge-avec-motifs/image-25.jpg (1724 bytes)
   🗑️  Supprimé: etole-100-coton-rouge-avec-motifs/image-23.jpg (2050 bytes)
   🗑️  Supprimé: etole-100-coton-rouge-avec-motifs/image-22.jpg (1699 bytes)
   🗑️  Supprimé: etole-100-coton-rouge-avec-motifs/image-20.jpg (4734 bytes)
   🗑️  Supprimé: etole-100-coton-rouge-avec-motifs/image-21.jpg (1920 bytes)
   🗑️  Supprimé: etole-100-coton-rouge-avec-motifs/image-11.jpg (3628 bytes)
   🗑️  Supprimé: etole-100-coton-rouge-avec-motifs/image-12.jpg (1695 bytes)
   🗑️  Supprimé: etole-100-coton-rouge-avec-motifs/image-3.jpg (2031 bytes)
   🗑️  Supprimé: bracelet-argent-grandes-pierres-en-cornaline/image-26.jpg (1724 bytes)
   🗑️  Supprimé: bracelet-argent-grandes-pierres-en-cornaline/image-23.jpg (2050 bytes)
   🗑️  Supprimé: bracelet-argent-grandes-pierres-en-cornaline/image-22.jpg (1699 bytes)
   🗑️  Supprimé: bracelet-argent-grandes-pierres-en-cornaline/image-20.jpg (4734 bytes)
   🗑️  Supprimé: bracelet-argent-grandes-pierres-en-cornaline/image-21.jpg (1920 bytes)
   🗑️  Supprimé: bracelet-argent-grandes-pierres-en-cornaline/image-12.jpg (3628 bytes)
   🗑️  Supprimé: bracelet-argent-grandes-pierres-en-cornaline/image-14.jpg (1695 bytes)
   🗑️  Supprimé: bracelet-argent-grandes-pierres-en-cornaline/image-1.jpg (2031 bytes)
   🗑️  Supprimé: bracelet-argent-grandes-pierres-en-cornaline/image-6.jpg (1516 bytes)
   🗑️  Supprimé: collier-tibetain-en-pierres-de-corail-et-lapis-lazuli-et-turquoise/image-30.jpg (1724 bytes)
   🗑️  Supprimé: collier-tibetain-en-pierres-de-corail-et-lapis-lazuli-et-turquoise/image-24.jpg (4734 bytes)
   🗑️  Supprimé: collier-tibetain-en-pierres-de-corail-et-lapis-lazuli-et-turquoise/image-26.jpg (1920 bytes)
   🗑️  Supprimé: collier-tibetain-en-pierres-de-corail-et-lapis-lazuli-et-turquoise/image-27.jpg (1699 bytes)
   🗑️  Supprimé: collier-tibetain-en-pierres-de-corail-et-lapis-lazuli-et-turquoise/image-23.jpg (4868 bytes)
   🗑️  Supprimé: collier-tibetain-en-pierres-de-corail-et-lapis-lazuli-et-turquoise/image-13.jpg (1516 bytes)
   🗑️  Supprimé: collier-tibetain-en-pierres-de-corail-et-lapis-lazuli-et-turquoise/image-16.jpg (3628 bytes)
   🗑️  Supprimé: collier-tibetain-en-pierres-de-corail-et-lapis-lazuli-et-turquoise/image-17.jpg (1695 bytes)
   🗑️  Supprimé: collier-tibetain-en-pierres-de-corail-et-lapis-lazuli-et-turquoise/image-29.jpg (2050 bytes)
   🗑️  Supprimé: collier-tibetain-en-pierres-de-corail-et-lapis-lazuli-et-turquoise/image-1.jpg (2031 bytes)
   🗑️  Supprimé: collier-tibetain-en-pierres-de-corail-et-lapis-lazuli-et-turquoise/image-2.jpg (4712 bytes)
   🗑️  Supprimé: foulard-en-soie-rouge-et-bleu/image-25.jpg (2050 bytes)
   🗑️  Supprimé: foulard-en-soie-rouge-et-bleu/image-24.jpg (1699 bytes)
   🗑️  Supprimé: foulard-en-soie-rouge-et-bleu/image-27.jpg (1724 bytes)
   🗑️  Supprimé: foulard-en-soie-rouge-et-bleu/image-23.jpg (1920 bytes)
   🗑️  Supprimé: foulard-en-soie-rouge-et-bleu/image-22.jpg (4734 bytes)
   🗑️  Supprimé: foulard-en-soie-rouge-et-bleu/image-11.jpg (1516 bytes)
   🗑️  Supprimé: foulard-en-soie-rouge-et-bleu/image-13.jpg (3628 bytes)
   🗑️  Supprimé: foulard-en-soie-rouge-et-bleu/image-15.jpg (1695 bytes)
   🗑️  Supprimé: foulard-en-soie-rouge-et-bleu/image-3.jpg (2031 bytes)
   🗑️  Supprimé: collier-pierres-6mm-en-amazonite/image-9.jpg (7288 bytes)
   🗑️  Supprimé: collier-pierres-6mm-en-amazonite/image-8.jpg (1516 bytes)
   🗑️  Supprimé: collier-pierres-6mm-en-amazonite/image-25.jpg (2050 bytes)
   🗑️  Supprimé: collier-pierres-6mm-en-amazonite/image-31.jpg (16430 bytes)
   🗑️  Supprimé: collier-pierres-6mm-en-amazonite/image-19.jpg (9663 bytes)
   🗑️  Supprimé: collier-pierres-6mm-en-amazonite/image-18.jpg (6700 bytes)
   🗑️  Supprimé: collier-pierres-6mm-en-amazonite/image-30.jpg (5708 bytes)
   🗑️  Supprimé: collier-pierres-6mm-en-amazonite/image-24.jpg (11666 bytes)
   🗑️  Supprimé: collier-pierres-6mm-en-amazonite/image-32.jpg (9988 bytes)
   🗑️  Supprimé: collier-pierres-6mm-en-amazonite/image-26.jpg (6506 bytes)
   🗑️  Supprimé: collier-pierres-6mm-en-amazonite/image-27.jpg (1724 bytes)
   🗑️  Supprimé: collier-pierres-6mm-en-amazonite/image-23.jpg (1699 bytes)
   🗑️  Supprimé: collier-pierres-6mm-en-amazonite/image-22.jpg (1920 bytes)
   🗑️  Supprimé: collier-pierres-6mm-en-amazonite/image-20.jpg (4734 bytes)
   🗑️  Supprimé: collier-pierres-6mm-en-amazonite/image-21.jpg (7376 bytes)
   🗑️  Supprimé: collier-pierres-6mm-en-amazonite/image-10.jpg (7845 bytes)
   🗑️  Supprimé: collier-pierres-6mm-en-amazonite/image-11.jpg (8103 bytes)
   🗑️  Supprimé: collier-pierres-6mm-en-amazonite/image-13.jpg (1695 bytes)
   🗑️  Supprimé: collier-pierres-6mm-en-amazonite/image-12.jpg (3628 bytes)
   🗑️  Supprimé: collier-pierres-6mm-en-amazonite/image-16.jpg (8443 bytes)
   🗑️  Supprimé: collier-pierres-6mm-en-amazonite/image-17.jpg (7322 bytes)
   🗑️  Supprimé: collier-pierres-6mm-en-amazonite/image-29.jpg (7912 bytes)
   🗑️  Supprimé: collier-pierres-6mm-en-amazonite/image-15.jpg (8506 bytes)
   🗑️  Supprimé: collier-pierres-6mm-en-amazonite/image-14.jpg (11866 bytes)
   🗑️  Supprimé: collier-pierres-6mm-en-amazonite/image-28.jpg (11295 bytes)
   🗑️  Supprimé: collier-pierres-6mm-en-amazonite/image-1.jpg (6873 bytes)
   🗑️  Supprimé: collier-pierres-6mm-en-amazonite/image-3.jpg (2031 bytes)
   🗑️  Supprimé: collier-pierres-6mm-en-amazonite/image-2.jpg (8892 bytes)
   🗑️  Supprimé: collier-pierres-6mm-en-amazonite/image-6.jpg (8202 bytes)
   🗑️  Supprimé: collier-pierres-6mm-en-amazonite/image-7.jpg (11723 bytes)
   🗑️  Supprimé: collier-pierres-6mm-en-amazonite/image-5.jpg (14639 bytes)
   🗑️  Supprimé: collier-pierres-6mm-en-amazonite/image-4.jpg (9884 bytes)
   🗑️  Supprimé: bracelet-pierres-de-lave-et-7-chakras/image-18.jpg (4734 bytes)
   🗑️  Supprimé: bracelet-pierres-de-lave-et-7-chakras/image-26.jpg (1724 bytes)
   🗑️  Supprimé: bracelet-pierres-de-lave-et-7-chakras/image-23.jpg (2050 bytes)
   🗑️  Supprimé: bracelet-pierres-de-lave-et-7-chakras/image-20.jpg (1920 bytes)
   🗑️  Supprimé: bracelet-pierres-de-lave-et-7-chakras/image-21.jpg (1699 bytes)
   🗑️  Supprimé: bracelet-pierres-de-lave-et-7-chakras/image-10.jpg (1695 bytes)
   🗑️  Supprimé: bracelet-pierres-de-lave-et-7-chakras/image-2.jpg (2031 bytes)
   🗑️  Supprimé: bracelet-pierres-de-lave-et-7-chakras/image-7.jpg (3628 bytes)
   🗑️  Supprimé: bracelet-pierres-de-lave-et-7-chakras/image-5.jpg (1516 bytes)
   🗑️  Supprimé: ligne-elephants-peints-porte-bonheur/image-25.jpg (1724 bytes)
   🗑️  Supprimé: ligne-elephants-peints-porte-bonheur/image-19.jpg (4734 bytes)
   🗑️  Supprimé: ligne-elephants-peints-porte-bonheur/image-24.jpg (2050 bytes)
   🗑️  Supprimé: ligne-elephants-peints-porte-bonheur/image-20.jpg (1920 bytes)
   🗑️  Supprimé: ligne-elephants-peints-porte-bonheur/image-21.jpg (1699 bytes)
   🗑️  Supprimé: ligne-elephants-peints-porte-bonheur/image-10.jpg (1516 bytes)
   🗑️  Supprimé: ligne-elephants-peints-porte-bonheur/image-13.jpg (3628 bytes)
   🗑️  Supprimé: ligne-elephants-peints-porte-bonheur/image-16.jpg (1695 bytes)
   🗑️  Supprimé: ligne-elephants-peints-porte-bonheur/image-3.jpg (2031 bytes)
   🗑️  Supprimé: créoles-argent-fine-et-pierre-en-quartz-rose/image-9.jpg (1516 bytes)
   🗑️  Supprimé: créoles-argent-fine-et-pierre-en-quartz-rose/image-24.jpg (1699 bytes)
   🗑️  Supprimé: créoles-argent-fine-et-pierre-en-quartz-rose/image-26.jpg (2050 bytes)
   🗑️  Supprimé: créoles-argent-fine-et-pierre-en-quartz-rose/image-27.jpg (1724 bytes)
   🗑️  Supprimé: créoles-argent-fine-et-pierre-en-quartz-rose/image-23.jpg (1920 bytes)
   🗑️  Supprimé: créoles-argent-fine-et-pierre-en-quartz-rose/image-22.jpg (4734 bytes)
   🗑️  Supprimé: créoles-argent-fine-et-pierre-en-quartz-rose/image-13.jpg (1695 bytes)
   🗑️  Supprimé: créoles-argent-fine-et-pierre-en-quartz-rose/image-12.jpg (3628 bytes)
   🗑️  Supprimé: créoles-argent-fine-et-pierre-en-quartz-rose/image-29.jpg (4653 bytes)
   🗑️  Supprimé: créoles-argent-fine-et-pierre-en-quartz-rose/image-2.jpg (2031 bytes)
   🗑️  Supprimé: collier-tibetain-en-turquoise-avec-un-pendentif-tibétain/image-8.jpg (1516 bytes)
   🗑️  Supprimé: collier-tibetain-en-turquoise-avec-un-pendentif-tibétain/image-19.jpg (4734 bytes)
   🗑️  Supprimé: collier-tibetain-en-turquoise-avec-un-pendentif-tibétain/image-24.jpg (1699 bytes)
   🗑️  Supprimé: collier-tibetain-en-turquoise-avec-un-pendentif-tibétain/image-26.jpg (2050 bytes)
   🗑️  Supprimé: collier-tibetain-en-turquoise-avec-un-pendentif-tibétain/image-27.jpg (1724 bytes)
   🗑️  Supprimé: collier-tibetain-en-turquoise-avec-un-pendentif-tibétain/image-23.jpg (1920 bytes)
   🗑️  Supprimé: collier-tibetain-en-turquoise-avec-un-pendentif-tibétain/image-13.jpg (1695 bytes)
   🗑️  Supprimé: collier-tibetain-en-turquoise-avec-un-pendentif-tibétain/image-12.jpg (3628 bytes)
   🗑️  Supprimé: collier-tibetain-en-turquoise-avec-un-pendentif-tibétain/image-1.jpg (2031 bytes)
   🗑️  Supprimé: boucles-doreilles-argent-lapis-lazuli/image-9.jpg (1516 bytes)
   🗑️  Supprimé: boucles-doreilles-argent-lapis-lazuli/image-25.jpg (1699 bytes)
   🗑️  Supprimé: boucles-doreilles-argent-lapis-lazuli/image-24.jpg (1920 bytes)
   🗑️  Supprimé: boucles-doreilles-argent-lapis-lazuli/image-27.jpg (2050 bytes)
   🗑️  Supprimé: boucles-doreilles-argent-lapis-lazuli/image-21.jpg (4734 bytes)
   🗑️  Supprimé: boucles-doreilles-argent-lapis-lazuli/image-13.jpg (3628 bytes)
   🗑️  Supprimé: boucles-doreilles-argent-lapis-lazuli/image-14.jpg (1695 bytes)
   🗑️  Supprimé: boucles-doreilles-argent-lapis-lazuli/image-28.jpg (1724 bytes)
   🗑️  Supprimé: boucles-doreilles-argent-lapis-lazuli/image-1.jpg (2031 bytes)
   🗑️  Supprimé: bracelet-rigide-en-laiton-grande-pierre-de-lune/image-8.jpg (1516 bytes)
   🗑️  Supprimé: bracelet-rigide-en-laiton-grande-pierre-de-lune/image-31.jpg (4668 bytes)
   🗑️  Supprimé: bracelet-rigide-en-laiton-grande-pierre-de-lune/image-19.jpg (1920 bytes)
   🗑️  Supprimé: bracelet-rigide-en-laiton-grande-pierre-de-lune/image-24.jpg (1724 bytes)
   🗑️  Supprimé: bracelet-rigide-en-laiton-grande-pierre-de-lune/image-20.jpg (1699 bytes)
   🗑️  Supprimé: bracelet-rigide-en-laiton-grande-pierre-de-lune/image-21.jpg (2050 bytes)
   🗑️  Supprimé: bracelet-rigide-en-laiton-grande-pierre-de-lune/image-13.jpg (1695 bytes)
   🗑️  Supprimé: bracelet-rigide-en-laiton-grande-pierre-de-lune/image-12.jpg (3628 bytes)
   🗑️  Supprimé: bracelet-rigide-en-laiton-grande-pierre-de-lune/image-17.jpg (4734 bytes)
   🗑️  Supprimé: bracelet-rigide-en-laiton-grande-pierre-de-lune/image-1.jpg (2031 bytes)
   🗑️  Supprimé: bracelet-en-argent-et-pierre-lapis-lazuli/image-9.jpg (3628 bytes)
   🗑️  Supprimé: bracelet-en-argent-et-pierre-lapis-lazuli/image-19.jpg (1920 bytes)
   🗑️  Supprimé: bracelet-en-argent-et-pierre-lapis-lazuli/image-24.jpg (1724 bytes)
   🗑️  Supprimé: bracelet-en-argent-et-pierre-lapis-lazuli/image-20.jpg (1699 bytes)
   🗑️  Supprimé: bracelet-en-argent-et-pierre-lapis-lazuli/image-21.jpg (2050 bytes)
   🗑️  Supprimé: bracelet-en-argent-et-pierre-lapis-lazuli/image-10.jpg (1695 bytes)
   🗑️  Supprimé: bracelet-en-argent-et-pierre-lapis-lazuli/image-17.jpg (4734 bytes)
   🗑️  Supprimé: bracelet-en-argent-et-pierre-lapis-lazuli/image-1.jpg (2031 bytes)
   🗑️  Supprimé: bracelet-en-argent-et-pierre-lapis-lazuli/image-7.jpg (1516 bytes)
   🗑️  Supprimé: collier-mala-tibétain-améthyste-et-onyx-noir-pierre-8-mm/image-30.jpg (1724 bytes)
   🗑️  Supprimé: collier-mala-tibétain-améthyste-et-onyx-noir-pierre-8-mm/image-24.jpg (1699 bytes)
   🗑️  Supprimé: collier-mala-tibétain-améthyste-et-onyx-noir-pierre-8-mm/image-27.jpg (2050 bytes)
   🗑️  Supprimé: collier-mala-tibétain-améthyste-et-onyx-noir-pierre-8-mm/image-23.jpg (1920 bytes)
   🗑️  Supprimé: collier-mala-tibétain-améthyste-et-onyx-noir-pierre-8-mm/image-21.jpg (4734 bytes)
   🗑️  Supprimé: collier-mala-tibétain-améthyste-et-onyx-noir-pierre-8-mm/image-11.jpg (3628 bytes)
   🗑️  Supprimé: collier-mala-tibétain-améthyste-et-onyx-noir-pierre-8-mm/image-14.jpg (1695 bytes)
   🗑️  Supprimé: collier-mala-tibétain-améthyste-et-onyx-noir-pierre-8-mm/image-2.jpg (2031 bytes)
   🗑️  Supprimé: collier-mala-tibétain-améthyste-et-onyx-noir-pierre-8-mm/image-7.jpg (1516 bytes)
   🗑️  Supprimé: collier-fantaise-chainette-metal-argente/image-8.jpg (1516 bytes)
   🗑️  Supprimé: collier-fantaise-chainette-metal-argente/image-25.jpg (2050 bytes)
   🗑️  Supprimé: collier-fantaise-chainette-metal-argente/image-19.jpg (4734 bytes)
   🗑️  Supprimé: collier-fantaise-chainette-metal-argente/image-26.jpg (1724 bytes)
   🗑️  Supprimé: collier-fantaise-chainette-metal-argente/image-23.jpg (1699 bytes)
   🗑️  Supprimé: collier-fantaise-chainette-metal-argente/image-22.jpg (1920 bytes)
   🗑️  Supprimé: collier-fantaise-chainette-metal-argente/image-11.jpg (3628 bytes)
   🗑️  Supprimé: collier-fantaise-chainette-metal-argente/image-12.jpg (1695 bytes)
   🗑️  Supprimé: collier-fantaise-chainette-metal-argente/image-29.jpg (4653 bytes)
   🗑️  Supprimé: collier-fantaise-chainette-metal-argente/image-1.jpg (2031 bytes)
   🗑️  Supprimé: bracelet-argent-malachite/image-8.jpg (1516 bytes)
   🗑️  Supprimé: bracelet-argent-malachite/image-25.jpg (2050 bytes)
   🗑️  Supprimé: bracelet-argent-malachite/image-31.jpg (4668 bytes)
   🗑️  Supprimé: bracelet-argent-malachite/image-24.jpg (1699 bytes)
   🗑️  Supprimé: bracelet-argent-malachite/image-27.jpg (1724 bytes)
   🗑️  Supprimé: bracelet-argent-malachite/image-23.jpg (1920 bytes)
   🗑️  Supprimé: bracelet-argent-malachite/image-22.jpg (4741 bytes)
   🗑️  Supprimé: bracelet-argent-malachite/image-21.jpg (4734 bytes)
   🗑️  Supprimé: bracelet-argent-malachite/image-15.jpg (1695 bytes)
   🗑️  Supprimé: bracelet-argent-malachite/image-14.jpg (3628 bytes)
   🗑️  Supprimé: bracelet-argent-malachite/image-2.jpg (2031 bytes)
   🗑️  Supprimé: bracelet-jonc-argente-avec-2-pierres-vertes-en-agate/image-8.jpg (1516 bytes)
   🗑️  Supprimé: bracelet-jonc-argente-avec-2-pierres-vertes-en-agate/image-25.jpg (1920 bytes)
   🗑️  Supprimé: bracelet-jonc-argente-avec-2-pierres-vertes-en-agate/image-24.jpg (4734 bytes)
   🗑️  Supprimé: bracelet-jonc-argente-avec-2-pierres-vertes-en-agate/image-26.jpg (1699 bytes)
   🗑️  Supprimé: bracelet-jonc-argente-avec-2-pierres-vertes-en-agate/image-27.jpg (2050 bytes)
   🗑️  Supprimé: bracelet-jonc-argente-avec-2-pierres-vertes-en-agate/image-13.jpg (1695 bytes)
   🗑️  Supprimé: bracelet-jonc-argente-avec-2-pierres-vertes-en-agate/image-12.jpg (3628 bytes)
   🗑️  Supprimé: bracelet-jonc-argente-avec-2-pierres-vertes-en-agate/image-29.jpg (1724 bytes)
   🗑️  Supprimé: bracelet-jonc-argente-avec-2-pierres-vertes-en-agate/image-2.jpg (2031 bytes)
   🗑️  Supprimé: boucles-doreilles-argent-et-pierre-agate-verte/image-9.jpg (1516 bytes)
   🗑️  Supprimé: boucles-doreilles-argent-et-pierre-agate-verte/image-8.jpg (4482 bytes)
   🗑️  Supprimé: boucles-doreilles-argent-et-pierre-agate-verte/image-18.jpg (4734 bytes)
   🗑️  Supprimé: boucles-doreilles-argent-et-pierre-agate-verte/image-24.jpg (2050 bytes)
   🗑️  Supprimé: boucles-doreilles-argent-et-pierre-agate-verte/image-26.jpg (1724 bytes)
   🗑️  Supprimé: boucles-doreilles-argent-et-pierre-agate-verte/image-20.jpg (1920 bytes)
   🗑️  Supprimé: boucles-doreilles-argent-et-pierre-agate-verte/image-21.jpg (1699 bytes)
   🗑️  Supprimé: boucles-doreilles-argent-et-pierre-agate-verte/image-11.jpg (3628 bytes)
   🗑️  Supprimé: boucles-doreilles-argent-et-pierre-agate-verte/image-12.jpg (1695 bytes)
   🗑️  Supprimé: boucles-doreilles-argent-et-pierre-agate-verte/image-29.jpg (4653 bytes)
   🗑️  Supprimé: boucles-doreilles-argent-et-pierre-agate-verte/image-1.jpg (2031 bytes)
   🗑️  Supprimé: bracelet-jade-birmanie/image-25.jpg (1699 bytes)
   🗑️  Supprimé: bracelet-jade-birmanie/image-30.jpg (1724 bytes)
   🗑️  Supprimé: bracelet-jade-birmanie/image-24.jpg (1920 bytes)
   🗑️  Supprimé: bracelet-jade-birmanie/image-21.jpg (4734 bytes)
   🗑️  Supprimé: bracelet-jade-birmanie/image-11.jpg (3628 bytes)
   🗑️  Supprimé: bracelet-jade-birmanie/image-14.jpg (1695 bytes)
   🗑️  Supprimé: bracelet-jade-birmanie/image-28.jpg (2050 bytes)
   🗑️  Supprimé: bracelet-jade-birmanie/image-1.jpg (2031 bytes)
   🗑️  Supprimé: bracelet-jade-birmanie/image-7.jpg (1516 bytes)
   🗑️  Supprimé: boucles-doreilles-argent-cercle-et-larimar/image-8.jpg (1516 bytes)
   🗑️  Supprimé: boucles-doreilles-argent-cercle-et-larimar/image-24.jpg (1699 bytes)
   🗑️  Supprimé: boucles-doreilles-argent-cercle-et-larimar/image-26.jpg (2050 bytes)
   🗑️  Supprimé: boucles-doreilles-argent-cercle-et-larimar/image-27.jpg (1724 bytes)
   🗑️  Supprimé: boucles-doreilles-argent-cercle-et-larimar/image-23.jpg (1920 bytes)
   🗑️  Supprimé: boucles-doreilles-argent-cercle-et-larimar/image-20.jpg (4734 bytes)
   🗑️  Supprimé: boucles-doreilles-argent-cercle-et-larimar/image-13.jpg (1695 bytes)
   🗑️  Supprimé: boucles-doreilles-argent-cercle-et-larimar/image-12.jpg (3628 bytes)
   🗑️  Supprimé: boucles-doreilles-argent-cercle-et-larimar/image-1.jpg (2031 bytes)
   🗑️  Supprimé: bracelet-tibétain-argenté-pierre-turquoise-lapis-lazulis/image-25.jpg (1920 bytes)
   🗑️  Supprimé: bracelet-tibétain-argenté-pierre-turquoise-lapis-lazulis/image-31.jpg (4668 bytes)
   🗑️  Supprimé: bracelet-tibétain-argenté-pierre-turquoise-lapis-lazulis/image-24.jpg (4741 bytes)
   🗑️  Supprimé: bracelet-tibétain-argenté-pierre-turquoise-lapis-lazulis/image-26.jpg (1699 bytes)
   🗑️  Supprimé: bracelet-tibétain-argenté-pierre-turquoise-lapis-lazulis/image-27.jpg (2050 bytes)
   🗑️  Supprimé: bracelet-tibétain-argenté-pierre-turquoise-lapis-lazulis/image-23.jpg (4734 bytes)
   🗑️  Supprimé: bracelet-tibétain-argenté-pierre-turquoise-lapis-lazulis/image-10.jpg (3628 bytes)
   🗑️  Supprimé: bracelet-tibétain-argenté-pierre-turquoise-lapis-lazulis/image-11.jpg (1695 bytes)
   🗑️  Supprimé: bracelet-tibétain-argenté-pierre-turquoise-lapis-lazulis/image-28.jpg (1724 bytes)
   🗑️  Supprimé: bracelet-tibétain-argenté-pierre-turquoise-lapis-lazulis/image-2.jpg (2031 bytes)
   🗑️  Supprimé: bracelet-tibétain-argenté-pierre-turquoise-lapis-lazulis/image-5.jpg (1516 bytes)
   🗑️  Supprimé: etole-indienne-verte-et-blanche-à-motifs/image-25.jpg (2050 bytes)
   🗑️  Supprimé: etole-indienne-verte-et-blanche-à-motifs/image-26.jpg (1724 bytes)
   🗑️  Supprimé: etole-indienne-verte-et-blanche-à-motifs/image-22.jpg (1699 bytes)
   🗑️  Supprimé: etole-indienne-verte-et-blanche-à-motifs/image-20.jpg (4734 bytes)
   🗑️  Supprimé: etole-indienne-verte-et-blanche-à-motifs/image-21.jpg (1920 bytes)
   🗑️  Supprimé: etole-indienne-verte-et-blanche-à-motifs/image-10.jpg (1516 bytes)
   🗑️  Supprimé: etole-indienne-verte-et-blanche-à-motifs/image-13.jpg (1695 bytes)
   🗑️  Supprimé: etole-indienne-verte-et-blanche-à-motifs/image-12.jpg (3628 bytes)
   🗑️  Supprimé: etole-indienne-verte-et-blanche-à-motifs/image-3.jpg (2031 bytes)
   🗑️  Supprimé: créoles-argent/image-9.jpg (4482 bytes)
   🗑️  Supprimé: créoles-argent/image-25.jpg (1920 bytes)
   🗑️  Supprimé: créoles-argent/image-26.jpg (1699 bytes)
   🗑️  Supprimé: créoles-argent/image-27.jpg (2050 bytes)
   🗑️  Supprimé: créoles-argent/image-23.jpg (4734 bytes)
   🗑️  Supprimé: créoles-argent/image-10.jpg (1516 bytes)
   🗑️  Supprimé: créoles-argent/image-15.jpg (1695 bytes)
   🗑️  Supprimé: créoles-argent/image-14.jpg (3628 bytes)
   🗑️  Supprimé: créoles-argent/image-28.jpg (1724 bytes)
   🗑️  Supprimé: créoles-argent/image-1.jpg (2031 bytes)
   🗑️  Supprimé: boucles-doreilles-dorées-avec-pierre-en-lapis-lazuli/image-25.jpg (1699 bytes)
   🗑️  Supprimé: boucles-doreilles-dorées-avec-pierre-en-lapis-lazuli/image-30.jpg (1724 bytes)
   🗑️  Supprimé: boucles-doreilles-dorées-avec-pierre-en-lapis-lazuli/image-24.jpg (1920 bytes)
   🗑️  Supprimé: boucles-doreilles-dorées-avec-pierre-en-lapis-lazuli/image-21.jpg (4734 bytes)
   🗑️  Supprimé: boucles-doreilles-dorées-avec-pierre-en-lapis-lazuli/image-12.jpg (1516 bytes)
   🗑️  Supprimé: boucles-doreilles-dorées-avec-pierre-en-lapis-lazuli/image-17.jpg (4868 bytes)
   🗑️  Supprimé: boucles-doreilles-dorées-avec-pierre-en-lapis-lazuli/image-15.jpg (1695 bytes)
   🗑️  Supprimé: boucles-doreilles-dorées-avec-pierre-en-lapis-lazuli/image-14.jpg (3628 bytes)
   🗑️  Supprimé: boucles-doreilles-dorées-avec-pierre-en-lapis-lazuli/image-28.jpg (2050 bytes)
   🗑️  Supprimé: boucles-doreilles-dorées-avec-pierre-en-lapis-lazuli/image-2.jpg (2031 bytes)
   🗑️  Supprimé: bracelet-pierres-naturelles-en-agate-multi-stone/image-8.jpg (1516 bytes)
   🗑️  Supprimé: bracelet-pierres-naturelles-en-agate-multi-stone/image-24.jpg (1699 bytes)
   🗑️  Supprimé: bracelet-pierres-naturelles-en-agate-multi-stone/image-26.jpg (2050 bytes)
   🗑️  Supprimé: bracelet-pierres-naturelles-en-agate-multi-stone/image-27.jpg (1724 bytes)
   🗑️  Supprimé: bracelet-pierres-naturelles-en-agate-multi-stone/image-23.jpg (1920 bytes)
   🗑️  Supprimé: bracelet-pierres-naturelles-en-agate-multi-stone/image-22.jpg (4734 bytes)
   🗑️  Supprimé: bracelet-pierres-naturelles-en-agate-multi-stone/image-11.jpg (3628 bytes)
   🗑️  Supprimé: bracelet-pierres-naturelles-en-agate-multi-stone/image-13.jpg (1695 bytes)
   🗑️  Supprimé: bracelet-pierres-naturelles-en-agate-multi-stone/image-2.jpg (2031 bytes)
   🗑️  Supprimé: pashmina-cachemire-et-soie-couleur-rose-et-noir/image-25.jpg (1699 bytes)
   🗑️  Supprimé: pashmina-cachemire-et-soie-couleur-rose-et-noir/image-24.jpg (1920 bytes)
   🗑️  Supprimé: pashmina-cachemire-et-soie-couleur-rose-et-noir/image-26.jpg (2050 bytes)
   🗑️  Supprimé: pashmina-cachemire-et-soie-couleur-rose-et-noir/image-27.jpg (1724 bytes)
   🗑️  Supprimé: pashmina-cachemire-et-soie-couleur-rose-et-noir/image-22.jpg (4734 bytes)
   🗑️  Supprimé: pashmina-cachemire-et-soie-couleur-rose-et-noir/image-10.jpg (1516 bytes)
   🗑️  Supprimé: pashmina-cachemire-et-soie-couleur-rose-et-noir/image-17.jpg (1695 bytes)
   🗑️  Supprimé: pashmina-cachemire-et-soie-couleur-rose-et-noir/image-14.jpg (3628 bytes)
   🗑️  Supprimé: pashmina-cachemire-et-soie-couleur-rose-et-noir/image-2.jpg (2031 bytes)
   🗑️  Supprimé: bracelet-pierre-en-turquoise-avec-des-perles-argent/image-9.jpg (3628 bytes)
   🗑️  Supprimé: bracelet-pierre-en-turquoise-avec-des-perles-argent/image-26.jpg (2050 bytes)
   🗑️  Supprimé: bracelet-pierre-en-turquoise-avec-des-perles-argent/image-27.jpg (1724 bytes)
   🗑️  Supprimé: bracelet-pierre-en-turquoise-avec-des-perles-argent/image-23.jpg (1699 bytes)
   🗑️  Supprimé: bracelet-pierre-en-turquoise-avec-des-perles-argent/image-22.jpg (1920 bytes)
   🗑️  Supprimé: bracelet-pierre-en-turquoise-avec-des-perles-argent/image-20.jpg (4734 bytes)
   🗑️  Supprimé: bracelet-pierre-en-turquoise-avec-des-perles-argent/image-11.jpg (1695 bytes)
   🗑️  Supprimé: bracelet-pierre-en-turquoise-avec-des-perles-argent/image-1.jpg (2031 bytes)
   🗑️  Supprimé: bracelet-pierre-en-turquoise-avec-des-perles-argent/image-6.jpg (1516 bytes)
   🗑️  Supprimé: collier-pierres-6mm-en-turquoise/image-24.jpg (1699 bytes)
   🗑️  Supprimé: collier-pierres-6mm-en-turquoise/image-27.jpg (2050 bytes)
   🗑️  Supprimé: collier-pierres-6mm-en-turquoise/image-23.jpg (1920 bytes)
   🗑️  Supprimé: collier-pierres-6mm-en-turquoise/image-21.jpg (4734 bytes)
   🗑️  Supprimé: collier-pierres-6mm-en-turquoise/image-13.jpg (1695 bytes)
   🗑️  Supprimé: collier-pierres-6mm-en-turquoise/image-12.jpg (3628 bytes)
   🗑️  Supprimé: collier-pierres-6mm-en-turquoise/image-28.jpg (1724 bytes)
   🗑️  Supprimé: collier-pierres-6mm-en-turquoise/image-2.jpg (2031 bytes)
   🗑️  Supprimé: collier-pierres-6mm-en-turquoise/image-7.jpg (1516 bytes)
   🗑️  Supprimé: boucles-doreilles-améthyste/image-1.jpg (2031 bytes)
   🗑️  Supprimé: bracelet-en-laiton-et-des-petites-pierres-naturelles/image-9.jpg (1516 bytes)
   🗑️  Supprimé: bracelet-en-laiton-et-des-petites-pierres-naturelles/image-25.jpg (2050 bytes)
   🗑️  Supprimé: bracelet-en-laiton-et-des-petites-pierres-naturelles/image-24.jpg (1699 bytes)
   🗑️  Supprimé: bracelet-en-laiton-et-des-petites-pierres-naturelles/image-32.jpg (4178 bytes)
   🗑️  Supprimé: bracelet-en-laiton-et-des-petites-pierres-naturelles/image-27.jpg (1724 bytes)
   🗑️  Supprimé: bracelet-en-laiton-et-des-petites-pierres-naturelles/image-23.jpg (1920 bytes)
   🗑️  Supprimé: bracelet-en-laiton-et-des-petites-pierres-naturelles/image-20.jpg (4734 bytes)
   🗑️  Supprimé: bracelet-en-laiton-et-des-petites-pierres-naturelles/image-21.jpg (4741 bytes)
   🗑️  Supprimé: bracelet-en-laiton-et-des-petites-pierres-naturelles/image-13.jpg (1695 bytes)
   🗑️  Supprimé: bracelet-en-laiton-et-des-petites-pierres-naturelles/image-12.jpg (3628 bytes)
   🗑️  Supprimé: bracelet-en-laiton-et-des-petites-pierres-naturelles/image-2.jpg (2031 bytes)
   🗑️  Supprimé: bracelet-pierres-onyx-noir-et-hematite/image-8.jpg (1516 bytes)
   🗑️  Supprimé: bracelet-pierres-onyx-noir-et-hematite/image-25.jpg (2050 bytes)
   🗑️  Supprimé: bracelet-pierres-onyx-noir-et-hematite/image-23.jpg (1699 bytes)
   🗑️  Supprimé: bracelet-pierres-onyx-noir-et-hematite/image-22.jpg (1920 bytes)
   🗑️  Supprimé: bracelet-pierres-onyx-noir-et-hematite/image-21.jpg (4734 bytes)
   🗑️  Supprimé: bracelet-pierres-onyx-noir-et-hematite/image-11.jpg (3628 bytes)
   🗑️  Supprimé: bracelet-pierres-onyx-noir-et-hematite/image-14.jpg (1695 bytes)
   🗑️  Supprimé: bracelet-pierres-onyx-noir-et-hematite/image-28.jpg (1724 bytes)
   🗑️  Supprimé: bracelet-pierres-onyx-noir-et-hematite/image-2.jpg (2031 bytes)
   🗑️  Supprimé: foulard-fuchsia-en-100soie-à-motifs-éléphants/image-24.jpg (2050 bytes)
   🗑️  Supprimé: foulard-fuchsia-en-100soie-à-motifs-éléphants/image-26.jpg (1724 bytes)
   🗑️  Supprimé: foulard-fuchsia-en-100soie-à-motifs-éléphants/image-23.jpg (1699 bytes)
   🗑️  Supprimé: foulard-fuchsia-en-100soie-à-motifs-éléphants/image-22.jpg (1920 bytes)
   🗑️  Supprimé: foulard-fuchsia-en-100soie-à-motifs-éléphants/image-21.jpg (4734 bytes)
   🗑️  Supprimé: foulard-fuchsia-en-100soie-à-motifs-éléphants/image-11.jpg (1516 bytes)
   🗑️  Supprimé: foulard-fuchsia-en-100soie-à-motifs-éléphants/image-12.jpg (3628 bytes)
   🗑️  Supprimé: foulard-fuchsia-en-100soie-à-motifs-éléphants/image-15.jpg (1695 bytes)
   🗑️  Supprimé: foulard-fuchsia-en-100soie-à-motifs-éléphants/image-3.jpg (2031 bytes)
   🗑️  Supprimé: créoles-ciselées-plaqué-argent/image-25.jpg (1699 bytes)
   🗑️  Supprimé: créoles-ciselées-plaqué-argent/image-24.jpg (1920 bytes)
   🗑️  Supprimé: créoles-ciselées-plaqué-argent/image-27.jpg (2050 bytes)
   🗑️  Supprimé: créoles-ciselées-plaqué-argent/image-22.jpg (4734 bytes)
   🗑️  Supprimé: créoles-ciselées-plaqué-argent/image-10.jpg (1516 bytes)
   🗑️  Supprimé: créoles-ciselées-plaqué-argent/image-12.jpg (3628 bytes)
   🗑️  Supprimé: créoles-ciselées-plaqué-argent/image-14.jpg (1695 bytes)
   🗑️  Supprimé: créoles-ciselées-plaqué-argent/image-28.jpg (1724 bytes)
   🗑️  Supprimé: créoles-ciselées-plaqué-argent/image-1.jpg (2031 bytes)
   🗑️  Supprimé: bracelet-pierre-en-pierre-de-lune-sur-macramé/image-25.jpg (1699 bytes)
   🗑️  Supprimé: bracelet-pierre-en-pierre-de-lune-sur-macramé/image-24.jpg (1920 bytes)
   🗑️  Supprimé: bracelet-pierre-en-pierre-de-lune-sur-macramé/image-27.jpg (2050 bytes)
   🗑️  Supprimé: bracelet-pierre-en-pierre-de-lune-sur-macramé/image-22.jpg (4734 bytes)
   🗑️  Supprimé: bracelet-pierre-en-pierre-de-lune-sur-macramé/image-10.jpg (3628 bytes)
   🗑️  Supprimé: bracelet-pierre-en-pierre-de-lune-sur-macramé/image-12.jpg (1695 bytes)
   🗑️  Supprimé: bracelet-pierre-en-pierre-de-lune-sur-macramé/image-29.jpg (1724 bytes)
   🗑️  Supprimé: bracelet-pierre-en-pierre-de-lune-sur-macramé/image-3.jpg (2031 bytes)
   🗑️  Supprimé: bracelet-pierre-en-pierre-de-lune-sur-macramé/image-6.jpg (1516 bytes)
   🗑️  Supprimé: bracelet-argent-et-pierre-corail/image-25.jpg (1699 bytes)
   🗑️  Supprimé: bracelet-argent-et-pierre-corail/image-24.jpg (1920 bytes)
   🗑️  Supprimé: bracelet-argent-et-pierre-corail/image-26.jpg (2050 bytes)
   🗑️  Supprimé: bracelet-argent-et-pierre-corail/image-23.jpg (4741 bytes)
   🗑️  Supprimé: bracelet-argent-et-pierre-corail/image-22.jpg (4734 bytes)
   🗑️  Supprimé: bracelet-argent-et-pierre-corail/image-13.jpg (3628 bytes)
   🗑️  Supprimé: bracelet-argent-et-pierre-corail/image-14.jpg (1695 bytes)
   🗑️  Supprimé: bracelet-argent-et-pierre-corail/image-28.jpg (1724 bytes)
   🗑️  Supprimé: bracelet-argent-et-pierre-corail/image-1.jpg (2031 bytes)
   🗑️  Supprimé: bracelet-argent-et-pierre-corail/image-7.jpg (1516 bytes)
   🗑️  Supprimé: collier-tibetain-en-lapis-lazuli-turquoise-et-corail/image-9.jpg (1516 bytes)
   🗑️  Supprimé: collier-tibetain-en-lapis-lazuli-turquoise-et-corail/image-31.jpg (4653 bytes)
   🗑️  Supprimé: collier-tibetain-en-lapis-lazuli-turquoise-et-corail/image-24.jpg (1699 bytes)
   🗑️  Supprimé: collier-tibetain-en-lapis-lazuli-turquoise-et-corail/image-27.jpg (2050 bytes)
   🗑️  Supprimé: collier-tibetain-en-lapis-lazuli-turquoise-et-corail/image-23.jpg (1920 bytes)
   🗑️  Supprimé: collier-tibetain-en-lapis-lazuli-turquoise-et-corail/image-20.jpg (4734 bytes)
   🗑️  Supprimé: collier-tibetain-en-lapis-lazuli-turquoise-et-corail/image-11.jpg (3628 bytes)
   🗑️  Supprimé: collier-tibetain-en-lapis-lazuli-turquoise-et-corail/image-12.jpg (1695 bytes)
   🗑️  Supprimé: collier-tibetain-en-lapis-lazuli-turquoise-et-corail/image-28.jpg (1724 bytes)
   🗑️  Supprimé: collier-tibetain-en-lapis-lazuli-turquoise-et-corail/image-1.jpg (2031 bytes)
   🗑️  Supprimé: collier-tibetain-en-lapis-lazuli-turquoise-et-corail/image-7.jpg (4482 bytes)
   🗑️  Supprimé: boucles-doreilles-argent-grenat/image-25.jpg (1920 bytes)
   🗑️  Supprimé: boucles-doreilles-argent-grenat/image-26.jpg (1699 bytes)
   🗑️  Supprimé: boucles-doreilles-argent-grenat/image-23.jpg (4734 bytes)
   🗑️  Supprimé: boucles-doreilles-argent-grenat/image-11.jpg (1516 bytes)
   🗑️  Supprimé: boucles-doreilles-argent-grenat/image-29.jpg (1724 bytes)
   🗑️  Supprimé: boucles-doreilles-argent-grenat/image-15.jpg (1695 bytes)
   🗑️  Supprimé: boucles-doreilles-argent-grenat/image-14.jpg (3628 bytes)
   🗑️  Supprimé: boucles-doreilles-argent-grenat/image-28.jpg (2050 bytes)
   🗑️  Supprimé: boucles-doreilles-argent-grenat/image-1.jpg (2031 bytes)
   🗑️  Supprimé: bracelet-pierre-de-lave-et-une-perle-en-argent-avec-un-cordon-réglable/image-9.jpg (3628 bytes)
   🗑️  Supprimé: bracelet-pierre-de-lave-et-une-perle-en-argent-avec-un-cordon-réglable/image-19.jpg (4734 bytes)
   🗑️  Supprimé: bracelet-pierre-de-lave-et-une-perle-en-argent-avec-un-cordon-réglable/image-24.jpg (2050 bytes)
   🗑️  Supprimé: bracelet-pierre-de-lave-et-une-perle-en-argent-avec-un-cordon-réglable/image-26.jpg (1724 bytes)
   🗑️  Supprimé: bracelet-pierre-de-lave-et-une-perle-en-argent-avec-un-cordon-réglable/image-20.jpg (1920 bytes)
   🗑️  Supprimé: bracelet-pierre-de-lave-et-une-perle-en-argent-avec-un-cordon-réglable/image-21.jpg (1699 bytes)
   🗑️  Supprimé: bracelet-pierre-de-lave-et-une-perle-en-argent-avec-un-cordon-réglable/image-10.jpg (1695 bytes)
   🗑️  Supprimé: bracelet-pierre-de-lave-et-une-perle-en-argent-avec-un-cordon-réglable/image-1.jpg (2031 bytes)
   🗑️  Supprimé: bracelet-pierre-de-lave-et-une-perle-en-argent-avec-un-cordon-réglable/image-4.jpg (1516 bytes)
   🗑️  Supprimé: collier-tibétain-avec-des-perles-taillées-et-pierres-turquoise-et-quartz-rose/image-25.jpg (1920 bytes)
   🗑️  Supprimé: collier-tibétain-avec-des-perles-taillées-et-pierres-turquoise-et-quartz-rose/image-24.jpg (4734 bytes)
   🗑️  Supprimé: collier-tibétain-avec-des-perles-taillées-et-pierres-turquoise-et-quartz-rose/image-26.jpg (1699 bytes)
   🗑️  Supprimé: collier-tibétain-avec-des-perles-taillées-et-pierres-turquoise-et-quartz-rose/image-27.jpg (2050 bytes)
   🗑️  Supprimé: collier-tibétain-avec-des-perles-taillées-et-pierres-turquoise-et-quartz-rose/image-21.jpg (4868 bytes)
   🗑️  Supprimé: collier-tibétain-avec-des-perles-taillées-et-pierres-turquoise-et-quartz-rose/image-13.jpg (1516 bytes)
   🗑️  Supprimé: collier-tibétain-avec-des-perles-taillées-et-pierres-turquoise-et-quartz-rose/image-17.jpg (1695 bytes)
   🗑️  Supprimé: collier-tibétain-avec-des-perles-taillées-et-pierres-turquoise-et-quartz-rose/image-15.jpg (3628 bytes)
   🗑️  Supprimé: collier-tibétain-avec-des-perles-taillées-et-pierres-turquoise-et-quartz-rose/image-28.jpg (1724 bytes)
   🗑️  Supprimé: collier-tibétain-avec-des-perles-taillées-et-pierres-turquoise-et-quartz-rose/image-3.jpg (4712 bytes)
   🗑️  Supprimé: collier-tibétain-avec-des-perles-taillées-et-pierres-turquoise-et-quartz-rose/image-2.jpg (2031 bytes)
   🗑️  Supprimé: chaine-de-chevilles-argent-avec-perles-en-argent-et-des-perles-colorées/image-9.jpg (6777 bytes)
   🗑️  Supprimé: chaine-de-chevilles-argent-avec-perles-en-argent-et-des-perles-colorées/image-8.jpg (1516 bytes)
   🗑️  Supprimé: chaine-de-chevilles-argent-avec-perles-en-argent-et-des-perles-colorées/image-25.jpg (1920 bytes)
   🗑️  Supprimé: chaine-de-chevilles-argent-avec-perles-en-argent-et-des-perles-colorées/image-31.jpg (7473 bytes)
   🗑️  Supprimé: chaine-de-chevilles-argent-avec-perles-en-argent-et-des-perles-colorées/image-19.jpg (5558 bytes)
   🗑️  Supprimé: chaine-de-chevilles-argent-avec-perles-en-argent-et-des-perles-colorées/image-18.jpg (8277 bytes)
   🗑️  Supprimé: chaine-de-chevilles-argent-avec-perles-en-argent-et-des-perles-colorées/image-30.jpg (1724 bytes)
   🗑️  Supprimé: chaine-de-chevilles-argent-avec-perles-en-argent-et-des-perles-colorées/image-24.jpg (5411 bytes)
   🗑️  Supprimé: chaine-de-chevilles-argent-avec-perles-en-argent-et-des-perles-colorées/image-32.jpg (7128 bytes)
   🗑️  Supprimé: chaine-de-chevilles-argent-avec-perles-en-argent-et-des-perles-colorées/image-26.jpg (1699 bytes)
   🗑️  Supprimé: chaine-de-chevilles-argent-avec-perles-en-argent-et-des-perles-colorées/image-27.jpg (7087 bytes)
   🗑️  Supprimé: chaine-de-chevilles-argent-avec-perles-en-argent-et-des-perles-colorées/image-23.jpg (4734 bytes)
   🗑️  Supprimé: chaine-de-chevilles-argent-avec-perles-en-argent-et-des-perles-colorées/image-22.jpg (12334 bytes)
   🗑️  Supprimé: chaine-de-chevilles-argent-avec-perles-en-argent-et-des-perles-colorées/image-20.jpg (88647 bytes)
   🗑️  Supprimé: chaine-de-chevilles-argent-avec-perles-en-argent-et-des-perles-colorées/image-21.jpg (6551 bytes)
   🗑️  Supprimé: chaine-de-chevilles-argent-avec-perles-en-argent-et-des-perles-colorées/image-10.jpg (7531 bytes)
   🗑️  Supprimé: chaine-de-chevilles-argent-avec-perles-en-argent-et-des-perles-colorées/image-11.jpg (3628 bytes)
   🗑️  Supprimé: chaine-de-chevilles-argent-avec-perles-en-argent-et-des-perles-colorées/image-13.jpg (1695 bytes)
   🗑️  Supprimé: chaine-de-chevilles-argent-avec-perles-en-argent-et-des-perles-colorées/image-12.jpg (20817 bytes)
   🗑️  Supprimé: chaine-de-chevilles-argent-avec-perles-en-argent-et-des-perles-colorées/image-16.jpg (5676 bytes)
   🗑️  Supprimé: chaine-de-chevilles-argent-avec-perles-en-argent-et-des-perles-colorées/image-17.jpg (5045 bytes)
   🗑️  Supprimé: chaine-de-chevilles-argent-avec-perles-en-argent-et-des-perles-colorées/image-29.jpg (2050 bytes)
   🗑️  Supprimé: chaine-de-chevilles-argent-avec-perles-en-argent-et-des-perles-colorées/image-15.jpg (7428 bytes)
   🗑️  Supprimé: chaine-de-chevilles-argent-avec-perles-en-argent-et-des-perles-colorées/image-14.jpg (7311 bytes)
   🗑️  Supprimé: chaine-de-chevilles-argent-avec-perles-en-argent-et-des-perles-colorées/image-28.jpg (5862 bytes)
   🗑️  Supprimé: chaine-de-chevilles-argent-avec-perles-en-argent-et-des-perles-colorées/image-1.jpg (2031 bytes)
   🗑️  Supprimé: chaine-de-chevilles-argent-avec-perles-en-argent-et-des-perles-colorées/image-3.jpg (7042 bytes)
   🗑️  Supprimé: chaine-de-chevilles-argent-avec-perles-en-argent-et-des-perles-colorées/image-2.jpg (7054 bytes)
   🗑️  Supprimé: chaine-de-chevilles-argent-avec-perles-en-argent-et-des-perles-colorées/image-6.jpg (14639 bytes)
   🗑️  Supprimé: chaine-de-chevilles-argent-avec-perles-en-argent-et-des-perles-colorées/image-7.jpg (5063 bytes)
   🗑️  Supprimé: chaine-de-chevilles-argent-avec-perles-en-argent-et-des-perles-colorées/image-5.jpg (8006 bytes)
   🗑️  Supprimé: chaine-de-chevilles-argent-avec-perles-en-argent-et-des-perles-colorées/image-4.jpg (11630 bytes)
   🗑️  Supprimé: créoles-ciselées-argent/image-9.jpg (1516 bytes)
   🗑️  Supprimé: créoles-ciselées-argent/image-24.jpg (1699 bytes)
   🗑️  Supprimé: créoles-ciselées-argent/image-26.jpg (2050 bytes)
   🗑️  Supprimé: créoles-ciselées-argent/image-27.jpg (1724 bytes)
   🗑️  Supprimé: créoles-ciselées-argent/image-23.jpg (1920 bytes)
   🗑️  Supprimé: créoles-ciselées-argent/image-21.jpg (4734 bytes)
   🗑️  Supprimé: créoles-ciselées-argent/image-13.jpg (1695 bytes)
   🗑️  Supprimé: créoles-ciselées-argent/image-12.jpg (3628 bytes)
   🗑️  Supprimé: créoles-ciselées-argent/image-1.jpg (2031 bytes)
   🗑️  Supprimé: etole-100-coton-noir-gris-et-rouge/image-8.jpg (1516 bytes)
   🗑️  Supprimé: etole-100-coton-noir-gris-et-rouge/image-24.jpg (1699 bytes)
   🗑️  Supprimé: etole-100-coton-noir-gris-et-rouge/image-26.jpg (2050 bytes)
   🗑️  Supprimé: etole-100-coton-noir-gris-et-rouge/image-27.jpg (1724 bytes)
   🗑️  Supprimé: etole-100-coton-noir-gris-et-rouge/image-23.jpg (1920 bytes)
   🗑️  Supprimé: etole-100-coton-noir-gris-et-rouge/image-21.jpg (4734 bytes)
   🗑️  Supprimé: etole-100-coton-noir-gris-et-rouge/image-11.jpg (3628 bytes)
   🗑️  Supprimé: etole-100-coton-noir-gris-et-rouge/image-15.jpg (1695 bytes)
   🗑️  Supprimé: etole-100-coton-noir-gris-et-rouge/image-3.jpg (2031 bytes)
   🗑️  Supprimé: boucles-doreilles-argent-jade/image-9.jpg (1516 bytes)
   🗑️  Supprimé: boucles-doreilles-argent-jade/image-8.jpg (4482 bytes)
   🗑️  Supprimé: boucles-doreilles-argent-jade/image-25.jpg (1920 bytes)
   🗑️  Supprimé: boucles-doreilles-argent-jade/image-26.jpg (1699 bytes)
   🗑️  Supprimé: boucles-doreilles-argent-jade/image-27.jpg (2050 bytes)
   🗑️  Supprimé: boucles-doreilles-argent-jade/image-22.jpg (4734 bytes)
   🗑️  Supprimé: boucles-doreilles-argent-jade/image-13.jpg (1695 bytes)
   🗑️  Supprimé: boucles-doreilles-argent-jade/image-12.jpg (3628 bytes)
   🗑️  Supprimé: boucles-doreilles-argent-jade/image-28.jpg (1724 bytes)
   🗑️  Supprimé: boucles-doreilles-argent-jade/image-1.jpg (2031 bytes)
   🗑️  Supprimé: boucles-doreilles-pierre-lapis-lazilu/image-9.jpg (1516 bytes)
   🗑️  Supprimé: boucles-doreilles-pierre-lapis-lazilu/image-30.jpg (4653 bytes)
   🗑️  Supprimé: boucles-doreilles-pierre-lapis-lazilu/image-24.jpg (1699 bytes)
   🗑️  Supprimé: boucles-doreilles-pierre-lapis-lazilu/image-27.jpg (2050 bytes)
   🗑️  Supprimé: boucles-doreilles-pierre-lapis-lazilu/image-23.jpg (1920 bytes)
   🗑️  Supprimé: boucles-doreilles-pierre-lapis-lazilu/image-21.jpg (4734 bytes)
   🗑️  Supprimé: boucles-doreilles-pierre-lapis-lazilu/image-11.jpg (3628 bytes)
   🗑️  Supprimé: boucles-doreilles-pierre-lapis-lazilu/image-12.jpg (1695 bytes)
   🗑️  Supprimé: boucles-doreilles-pierre-lapis-lazilu/image-28.jpg (1724 bytes)
   🗑️  Supprimé: boucles-doreilles-pierre-lapis-lazilu/image-1.jpg (2031 bytes)
   🗑️  Supprimé: bracelet-pierre-oeil-du-tigre/image-8.jpg (1516 bytes)
   🗑️  Supprimé: bracelet-pierre-oeil-du-tigre/image-25.jpg (2050 bytes)
   🗑️  Supprimé: bracelet-pierre-oeil-du-tigre/image-23.jpg (1699 bytes)
   🗑️  Supprimé: bracelet-pierre-oeil-du-tigre/image-22.jpg (1920 bytes)
   🗑️  Supprimé: bracelet-pierre-oeil-du-tigre/image-21.jpg (4734 bytes)
   🗑️  Supprimé: bracelet-pierre-oeil-du-tigre/image-11.jpg (3628 bytes)
   🗑️  Supprimé: bracelet-pierre-oeil-du-tigre/image-29.jpg (1724 bytes)
   🗑️  Supprimé: bracelet-pierre-oeil-du-tigre/image-15.jpg (1695 bytes)
   🗑️  Supprimé: bracelet-pierre-oeil-du-tigre/image-2.jpg (2031 bytes)
   🗑️  Supprimé: bracelet-pierres-naturelles-en-agate/image-8.jpg (1516 bytes)
   🗑️  Supprimé: bracelet-pierres-naturelles-en-agate/image-25.jpg (1699 bytes)
   🗑️  Supprimé: bracelet-pierres-naturelles-en-agate/image-24.jpg (1920 bytes)
   🗑️  Supprimé: bracelet-pierres-naturelles-en-agate/image-26.jpg (2050 bytes)
   🗑️  Supprimé: bracelet-pierres-naturelles-en-agate/image-23.jpg (4734 bytes)
   🗑️  Supprimé: bracelet-pierres-naturelles-en-agate/image-29.jpg (1724 bytes)
   🗑️  Supprimé: bracelet-pierres-naturelles-en-agate/image-15.jpg (1695 bytes)
   🗑️  Supprimé: bracelet-pierres-naturelles-en-agate/image-14.jpg (3628 bytes)
   🗑️  Supprimé: bracelet-pierres-naturelles-en-agate/image-2.jpg (2031 bytes)
   🗑️  Supprimé: collier-pierres-oeil-du-tigre-grande-pierre/image-8.jpg (1516 bytes)
   🗑️  Supprimé: collier-pierres-oeil-du-tigre-grande-pierre/image-24.jpg (1699 bytes)
   🗑️  Supprimé: collier-pierres-oeil-du-tigre-grande-pierre/image-26.jpg (2050 bytes)
   🗑️  Supprimé: collier-pierres-oeil-du-tigre-grande-pierre/image-23.jpg (1920 bytes)
   🗑️  Supprimé: collier-pierres-oeil-du-tigre-grande-pierre/image-21.jpg (4734 bytes)
   🗑️  Supprimé: collier-pierres-oeil-du-tigre-grande-pierre/image-10.jpg (3628 bytes)
   🗑️  Supprimé: collier-pierres-oeil-du-tigre-grande-pierre/image-11.jpg (1695 bytes)
   🗑️  Supprimé: collier-pierres-oeil-du-tigre-grande-pierre/image-28.jpg (1724 bytes)
   🗑️  Supprimé: collier-pierres-oeil-du-tigre-grande-pierre/image-2.jpg (2031 bytes)
   🗑️  Supprimé: bracelet-pierres-pierre-de-luneaméthysteambre/image-9.jpg (1695 bytes)
   🗑️  Supprimé: bracelet-pierres-pierre-de-luneaméthysteambre/image-19.jpg (4734 bytes)
   🗑️  Supprimé: bracelet-pierres-pierre-de-luneaméthysteambre/image-24.jpg (2050 bytes)
   🗑️  Supprimé: bracelet-pierres-pierre-de-luneaméthysteambre/image-26.jpg (1724 bytes)
   🗑️  Supprimé: bracelet-pierres-pierre-de-luneaméthysteambre/image-22.jpg (1699 bytes)
   🗑️  Supprimé: bracelet-pierres-pierre-de-luneaméthysteambre/image-21.jpg (1920 bytes)
   🗑️  Supprimé: bracelet-pierres-pierre-de-luneaméthysteambre/image-1.jpg (2031 bytes)
   🗑️  Supprimé: bracelet-pierres-pierre-de-luneaméthysteambre/image-6.jpg (3628 bytes)
   🗑️  Supprimé: bracelet-pierres-pierre-de-luneaméthysteambre/image-4.jpg (1516 bytes)
   🗑️  Supprimé: sac-soie-et-coton-pratique-usage-facile/image-8.jpg (1516 bytes)
   🗑️  Supprimé: sac-soie-et-coton-pratique-usage-facile/image-18.jpg (1699 bytes)
   🗑️  Supprimé: sac-soie-et-coton-pratique-usage-facile/image-23.jpg (1724 bytes)
   🗑️  Supprimé: sac-soie-et-coton-pratique-usage-facile/image-22.jpg (2050 bytes)
   🗑️  Supprimé: sac-soie-et-coton-pratique-usage-facile/image-10.jpg (3628 bytes)
   🗑️  Supprimé: sac-soie-et-coton-pratique-usage-facile/image-12.jpg (1695 bytes)
   🗑️  Supprimé: sac-soie-et-coton-pratique-usage-facile/image-17.jpg (1920 bytes)
   🗑️  Supprimé: sac-soie-et-coton-pratique-usage-facile/image-15.jpg (4734 bytes)
   🗑️  Supprimé: sac-soie-et-coton-pratique-usage-facile/image-2.jpg (2031 bytes)
   🗑️  Supprimé: collier-tibetain-en-turquoise-et-lapis-lazuli/image-25.jpg (1699 bytes)
   🗑️  Supprimé: collier-tibetain-en-turquoise-et-lapis-lazuli/image-18.jpg (4868 bytes)
   🗑️  Supprimé: collier-tibetain-en-turquoise-et-lapis-lazuli/image-24.jpg (1920 bytes)
   🗑️  Supprimé: collier-tibetain-en-turquoise-et-lapis-lazuli/image-27.jpg (2050 bytes)
   🗑️  Supprimé: collier-tibetain-en-turquoise-et-lapis-lazuli/image-22.jpg (4734 bytes)
   🗑️  Supprimé: collier-tibetain-en-turquoise-et-lapis-lazuli/image-13.jpg (1516 bytes)
   🗑️  Supprimé: collier-tibetain-en-turquoise-et-lapis-lazuli/image-29.jpg (1724 bytes)
   🗑️  Supprimé: collier-tibetain-en-turquoise-et-lapis-lazuli/image-15.jpg (1695 bytes)
   🗑️  Supprimé: collier-tibetain-en-turquoise-et-lapis-lazuli/image-14.jpg (3628 bytes)
   🗑️  Supprimé: collier-tibetain-en-turquoise-et-lapis-lazuli/image-2.jpg (2031 bytes)
   🗑️  Supprimé: bracelet-metal-argenté-perles-vertes/image-9.jpg (1516 bytes)
   🗑️  Supprimé: bracelet-metal-argenté-perles-vertes/image-25.jpg (1724 bytes)
   🗑️  Supprimé: bracelet-metal-argenté-perles-vertes/image-31.jpg (4668 bytes)
   🗑️  Supprimé: bracelet-metal-argenté-perles-vertes/image-19.jpg (4734 bytes)
   🗑️  Supprimé: bracelet-metal-argenté-perles-vertes/image-23.jpg (2050 bytes)
   🗑️  Supprimé: bracelet-metal-argenté-perles-vertes/image-22.jpg (1699 bytes)
   🗑️  Supprimé: bracelet-metal-argenté-perles-vertes/image-20.jpg (4741 bytes)
   🗑️  Supprimé: bracelet-metal-argenté-perles-vertes/image-21.jpg (1920 bytes)
   🗑️  Supprimé: bracelet-metal-argenté-perles-vertes/image-13.jpg (1695 bytes)
   🗑️  Supprimé: bracelet-metal-argenté-perles-vertes/image-12.jpg (3628 bytes)
   🗑️  Supprimé: bracelet-metal-argenté-perles-vertes/image-2.jpg (2031 bytes)
   🗑️  Supprimé: pochette-en-coton-blanc-et-motifs-de-couleur/image-25.jpg (2050 bytes)
   🗑️  Supprimé: pochette-en-coton-blanc-et-motifs-de-couleur/image-26.jpg (1724 bytes)
   🗑️  Supprimé: pochette-en-coton-blanc-et-motifs-de-couleur/image-23.jpg (1699 bytes)
   🗑️  Supprimé: pochette-en-coton-blanc-et-motifs-de-couleur/image-22.jpg (1920 bytes)
   🗑️  Supprimé: pochette-en-coton-blanc-et-motifs-de-couleur/image-21.jpg (4734 bytes)
   🗑️  Supprimé: pochette-en-coton-blanc-et-motifs-de-couleur/image-11.jpg (1516 bytes)
   🗑️  Supprimé: pochette-en-coton-blanc-et-motifs-de-couleur/image-13.jpg (3628 bytes)
   🗑️  Supprimé: pochette-en-coton-blanc-et-motifs-de-couleur/image-15.jpg (1695 bytes)
   🗑️  Supprimé: pochette-en-coton-blanc-et-motifs-de-couleur/image-4.jpg (2031 bytes)
   🗑️  Supprimé: bracelet-jonc-en-plaqué-argent-avec-deux-rubis-indien/image-9.jpg (1516 bytes)
   🗑️  Supprimé: bracelet-jonc-en-plaqué-argent-avec-deux-rubis-indien/image-25.jpg (1699 bytes)
   🗑️  Supprimé: bracelet-jonc-en-plaqué-argent-avec-deux-rubis-indien/image-24.jpg (1920 bytes)
   🗑️  Supprimé: bracelet-jonc-en-plaqué-argent-avec-deux-rubis-indien/image-26.jpg (2050 bytes)
   🗑️  Supprimé: bracelet-jonc-en-plaqué-argent-avec-deux-rubis-indien/image-27.jpg (1724 bytes)
   🗑️  Supprimé: bracelet-jonc-en-plaqué-argent-avec-deux-rubis-indien/image-23.jpg (4741 bytes)
   🗑️  Supprimé: bracelet-jonc-en-plaqué-argent-avec-deux-rubis-indien/image-22.jpg (4734 bytes)
   🗑️  Supprimé: bracelet-jonc-en-plaqué-argent-avec-deux-rubis-indien/image-16.jpg (1695 bytes)
   🗑️  Supprimé: bracelet-jonc-en-plaqué-argent-avec-deux-rubis-indien/image-14.jpg (3628 bytes)
   🗑️  Supprimé: bracelet-jonc-en-plaqué-argent-avec-deux-rubis-indien/image-2.jpg (2031 bytes)
   🗑️  Supprimé: bracelet-doré-en-pierre-de-jade/image-8.jpg (1516 bytes)
   🗑️  Supprimé: bracelet-doré-en-pierre-de-jade/image-19.jpg (4734 bytes)
   🗑️  Supprimé: bracelet-doré-en-pierre-de-jade/image-26.jpg (1724 bytes)
   🗑️  Supprimé: bracelet-doré-en-pierre-de-jade/image-23.jpg (2050 bytes)
   🗑️  Supprimé: bracelet-doré-en-pierre-de-jade/image-22.jpg (1699 bytes)
   🗑️  Supprimé: bracelet-doré-en-pierre-de-jade/image-20.jpg (4741 bytes)
   🗑️  Supprimé: bracelet-doré-en-pierre-de-jade/image-21.jpg (1920 bytes)
   🗑️  Supprimé: bracelet-doré-en-pierre-de-jade/image-11.jpg (3628 bytes)
   🗑️  Supprimé: bracelet-doré-en-pierre-de-jade/image-12.jpg (1695 bytes)
   🗑️  Supprimé: bracelet-doré-en-pierre-de-jade/image-2.jpg (2031 bytes)
   🗑️  Supprimé: bracelet-pierres-agate-bleu-fonce/image-19.jpg (4734 bytes)
   🗑️  Supprimé: bracelet-pierres-agate-bleu-fonce/image-24.jpg (2050 bytes)
   🗑️  Supprimé: bracelet-pierres-agate-bleu-fonce/image-27.jpg (1724 bytes)
   🗑️  Supprimé: bracelet-pierres-agate-bleu-fonce/image-20.jpg (1920 bytes)
   🗑️  Supprimé: bracelet-pierres-agate-bleu-fonce/image-21.jpg (1699 bytes)
   🗑️  Supprimé: bracelet-pierres-agate-bleu-fonce/image-10.jpg (3628 bytes)
   🗑️  Supprimé: bracelet-pierres-agate-bleu-fonce/image-11.jpg (1695 bytes)
   🗑️  Supprimé: bracelet-pierres-agate-bleu-fonce/image-1.jpg (2031 bytes)
   🗑️  Supprimé: bracelet-pierres-agate-bleu-fonce/image-7.jpg (1516 bytes)
   🗑️  Supprimé: bracelet-pierre-triple-protection-obsidiennehematiteoeil-du-tigre-signe-aum/image-25.jpg (2050 bytes)
   🗑️  Supprimé: bracelet-pierre-triple-protection-obsidiennehematiteoeil-du-tigre-signe-aum/image-27.jpg (1724 bytes)
   🗑️  Supprimé: bracelet-pierre-triple-protection-obsidiennehematiteoeil-du-tigre-signe-aum/image-23.jpg (1699 bytes)
   🗑️  Supprimé: bracelet-pierre-triple-protection-obsidiennehematiteoeil-du-tigre-signe-aum/image-22.jpg (1920 bytes)
   🗑️  Supprimé: bracelet-pierre-triple-protection-obsidiennehematiteoeil-du-tigre-signe-aum/image-20.jpg (4734 bytes)
   🗑️  Supprimé: bracelet-pierre-triple-protection-obsidiennehematiteoeil-du-tigre-signe-aum/image-10.jpg (3628 bytes)
   🗑️  Supprimé: bracelet-pierre-triple-protection-obsidiennehematiteoeil-du-tigre-signe-aum/image-13.jpg (1695 bytes)
   🗑️  Supprimé: bracelet-pierre-triple-protection-obsidiennehematiteoeil-du-tigre-signe-aum/image-2.jpg (2031 bytes)
   🗑️  Supprimé: bracelet-pierre-triple-protection-obsidiennehematiteoeil-du-tigre-signe-aum/image-7.jpg (1516 bytes)
   🗑️  Supprimé: bague-argent-lapis-lazuli/image-9.jpg (1516 bytes)
   🗑️  Supprimé: bague-argent-lapis-lazuli/image-30.jpg (1724 bytes)
   🗑️  Supprimé: bague-argent-lapis-lazuli/image-26.jpg (1920 bytes)
   🗑️  Supprimé: bague-argent-lapis-lazuli/image-27.jpg (1699 bytes)
   🗑️  Supprimé: bague-argent-lapis-lazuli/image-23.jpg (4734 bytes)
   🗑️  Supprimé: bague-argent-lapis-lazuli/image-29.jpg (2050 bytes)
   🗑️  Supprimé: bague-argent-lapis-lazuli/image-15.jpg (1695 bytes)
   🗑️  Supprimé: bague-argent-lapis-lazuli/image-14.jpg (3628 bytes)
   🗑️  Supprimé: bague-argent-lapis-lazuli/image-1.jpg (2031 bytes)
   🗑️  Supprimé: pashmina-cachemiresoie-noirrougeblanc/image-25.jpg (1724 bytes)
   🗑️  Supprimé: pashmina-cachemiresoie-noirrougeblanc/image-24.jpg (2050 bytes)
   🗑️  Supprimé: pashmina-cachemiresoie-noirrougeblanc/image-22.jpg (1699 bytes)
   🗑️  Supprimé: pashmina-cachemiresoie-noirrougeblanc/image-20.jpg (4734 bytes)
   🗑️  Supprimé: pashmina-cachemiresoie-noirrougeblanc/image-21.jpg (1920 bytes)
   🗑️  Supprimé: pashmina-cachemiresoie-noirrougeblanc/image-11.jpg (1516 bytes)
   🗑️  Supprimé: pashmina-cachemiresoie-noirrougeblanc/image-13.jpg (3628 bytes)
   🗑️  Supprimé: pashmina-cachemiresoie-noirrougeblanc/image-14.jpg (1695 bytes)
   🗑️  Supprimé: pashmina-cachemiresoie-noirrougeblanc/image-5.jpg (2031 bytes)
   🗑️  Supprimé: chaine-de-chevilles-argentée-avec-des-coeurs/image-8.jpg (4482 bytes)
   🗑️  Supprimé: chaine-de-chevilles-argentée-avec-des-coeurs/image-25.jpg (1699 bytes)
   🗑️  Supprimé: chaine-de-chevilles-argentée-avec-des-coeurs/image-24.jpg (1920 bytes)
   🗑️  Supprimé: chaine-de-chevilles-argentée-avec-des-coeurs/image-27.jpg (2050 bytes)
   🗑️  Supprimé: chaine-de-chevilles-argentée-avec-des-coeurs/image-22.jpg (4734 bytes)
   🗑️  Supprimé: chaine-de-chevilles-argentée-avec-des-coeurs/image-11.jpg (1516 bytes)
   🗑️  Supprimé: chaine-de-chevilles-argentée-avec-des-coeurs/image-16.jpg (3628 bytes)
   🗑️  Supprimé: chaine-de-chevilles-argentée-avec-des-coeurs/image-17.jpg (1695 bytes)
   🗑️  Supprimé: chaine-de-chevilles-argentée-avec-des-coeurs/image-28.jpg (1724 bytes)
   🗑️  Supprimé: chaine-de-chevilles-argentée-avec-des-coeurs/image-1.jpg (2031 bytes)
   🗑️  Supprimé: collier-pierres-naturelles-grenat/image-24.jpg (1699 bytes)
   🗑️  Supprimé: collier-pierres-naturelles-grenat/image-27.jpg (2050 bytes)
   🗑️  Supprimé: collier-pierres-naturelles-grenat/image-23.jpg (1920 bytes)
   🗑️  Supprimé: collier-pierres-naturelles-grenat/image-21.jpg (4734 bytes)
   🗑️  Supprimé: collier-pierres-naturelles-grenat/image-10.jpg (3628 bytes)
   🗑️  Supprimé: collier-pierres-naturelles-grenat/image-12.jpg (1695 bytes)
   🗑️  Supprimé: collier-pierres-naturelles-grenat/image-29.jpg (1724 bytes)
   🗑️  Supprimé: collier-pierres-naturelles-grenat/image-1.jpg (2031 bytes)
   🗑️  Supprimé: collier-pierres-naturelles-grenat/image-6.jpg (1516 bytes)
   🗑️  Supprimé: pendentif-argent-pierre-aventurine/image-9.jpg (1516 bytes)
   🗑️  Supprimé: pendentif-argent-pierre-aventurine/image-8.jpg (4482 bytes)
   🗑️  Supprimé: pendentif-argent-pierre-aventurine/image-24.jpg (1699 bytes)
   🗑️  Supprimé: pendentif-argent-pierre-aventurine/image-26.jpg (2050 bytes)
   🗑️  Supprimé: pendentif-argent-pierre-aventurine/image-27.jpg (1724 bytes)
   🗑️  Supprimé: pendentif-argent-pierre-aventurine/image-23.jpg (1920 bytes)
   🗑️  Supprimé: pendentif-argent-pierre-aventurine/image-22.jpg (4734 bytes)
   🗑️  Supprimé: pendentif-argent-pierre-aventurine/image-29.jpg (4653 bytes)
   🗑️  Supprimé: pendentif-argent-pierre-aventurine/image-15.jpg (1695 bytes)
   🗑️  Supprimé: pendentif-argent-pierre-aventurine/image-14.jpg (3628 bytes)
   🗑️  Supprimé: pendentif-argent-pierre-aventurine/image-1.jpg (2031 bytes)
   🗑️  Supprimé: collier-indien-en-bois-brun-et-naturel/image-25.jpg (1920 bytes)
   🗑️  Supprimé: collier-indien-en-bois-brun-et-naturel/image-30.jpg (1724 bytes)
   🗑️  Supprimé: collier-indien-en-bois-brun-et-naturel/image-26.jpg (1699 bytes)
   🗑️  Supprimé: collier-indien-en-bois-brun-et-naturel/image-27.jpg (2050 bytes)
   🗑️  Supprimé: collier-indien-en-bois-brun-et-naturel/image-23.jpg (4734 bytes)
   🗑️  Supprimé: collier-indien-en-bois-brun-et-naturel/image-12.jpg (1516 bytes)
   🗑️  Supprimé: collier-indien-en-bois-brun-et-naturel/image-16.jpg (1695 bytes)
   🗑️  Supprimé: collier-indien-en-bois-brun-et-naturel/image-15.jpg (3628 bytes)
   🗑️  Supprimé: collier-indien-en-bois-brun-et-naturel/image-3.jpg (4712 bytes)
   🗑️  Supprimé: collier-indien-en-bois-brun-et-naturel/image-2.jpg (2031 bytes)
   🗑️  Supprimé: chaine-metal-argenté-pour-vos-pendentifs/image-31.jpg (1724 bytes)
   🗑️  Supprimé: chaine-metal-argenté-pour-vos-pendentifs/image-19.jpg (3628 bytes)
   🗑️  Supprimé: chaine-metal-argenté-pour-vos-pendentifs/image-30.jpg (2050 bytes)
   🗑️  Supprimé: chaine-metal-argenté-pour-vos-pendentifs/image-24.jpg (4734 bytes)
   🗑️  Supprimé: chaine-metal-argenté-pour-vos-pendentifs/image-26.jpg (1920 bytes)
   🗑️  Supprimé: chaine-metal-argenté-pour-vos-pendentifs/image-27.jpg (1699 bytes)
   🗑️  Supprimé: chaine-metal-argenté-pour-vos-pendentifs/image-20.jpg (1695 bytes)
   🗑️  Supprimé: chaine-metal-argenté-pour-vos-pendentifs/image-10.jpg (4482 bytes)
   🗑️  Supprimé: chaine-metal-argenté-pour-vos-pendentifs/image-14.jpg (1516 bytes)
   🗑️  Supprimé: chaine-metal-argenté-pour-vos-pendentifs/image-1.jpg (2031 bytes)
   🗑️  Supprimé: jonc-en-argent-mat-ciselé/image-25.jpg (1699 bytes)
   🗑️  Supprimé: jonc-en-argent-mat-ciselé/image-24.jpg (1920 bytes)
   🗑️  Supprimé: jonc-en-argent-mat-ciselé/image-26.jpg (2050 bytes)
   🗑️  Supprimé: jonc-en-argent-mat-ciselé/image-22.jpg (4734 bytes)
   🗑️  Supprimé: jonc-en-argent-mat-ciselé/image-13.jpg (1695 bytes)
   🗑️  Supprimé: jonc-en-argent-mat-ciselé/image-12.jpg (3628 bytes)
   🗑️  Supprimé: jonc-en-argent-mat-ciselé/image-29.jpg (1724 bytes)
   🗑️  Supprimé: jonc-en-argent-mat-ciselé/image-1.jpg (2031 bytes)
   🗑️  Supprimé: jonc-en-argent-mat-ciselé/image-7.jpg (1516 bytes)
   🗑️  Supprimé: petite-boucle-doreille-en-pierre-péridot-et-en-argent/image-8.jpg (4482 bytes)
   🗑️  Supprimé: petite-boucle-doreille-en-pierre-péridot-et-en-argent/image-25.jpg (2050 bytes)
   🗑️  Supprimé: petite-boucle-doreille-en-pierre-péridot-et-en-argent/image-24.jpg (1699 bytes)
   🗑️  Supprimé: petite-boucle-doreille-en-pierre-péridot-et-en-argent/image-26.jpg (1724 bytes)
   🗑️  Supprimé: petite-boucle-doreille-en-pierre-péridot-et-en-argent/image-23.jpg (1920 bytes)
   🗑️  Supprimé: petite-boucle-doreille-en-pierre-péridot-et-en-argent/image-20.jpg (4734 bytes)
   🗑️  Supprimé: petite-boucle-doreille-en-pierre-péridot-et-en-argent/image-10.jpg (1516 bytes)
   🗑️  Supprimé: petite-boucle-doreille-en-pierre-péridot-et-en-argent/image-13.jpg (3628 bytes)
   🗑️  Supprimé: petite-boucle-doreille-en-pierre-péridot-et-en-argent/image-29.jpg (4653 bytes)
   🗑️  Supprimé: petite-boucle-doreille-en-pierre-péridot-et-en-argent/image-14.jpg (1695 bytes)
   🗑️  Supprimé: petite-boucle-doreille-en-pierre-péridot-et-en-argent/image-1.jpg (2031 bytes)
   🗑️  Supprimé: sac-indien-tissus-sari-coloré/image-25.jpg (1699 bytes)
   🗑️  Supprimé: sac-indien-tissus-sari-coloré/image-18.jpg (1695 bytes)
   🗑️  Supprimé: sac-indien-tissus-sari-coloré/image-24.jpg (1920 bytes)
   🗑️  Supprimé: sac-indien-tissus-sari-coloré/image-26.jpg (2050 bytes)
   🗑️  Supprimé: sac-indien-tissus-sari-coloré/image-23.jpg (4734 bytes)
   🗑️  Supprimé: sac-indien-tissus-sari-coloré/image-13.jpg (1516 bytes)
   🗑️  Supprimé: sac-indien-tissus-sari-coloré/image-15.jpg (3628 bytes)
   🗑️  Supprimé: sac-indien-tissus-sari-coloré/image-28.jpg (1724 bytes)
   🗑️  Supprimé: sac-indien-tissus-sari-coloré/image-3.jpg (2031 bytes)
   🗑️  Supprimé: bracelet-pierres-agate-bleue-cordon-réglable/image-25.jpg (1920 bytes)
   🗑️  Supprimé: bracelet-pierres-agate-bleue-cordon-réglable/image-30.jpg (1724 bytes)
   🗑️  Supprimé: bracelet-pierres-agate-bleue-cordon-réglable/image-24.jpg (4734 bytes)
   🗑️  Supprimé: bracelet-pierres-agate-bleue-cordon-réglable/image-26.jpg (1699 bytes)
   🗑️  Supprimé: bracelet-pierres-agate-bleue-cordon-réglable/image-10.jpg (1516 bytes)
   🗑️  Supprimé: bracelet-pierres-agate-bleue-cordon-réglable/image-16.jpg (3628 bytes)
   🗑️  Supprimé: bracelet-pierres-agate-bleue-cordon-réglable/image-17.jpg (1695 bytes)
   🗑️  Supprimé: bracelet-pierres-agate-bleue-cordon-réglable/image-28.jpg (2050 bytes)
   🗑️  Supprimé: bracelet-pierres-agate-bleue-cordon-réglable/image-3.jpg (2031 bytes)
   🗑️  Supprimé: foulard-soie-à-motifs-cachemire-bleu-et-turquoise/image-24.jpg (1699 bytes)
   🗑️  Supprimé: foulard-soie-à-motifs-cachemire-bleu-et-turquoise/image-27.jpg (2050 bytes)
   🗑️  Supprimé: foulard-soie-à-motifs-cachemire-bleu-et-turquoise/image-23.jpg (1920 bytes)
   🗑️  Supprimé: foulard-soie-à-motifs-cachemire-bleu-et-turquoise/image-21.jpg (4734 bytes)
   🗑️  Supprimé: foulard-soie-à-motifs-cachemire-bleu-et-turquoise/image-11.jpg (1516 bytes)
   🗑️  Supprimé: foulard-soie-à-motifs-cachemire-bleu-et-turquoise/image-15.jpg (1695 bytes)
   🗑️  Supprimé: foulard-soie-à-motifs-cachemire-bleu-et-turquoise/image-14.jpg (3628 bytes)
   🗑️  Supprimé: foulard-soie-à-motifs-cachemire-bleu-et-turquoise/image-28.jpg (1724 bytes)
   🗑️  Supprimé: foulard-soie-à-motifs-cachemire-bleu-et-turquoise/image-2.jpg (2031 bytes)
   🗑️  Supprimé: boucles-doreilles-argent-avec-chainette-etperles-en-argent/image-8.jpg (1516 bytes)
   🗑️  Supprimé: boucles-doreilles-argent-avec-chainette-etperles-en-argent/image-24.jpg (1699 bytes)
   🗑️  Supprimé: boucles-doreilles-argent-avec-chainette-etperles-en-argent/image-27.jpg (2050 bytes)
   🗑️  Supprimé: boucles-doreilles-argent-avec-chainette-etperles-en-argent/image-23.jpg (1920 bytes)
   🗑️  Supprimé: boucles-doreilles-argent-avec-chainette-etperles-en-argent/image-22.jpg (4734 bytes)
   🗑️  Supprimé: boucles-doreilles-argent-avec-chainette-etperles-en-argent/image-13.jpg (3628 bytes)
   🗑️  Supprimé: boucles-doreilles-argent-avec-chainette-etperles-en-argent/image-29.jpg (4653 bytes)
   🗑️  Supprimé: boucles-doreilles-argent-avec-chainette-etperles-en-argent/image-14.jpg (1695 bytes)
   🗑️  Supprimé: boucles-doreilles-argent-avec-chainette-etperles-en-argent/image-28.jpg (1724 bytes)
   🗑️  Supprimé: boucles-doreilles-argent-avec-chainette-etperles-en-argent/image-1.jpg (2031 bytes)
   🗑️  Supprimé: boucles-doreilles-argent-avec-chainette-etperles-en-argent/image-7.jpg (4482 bytes)
   🗑️  Supprimé: bracelet-argent-cornaline-oeil-du-tigre-onyx-quartz/image-8.jpg (1516 bytes)
   🗑️  Supprimé: bracelet-argent-cornaline-oeil-du-tigre-onyx-quartz/image-25.jpg (1699 bytes)
   🗑️  Supprimé: bracelet-argent-cornaline-oeil-du-tigre-onyx-quartz/image-24.jpg (1920 bytes)
   🗑️  Supprimé: bracelet-argent-cornaline-oeil-du-tigre-onyx-quartz/image-26.jpg (2050 bytes)
   🗑️  Supprimé: bracelet-argent-cornaline-oeil-du-tigre-onyx-quartz/image-23.jpg (4734 bytes)
   🗑️  Supprimé: bracelet-argent-cornaline-oeil-du-tigre-onyx-quartz/image-13.jpg (1695 bytes)
   🗑️  Supprimé: bracelet-argent-cornaline-oeil-du-tigre-onyx-quartz/image-12.jpg (3628 bytes)
   🗑️  Supprimé: bracelet-argent-cornaline-oeil-du-tigre-onyx-quartz/image-28.jpg (1724 bytes)
   🗑️  Supprimé: bracelet-argent-cornaline-oeil-du-tigre-onyx-quartz/image-1.jpg (2031 bytes)
   🗑️  Supprimé: bracelet-pierres-lapis-lazuli/image-25.jpg (1699 bytes)
   🗑️  Supprimé: bracelet-pierres-lapis-lazuli/image-24.jpg (1920 bytes)
   🗑️  Supprimé: bracelet-pierres-lapis-lazuli/image-26.jpg (2050 bytes)
   🗑️  Supprimé: bracelet-pierres-lapis-lazuli/image-23.jpg (4734 bytes)
   🗑️  Supprimé: bracelet-pierres-lapis-lazuli/image-10.jpg (3628 bytes)
   🗑️  Supprimé: bracelet-pierres-lapis-lazuli/image-15.jpg (1695 bytes)
   🗑️  Supprimé: bracelet-pierres-lapis-lazuli/image-28.jpg (1724 bytes)
   🗑️  Supprimé: bracelet-pierres-lapis-lazuli/image-1.jpg (2031 bytes)
   🗑️  Supprimé: bracelet-pierres-lapis-lazuli/image-7.jpg (1516 bytes)
   🗑️  Supprimé: bracelet-cinabre-corde-rouge-tressée/image-8.jpg (1516 bytes)
   🗑️  Supprimé: bracelet-cinabre-corde-rouge-tressée/image-25.jpg (1699 bytes)
   🗑️  Supprimé: bracelet-cinabre-corde-rouge-tressée/image-24.jpg (1920 bytes)
   🗑️  Supprimé: bracelet-cinabre-corde-rouge-tressée/image-26.jpg (2050 bytes)
   🗑️  Supprimé: bracelet-cinabre-corde-rouge-tressée/image-22.jpg (4741 bytes)
   🗑️  Supprimé: bracelet-cinabre-corde-rouge-tressée/image-21.jpg (4734 bytes)
   🗑️  Supprimé: bracelet-cinabre-corde-rouge-tressée/image-13.jpg (3628 bytes)
   🗑️  Supprimé: bracelet-cinabre-corde-rouge-tressée/image-14.jpg (1695 bytes)
   🗑️  Supprimé: bracelet-cinabre-corde-rouge-tressée/image-28.jpg (1724 bytes)
   🗑️  Supprimé: bracelet-cinabre-corde-rouge-tressée/image-1.jpg (2031 bytes)
   🗑️  Supprimé: boucles-doreille-tibétaines-pierre-de-lune/image-25.jpg (1920 bytes)
   🗑️  Supprimé: boucles-doreille-tibétaines-pierre-de-lune/image-26.jpg (1699 bytes)
   🗑️  Supprimé: boucles-doreille-tibétaines-pierre-de-lune/image-21.jpg (4734 bytes)
   🗑️  Supprimé: boucles-doreille-tibétaines-pierre-de-lune/image-10.jpg (3628 bytes)
   🗑️  Supprimé: boucles-doreille-tibétaines-pierre-de-lune/image-11.jpg (1695 bytes)
   🗑️  Supprimé: boucles-doreille-tibétaines-pierre-de-lune/image-29.jpg (1724 bytes)
   🗑️  Supprimé: boucles-doreille-tibétaines-pierre-de-lune/image-28.jpg (2050 bytes)
   🗑️  Supprimé: boucles-doreille-tibétaines-pierre-de-lune/image-1.jpg (2031 bytes)
   🗑️  Supprimé: boucles-doreille-tibétaines-pierre-de-lune/image-7.jpg (1516 bytes)
   🗑️  Supprimé: bracelet-pierre-en-amethyste-sur-macramé/image-25.jpg (1920 bytes)
   🗑️  Supprimé: bracelet-pierre-en-amethyste-sur-macramé/image-24.jpg (4734 bytes)
   🗑️  Supprimé: bracelet-pierre-en-amethyste-sur-macramé/image-26.jpg (1699 bytes)
   🗑️  Supprimé: bracelet-pierre-en-amethyste-sur-macramé/image-27.jpg (2050 bytes)
   🗑️  Supprimé: bracelet-pierre-en-amethyste-sur-macramé/image-10.jpg (1516 bytes)
   🗑️  Supprimé: bracelet-pierre-en-amethyste-sur-macramé/image-12.jpg (3628 bytes)
   🗑️  Supprimé: bracelet-pierre-en-amethyste-sur-macramé/image-16.jpg (1695 bytes)
   🗑️  Supprimé: bracelet-pierre-en-amethyste-sur-macramé/image-29.jpg (1724 bytes)
   🗑️  Supprimé: bracelet-pierre-en-amethyste-sur-macramé/image-2.jpg (2031 bytes)
   🗑️  Supprimé: bracelet-pierres-naturelles-en-agate-bleu-lagon-avec-un-coeur/image-25.jpg (1920 bytes)
   🗑️  Supprimé: bracelet-pierres-naturelles-en-agate-bleu-lagon-avec-un-coeur/image-30.jpg (1724 bytes)
   🗑️  Supprimé: bracelet-pierres-naturelles-en-agate-bleu-lagon-avec-un-coeur/image-26.jpg (1699 bytes)
   🗑️  Supprimé: bracelet-pierres-naturelles-en-agate-bleu-lagon-avec-un-coeur/image-23.jpg (4734 bytes)
   🗑️  Supprimé: bracelet-pierres-naturelles-en-agate-bleu-lagon-avec-un-coeur/image-13.jpg (3628 bytes)
   🗑️  Supprimé: bracelet-pierres-naturelles-en-agate-bleu-lagon-avec-un-coeur/image-16.jpg (1695 bytes)
   🗑️  Supprimé: bracelet-pierres-naturelles-en-agate-bleu-lagon-avec-un-coeur/image-29.jpg (2050 bytes)
   🗑️  Supprimé: bracelet-pierres-naturelles-en-agate-bleu-lagon-avec-un-coeur/image-2.jpg (2031 bytes)
   🗑️  Supprimé: bracelet-pierres-naturelles-en-agate-bleu-lagon-avec-un-coeur/image-6.jpg (1516 bytes)
   🗑️  Supprimé: creoles-en-laiton/image-25.jpg (1920 bytes)
   🗑️  Supprimé: creoles-en-laiton/image-26.jpg (1699 bytes)
   🗑️  Supprimé: creoles-en-laiton/image-27.jpg (2050 bytes)
   🗑️  Supprimé: creoles-en-laiton/image-23.jpg (4734 bytes)
   🗑️  Supprimé: creoles-en-laiton/image-11.jpg (1516 bytes)
   🗑️  Supprimé: creoles-en-laiton/image-16.jpg (1695 bytes)
   🗑️  Supprimé: creoles-en-laiton/image-29.jpg (1724 bytes)
   🗑️  Supprimé: creoles-en-laiton/image-15.jpg (3628 bytes)
   🗑️  Supprimé: creoles-en-laiton/image-2.jpg (2031 bytes)
   🗑️  Supprimé: bracelet-rigide-argenté/image-25.jpg (2050 bytes)
   🗑️  Supprimé: bracelet-rigide-argenté/image-24.jpg (1699 bytes)
   🗑️  Supprimé: bracelet-rigide-argenté/image-27.jpg (1724 bytes)
   🗑️  Supprimé: bracelet-rigide-argenté/image-23.jpg (1920 bytes)
   🗑️  Supprimé: bracelet-rigide-argenté/image-20.jpg (4734 bytes)
   🗑️  Supprimé: bracelet-rigide-argenté/image-21.jpg (4741 bytes)
   🗑️  Supprimé: bracelet-rigide-argenté/image-10.jpg (3628 bytes)
   🗑️  Supprimé: bracelet-rigide-argenté/image-11.jpg (1695 bytes)
   🗑️  Supprimé: bracelet-rigide-argenté/image-2.jpg (2031 bytes)
   🗑️  Supprimé: bracelet-rigide-argenté/image-7.jpg (1516 bytes)
   🗑️  Supprimé: anneau-ethnique-laiton-et-cuivre/image-19.jpg (4734 bytes)
   🗑️  Supprimé: anneau-ethnique-laiton-et-cuivre/image-27.jpg (2050 bytes)
   🗑️  Supprimé: anneau-ethnique-laiton-et-cuivre/image-23.jpg (1699 bytes)
   🗑️  Supprimé: anneau-ethnique-laiton-et-cuivre/image-22.jpg (1920 bytes)
   🗑️  Supprimé: anneau-ethnique-laiton-et-cuivre/image-13.jpg (1516 bytes)
   🗑️  Supprimé: anneau-ethnique-laiton-et-cuivre/image-16.jpg (1695 bytes)
   🗑️  Supprimé: anneau-ethnique-laiton-et-cuivre/image-29.jpg (1724 bytes)
   🗑️  Supprimé: anneau-ethnique-laiton-et-cuivre/image-15.jpg (3628 bytes)
   🗑️  Supprimé: anneau-ethnique-laiton-et-cuivre/image-1.jpg (2031 bytes)
   🗑️  Supprimé: anneau-ethnique-laiton-et-cuivre/image-2.jpg (4712 bytes)
   🗑️  Supprimé: boucles-doreilles-argent-filigrane-et-corail/image-9.jpg (3628 bytes)
   🗑️  Supprimé: boucles-doreilles-argent-filigrane-et-corail/image-24.jpg (1699 bytes)
   🗑️  Supprimé: boucles-doreilles-argent-filigrane-et-corail/image-26.jpg (2050 bytes)
   🗑️  Supprimé: boucles-doreilles-argent-filigrane-et-corail/image-27.jpg (1724 bytes)
   🗑️  Supprimé: boucles-doreilles-argent-filigrane-et-corail/image-23.jpg (1920 bytes)
   🗑️  Supprimé: boucles-doreilles-argent-filigrane-et-corail/image-21.jpg (4734 bytes)
   🗑️  Supprimé: boucles-doreilles-argent-filigrane-et-corail/image-10.jpg (1695 bytes)
   🗑️  Supprimé: boucles-doreilles-argent-filigrane-et-corail/image-1.jpg (2031 bytes)
   🗑️  Supprimé: boucles-doreilles-argent-filigrane-et-corail/image-6.jpg (1516 bytes)
   🗑️  Supprimé: collier-mala-tibétain-howlite-avec-108-perles-en-pierres-naturelles-6mm/image-25.jpg (1920 bytes)
   🗑️  Supprimé: collier-mala-tibétain-howlite-avec-108-perles-en-pierres-naturelles-6mm/image-24.jpg (4734 bytes)
   🗑️  Supprimé: collier-mala-tibétain-howlite-avec-108-perles-en-pierres-naturelles-6mm/image-26.jpg (1699 bytes)
   🗑️  Supprimé: collier-mala-tibétain-howlite-avec-108-perles-en-pierres-naturelles-6mm/image-10.jpg (3628 bytes)
   🗑️  Supprimé: collier-mala-tibétain-howlite-avec-108-perles-en-pierres-naturelles-6mm/image-12.jpg (1695 bytes)
   🗑️  Supprimé: collier-mala-tibétain-howlite-avec-108-perles-en-pierres-naturelles-6mm/image-29.jpg (1724 bytes)
   🗑️  Supprimé: collier-mala-tibétain-howlite-avec-108-perles-en-pierres-naturelles-6mm/image-28.jpg (2050 bytes)
   🗑️  Supprimé: collier-mala-tibétain-howlite-avec-108-perles-en-pierres-naturelles-6mm/image-1.jpg (2031 bytes)
   🗑️  Supprimé: collier-mala-tibétain-howlite-avec-108-perles-en-pierres-naturelles-6mm/image-7.jpg (1516 bytes)
   🗑️  Supprimé: pashmina-cotoncachemire-noirparme/image-25.jpg (1920 bytes)
   🗑️  Supprimé: pashmina-cotoncachemire-noirparme/image-24.jpg (4734 bytes)
   🗑️  Supprimé: pashmina-cotoncachemire-noirparme/image-26.jpg (1699 bytes)
   🗑️  Supprimé: pashmina-cotoncachemire-noirparme/image-27.jpg (2050 bytes)
   🗑️  Supprimé: pashmina-cotoncachemire-noirparme/image-11.jpg (1516 bytes)
   🗑️  Supprimé: pashmina-cotoncachemire-noirparme/image-13.jpg (3628 bytes)
   🗑️  Supprimé: pashmina-cotoncachemire-noirparme/image-15.jpg (1695 bytes)
   🗑️  Supprimé: pashmina-cotoncachemire-noirparme/image-28.jpg (1724 bytes)
   🗑️  Supprimé: pashmina-cotoncachemire-noirparme/image-4.jpg (2031 bytes)
   🗑️  Supprimé: collier-ras-du-cou-pierres-malachite/image-8.jpg (1516 bytes)
   🗑️  Supprimé: collier-ras-du-cou-pierres-malachite/image-25.jpg (1699 bytes)
   🗑️  Supprimé: collier-ras-du-cou-pierres-malachite/image-31.jpg (1724 bytes)
   🗑️  Supprimé: collier-ras-du-cou-pierres-malachite/image-24.jpg (1920 bytes)
   🗑️  Supprimé: collier-ras-du-cou-pierres-malachite/image-23.jpg (4734 bytes)
   🗑️  Supprimé: collier-ras-du-cou-pierres-malachite/image-17.jpg (1695 bytes)
   🗑️  Supprimé: collier-ras-du-cou-pierres-malachite/image-14.jpg (3628 bytes)
   🗑️  Supprimé: collier-ras-du-cou-pierres-malachite/image-28.jpg (2050 bytes)
   🗑️  Supprimé: collier-ras-du-cou-pierres-malachite/image-2.jpg (2031 bytes)
   🗑️  Supprimé: petite-boucle-doreille-en-argent-et-pierre-améthyste/image-24.jpg (1699 bytes)
   🗑️  Supprimé: petite-boucle-doreille-en-argent-et-pierre-améthyste/image-27.jpg (2050 bytes)
   🗑️  Supprimé: petite-boucle-doreille-en-argent-et-pierre-améthyste/image-23.jpg (1920 bytes)
   🗑️  Supprimé: petite-boucle-doreille-en-argent-et-pierre-améthyste/image-21.jpg (4734 bytes)
   🗑️  Supprimé: petite-boucle-doreille-en-argent-et-pierre-améthyste/image-10.jpg (1516 bytes)
   🗑️  Supprimé: petite-boucle-doreille-en-argent-et-pierre-améthyste/image-29.jpg (1724 bytes)
   🗑️  Supprimé: petite-boucle-doreille-en-argent-et-pierre-améthyste/image-15.jpg (1695 bytes)
   🗑️  Supprimé: petite-boucle-doreille-en-argent-et-pierre-améthyste/image-14.jpg (3628 bytes)
   🗑️  Supprimé: petite-boucle-doreille-en-argent-et-pierre-améthyste/image-28.jpg (4517 bytes)
   🗑️  Supprimé: petite-boucle-doreille-en-argent-et-pierre-améthyste/image-1.jpg (2031 bytes)
   🗑️  Supprimé: pendentif-argent-om/image-9.jpg (4482 bytes)
   🗑️  Supprimé: pendentif-argent-om/image-30.jpg (1724 bytes)
   🗑️  Supprimé: pendentif-argent-om/image-24.jpg (4734 bytes)
   🗑️  Supprimé: pendentif-argent-om/image-27.jpg (1920 bytes)
   🗑️  Supprimé: pendentif-argent-om/image-10.jpg (1516 bytes)
   🗑️  Supprimé: pendentif-argent-om/image-13.jpg (3628 bytes)
   🗑️  Supprimé: pendentif-argent-om/image-29.jpg (2050 bytes)
   🗑️  Supprimé: pendentif-argent-om/image-14.jpg (1695 bytes)
   🗑️  Supprimé: pendentif-argent-om/image-28.jpg (1699 bytes)
   🗑️  Supprimé: pendentif-argent-om/image-1.jpg (2031 bytes)
   🗑️  Supprimé: collier-tibetain-en-turquoise-et-corail-et-une-perle-taillée/image-19.jpg (1695 bytes)
   🗑️  Supprimé: collier-tibetain-en-turquoise-et-corail-et-une-perle-taillée/image-18.jpg (3628 bytes)
   🗑️  Supprimé: collier-tibetain-en-turquoise-et-corail-et-une-perle-taillée/image-30.jpg (1724 bytes)
   🗑️  Supprimé: collier-tibetain-en-turquoise-et-corail-et-une-perle-taillée/image-24.jpg (4734 bytes)
   🗑️  Supprimé: collier-tibetain-en-turquoise-et-corail-et-une-perle-taillée/image-26.jpg (1920 bytes)
   🗑️  Supprimé: collier-tibetain-en-turquoise-et-corail-et-une-perle-taillée/image-27.jpg (1699 bytes)
   🗑️  Supprimé: collier-tibetain-en-turquoise-et-corail-et-une-perle-taillée/image-16.jpg (1516 bytes)
   🗑️  Supprimé: collier-tibetain-en-turquoise-et-corail-et-une-perle-taillée/image-29.jpg (2050 bytes)
   🗑️  Supprimé: collier-tibetain-en-turquoise-et-corail-et-une-perle-taillée/image-3.jpg (4712 bytes)
   🗑️  Supprimé: collier-tibetain-en-turquoise-et-corail-et-une-perle-taillée/image-2.jpg (2031 bytes)
   🗑️  Supprimé: collier-tibetain-en-lapis-lazuliavec-un-pendentif-tibétain/image-8.jpg (1516 bytes)
   🗑️  Supprimé: collier-tibetain-en-lapis-lazuliavec-un-pendentif-tibétain/image-30.jpg (4653 bytes)
   🗑️  Supprimé: collier-tibetain-en-lapis-lazuliavec-un-pendentif-tibétain/image-24.jpg (1699 bytes)
   🗑️  Supprimé: collier-tibetain-en-lapis-lazuliavec-un-pendentif-tibétain/image-26.jpg (2050 bytes)
   🗑️  Supprimé: collier-tibetain-en-lapis-lazuliavec-un-pendentif-tibétain/image-27.jpg (1724 bytes)
   🗑️  Supprimé: collier-tibetain-en-lapis-lazuliavec-un-pendentif-tibétain/image-23.jpg (1920 bytes)
   🗑️  Supprimé: collier-tibetain-en-lapis-lazuliavec-un-pendentif-tibétain/image-21.jpg (4734 bytes)
   🗑️  Supprimé: collier-tibetain-en-lapis-lazuliavec-un-pendentif-tibétain/image-10.jpg (3628 bytes)
   🗑️  Supprimé: collier-tibetain-en-lapis-lazuliavec-un-pendentif-tibétain/image-11.jpg (1695 bytes)
   🗑️  Supprimé: collier-tibetain-en-lapis-lazuliavec-un-pendentif-tibétain/image-2.jpg (2031 bytes)
   🗑️  Supprimé: collier-tibetain-en-lapis-lazuliavec-un-pendentif-tibétain/image-7.jpg (4482 bytes)
   🗑️  Supprimé: bracelet-pierres-naturelles-en-agate-bleu-clair/image-9.jpg (1516 bytes)
   🗑️  Supprimé: bracelet-pierres-naturelles-en-agate-bleu-clair/image-25.jpg (1920 bytes)
   🗑️  Supprimé: bracelet-pierres-naturelles-en-agate-bleu-clair/image-30.jpg (1724 bytes)
   🗑️  Supprimé: bracelet-pierres-naturelles-en-agate-bleu-clair/image-24.jpg (4734 bytes)
   🗑️  Supprimé: bracelet-pierres-naturelles-en-agate-bleu-clair/image-26.jpg (1699 bytes)
   🗑️  Supprimé: bracelet-pierres-naturelles-en-agate-bleu-clair/image-16.jpg (3628 bytes)
   🗑️  Supprimé: bracelet-pierres-naturelles-en-agate-bleu-clair/image-17.jpg (1695 bytes)
   🗑️  Supprimé: bracelet-pierres-naturelles-en-agate-bleu-clair/image-28.jpg (2050 bytes)
   🗑️  Supprimé: bracelet-pierres-naturelles-en-agate-bleu-clair/image-2.jpg (2031 bytes)
   🗑️  Supprimé: bracelet-tibetain-en-turquoise-et-corail/image-8.jpg (1516 bytes)
   🗑️  Supprimé: bracelet-tibetain-en-turquoise-et-corail/image-25.jpg (1920 bytes)
   🗑️  Supprimé: bracelet-tibetain-en-turquoise-et-corail/image-26.jpg (1699 bytes)
   🗑️  Supprimé: bracelet-tibetain-en-turquoise-et-corail/image-27.jpg (2050 bytes)
   🗑️  Supprimé: bracelet-tibetain-en-turquoise-et-corail/image-23.jpg (4741 bytes)
   🗑️  Supprimé: bracelet-tibetain-en-turquoise-et-corail/image-22.jpg (4734 bytes)
   🗑️  Supprimé: bracelet-tibetain-en-turquoise-et-corail/image-13.jpg (1695 bytes)
   🗑️  Supprimé: bracelet-tibetain-en-turquoise-et-corail/image-12.jpg (3628 bytes)
   🗑️  Supprimé: bracelet-tibetain-en-turquoise-et-corail/image-28.jpg (1724 bytes)
   🗑️  Supprimé: bracelet-tibetain-en-turquoise-et-corail/image-2.jpg (2031 bytes)
   🗑️  Supprimé: collier-tibetain-en-turquoise-et-corail-avec-un-pendentif-tibétain/image-25.jpg (1920 bytes)
   🗑️  Supprimé: collier-tibetain-en-turquoise-et-corail-avec-un-pendentif-tibétain/image-31.jpg (4653 bytes)
   🗑️  Supprimé: collier-tibetain-en-turquoise-et-corail-avec-un-pendentif-tibétain/image-24.jpg (4734 bytes)
   🗑️  Supprimé: collier-tibetain-en-turquoise-et-corail-avec-un-pendentif-tibétain/image-26.jpg (1699 bytes)
   🗑️  Supprimé: collier-tibetain-en-turquoise-et-corail-avec-un-pendentif-tibétain/image-10.jpg (4482 bytes)
   🗑️  Supprimé: collier-tibetain-en-turquoise-et-corail-avec-un-pendentif-tibétain/image-12.jpg (1516 bytes)
   🗑️  Supprimé: collier-tibetain-en-turquoise-et-corail-avec-un-pendentif-tibétain/image-29.jpg (1724 bytes)
   🗑️  Supprimé: collier-tibetain-en-turquoise-et-corail-avec-un-pendentif-tibétain/image-15.jpg (1695 bytes)
   🗑️  Supprimé: collier-tibetain-en-turquoise-et-corail-avec-un-pendentif-tibétain/image-14.jpg (3628 bytes)
   🗑️  Supprimé: collier-tibetain-en-turquoise-et-corail-avec-un-pendentif-tibétain/image-28.jpg (2050 bytes)
   🗑️  Supprimé: collier-tibetain-en-turquoise-et-corail-avec-un-pendentif-tibétain/image-1.jpg (2031 bytes)
   🗑️  Supprimé: bracelet-argent-10-pierres-ovales-en-pierre-de-lune/image-25.jpg (2050 bytes)
   🗑️  Supprimé: bracelet-argent-10-pierres-ovales-en-pierre-de-lune/image-31.jpg (4668 bytes)
   🗑️  Supprimé: bracelet-argent-10-pierres-ovales-en-pierre-de-lune/image-24.jpg (1699 bytes)
   🗑️  Supprimé: bracelet-argent-10-pierres-ovales-en-pierre-de-lune/image-27.jpg (1724 bytes)
   🗑️  Supprimé: bracelet-argent-10-pierres-ovales-en-pierre-de-lune/image-23.jpg (1920 bytes)
   🗑️  Supprimé: bracelet-argent-10-pierres-ovales-en-pierre-de-lune/image-21.jpg (4734 bytes)
   🗑️  Supprimé: bracelet-argent-10-pierres-ovales-en-pierre-de-lune/image-11.jpg (3628 bytes)
   🗑️  Supprimé: bracelet-argent-10-pierres-ovales-en-pierre-de-lune/image-12.jpg (1695 bytes)
   🗑️  Supprimé: bracelet-argent-10-pierres-ovales-en-pierre-de-lune/image-1.jpg (2031 bytes)
   🗑️  Supprimé: bracelet-argent-10-pierres-ovales-en-pierre-de-lune/image-6.jpg (1516 bytes)
   🗑️  Supprimé: bracelet-pierres-naturelles-amethyste/image-9.jpg (3628 bytes)
   🗑️  Supprimé: bracelet-pierres-naturelles-amethyste/image-26.jpg (2050 bytes)
   🗑️  Supprimé: bracelet-pierres-naturelles-amethyste/image-23.jpg (1699 bytes)
   🗑️  Supprimé: bracelet-pierres-naturelles-amethyste/image-22.jpg (1920 bytes)
   🗑️  Supprimé: bracelet-pierres-naturelles-amethyste/image-21.jpg (4734 bytes)
   🗑️  Supprimé: bracelet-pierres-naturelles-amethyste/image-12.jpg (1695 bytes)
   🗑️  Supprimé: bracelet-pierres-naturelles-amethyste/image-28.jpg (1724 bytes)
   🗑️  Supprimé: bracelet-pierres-naturelles-amethyste/image-1.jpg (2031 bytes)
   🗑️  Supprimé: bracelet-pierres-naturelles-amethyste/image-7.jpg (1516 bytes)
   🗑️  Supprimé: collier-tibetain-turquoise-et-corail/image-25.jpg (1699 bytes)
   🗑️  Supprimé: collier-tibetain-turquoise-et-corail/image-30.jpg (4653 bytes)
   🗑️  Supprimé: collier-tibetain-turquoise-et-corail/image-24.jpg (1920 bytes)
   🗑️  Supprimé: collier-tibetain-turquoise-et-corail/image-26.jpg (2050 bytes)
   🗑️  Supprimé: collier-tibetain-turquoise-et-corail/image-27.jpg (1724 bytes)
   🗑️  Supprimé: collier-tibetain-turquoise-et-corail/image-22.jpg (4734 bytes)
   🗑️  Supprimé: collier-tibetain-turquoise-et-corail/image-13.jpg (3628 bytes)
   🗑️  Supprimé: collier-tibetain-turquoise-et-corail/image-12.jpg (1516 bytes)
   🗑️  Supprimé: collier-tibetain-turquoise-et-corail/image-14.jpg (1695 bytes)
   🗑️  Supprimé: collier-tibetain-turquoise-et-corail/image-1.jpg (2031 bytes)
   🗑️  Supprimé: grand-foulard-jaune-en-viscose/image-8.jpg (1516 bytes)
   🗑️  Supprimé: grand-foulard-jaune-en-viscose/image-26.jpg (1724 bytes)
   🗑️  Supprimé: grand-foulard-jaune-en-viscose/image-23.jpg (2050 bytes)
   🗑️  Supprimé: grand-foulard-jaune-en-viscose/image-22.jpg (1699 bytes)
   🗑️  Supprimé: grand-foulard-jaune-en-viscose/image-20.jpg (4734 bytes)
   🗑️  Supprimé: grand-foulard-jaune-en-viscose/image-21.jpg (1920 bytes)
   🗑️  Supprimé: grand-foulard-jaune-en-viscose/image-11.jpg (3628 bytes)
   🗑️  Supprimé: grand-foulard-jaune-en-viscose/image-13.jpg (1695 bytes)
   🗑️  Supprimé: grand-foulard-jaune-en-viscose/image-2.jpg (2031 bytes)
   🗑️  Supprimé: bracelet-pierre-agate-verte-avec-nuance-avec-cordon-de-réglage/image-24.jpg (1699 bytes)
   🗑️  Supprimé: bracelet-pierre-agate-verte-avec-nuance-avec-cordon-de-réglage/image-27.jpg (2050 bytes)
   🗑️  Supprimé: bracelet-pierre-agate-verte-avec-nuance-avec-cordon-de-réglage/image-23.jpg (1920 bytes)
   🗑️  Supprimé: bracelet-pierre-agate-verte-avec-nuance-avec-cordon-de-réglage/image-21.jpg (4734 bytes)
   🗑️  Supprimé: bracelet-pierre-agate-verte-avec-nuance-avec-cordon-de-réglage/image-10.jpg (3628 bytes)
   🗑️  Supprimé: bracelet-pierre-agate-verte-avec-nuance-avec-cordon-de-réglage/image-11.jpg (1695 bytes)
   🗑️  Supprimé: bracelet-pierre-agate-verte-avec-nuance-avec-cordon-de-réglage/image-28.jpg (1724 bytes)
   🗑️  Supprimé: bracelet-pierre-agate-verte-avec-nuance-avec-cordon-de-réglage/image-1.jpg (2031 bytes)
   🗑️  Supprimé: bracelet-pierre-agate-verte-avec-nuance-avec-cordon-de-réglage/image-6.jpg (1516 bytes)
   🗑️  Supprimé: bracelet-argent-avec-des-pierres-rondes-en-cornaline/image-9.jpg (6591 bytes)
   🗑️  Supprimé: bracelet-argent-avec-des-pierres-rondes-en-cornaline/image-8.jpg (14639 bytes)
   🗑️  Supprimé: bracelet-argent-avec-des-pierres-rondes-en-cornaline/image-25.jpg (4741 bytes)
   🗑️  Supprimé: bracelet-argent-avec-des-pierres-rondes-en-cornaline/image-31.jpg (10289 bytes)
   🗑️  Supprimé: bracelet-argent-avec-des-pierres-rondes-en-cornaline/image-19.jpg (8945 bytes)
   🗑️  Supprimé: bracelet-argent-avec-des-pierres-rondes-en-cornaline/image-18.jpg (6194 bytes)
   🗑️  Supprimé: bracelet-argent-avec-des-pierres-rondes-en-cornaline/image-30.jpg (1724 bytes)
   🗑️  Supprimé: bracelet-argent-avec-des-pierres-rondes-en-cornaline/image-24.jpg (4734 bytes)
   🗑️  Supprimé: bracelet-argent-avec-des-pierres-rondes-en-cornaline/image-32.jpg (6442 bytes)
   🗑️  Supprimé: bracelet-argent-avec-des-pierres-rondes-en-cornaline/image-26.jpg (5411 bytes)
   🗑️  Supprimé: bracelet-argent-avec-des-pierres-rondes-en-cornaline/image-27.jpg (1920 bytes)
   🗑️  Supprimé: bracelet-argent-avec-des-pierres-rondes-en-cornaline/image-23.jpg (20547 bytes)
   🗑️  Supprimé: bracelet-argent-avec-des-pierres-rondes-en-cornaline/image-22.jpg (6617 bytes)
   🗑️  Supprimé: bracelet-argent-avec-des-pierres-rondes-en-cornaline/image-20.jpg (8506 bytes)
   🗑️  Supprimé: bracelet-argent-avec-des-pierres-rondes-en-cornaline/image-21.jpg (8610 bytes)
   🗑️  Supprimé: bracelet-argent-avec-des-pierres-rondes-en-cornaline/image-10.jpg (1516 bytes)
   🗑️  Supprimé: bracelet-argent-avec-des-pierres-rondes-en-cornaline/image-11.jpg (8024 bytes)
   🗑️  Supprimé: bracelet-argent-avec-des-pierres-rondes-en-cornaline/image-13.jpg (10629 bytes)
   🗑️  Supprimé: bracelet-argent-avec-des-pierres-rondes-en-cornaline/image-12.jpg (8441 bytes)
   🗑️  Supprimé: bracelet-argent-avec-des-pierres-rondes-en-cornaline/image-16.jpg (1695 bytes)
   🗑️  Supprimé: bracelet-argent-avec-des-pierres-rondes-en-cornaline/image-17.jpg (6089 bytes)
   🗑️  Supprimé: bracelet-argent-avec-des-pierres-rondes-en-cornaline/image-29.jpg (2050 bytes)
   🗑️  Supprimé: bracelet-argent-avec-des-pierres-rondes-en-cornaline/image-15.jpg (3628 bytes)
   🗑️  Supprimé: bracelet-argent-avec-des-pierres-rondes-en-cornaline/image-14.jpg (26387 bytes)
   🗑️  Supprimé: bracelet-argent-avec-des-pierres-rondes-en-cornaline/image-28.jpg (1699 bytes)
   🗑️  Supprimé: bracelet-argent-avec-des-pierres-rondes-en-cornaline/image-1.jpg (6873 bytes)
   🗑️  Supprimé: bracelet-argent-avec-des-pierres-rondes-en-cornaline/image-3.jpg (13302 bytes)
   🗑️  Supprimé: bracelet-argent-avec-des-pierres-rondes-en-cornaline/image-2.jpg (2031 bytes)
   🗑️  Supprimé: bracelet-argent-avec-des-pierres-rondes-en-cornaline/image-6.jpg (26374 bytes)
   🗑️  Supprimé: bracelet-argent-avec-des-pierres-rondes-en-cornaline/image-7.jpg (12472 bytes)
   🗑️  Supprimé: bracelet-argent-avec-des-pierres-rondes-en-cornaline/image-5.jpg (20274 bytes)
   🗑️  Supprimé: bracelet-argent-avec-des-pierres-rondes-en-cornaline/image-4.jpg (5705 bytes)
   🗑️  Supprimé: bracelet-en-pierres-agate-blanc-et-devil-eye-et-étoile-argent/image-25.jpg (1699 bytes)
   🗑️  Supprimé: bracelet-en-pierres-agate-blanc-et-devil-eye-et-étoile-argent/image-24.jpg (1920 bytes)
   🗑️  Supprimé: bracelet-en-pierres-agate-blanc-et-devil-eye-et-étoile-argent/image-27.jpg (2050 bytes)
   🗑️  Supprimé: bracelet-en-pierres-agate-blanc-et-devil-eye-et-étoile-argent/image-23.jpg (4734 bytes)
   🗑️  Supprimé: bracelet-en-pierres-agate-blanc-et-devil-eye-et-étoile-argent/image-11.jpg (3628 bytes)
   🗑️  Supprimé: bracelet-en-pierres-agate-blanc-et-devil-eye-et-étoile-argent/image-29.jpg (1724 bytes)
   🗑️  Supprimé: bracelet-en-pierres-agate-blanc-et-devil-eye-et-étoile-argent/image-14.jpg (1695 bytes)
   🗑️  Supprimé: bracelet-en-pierres-agate-blanc-et-devil-eye-et-étoile-argent/image-2.jpg (2031 bytes)
   🗑️  Supprimé: bracelet-en-pierres-agate-blanc-et-devil-eye-et-étoile-argent/image-7.jpg (1516 bytes)
   🗑️  Supprimé: collier-tibétain-nalo-dzi-fantaisie/image-31.jpg (1724 bytes)
   🗑️  Supprimé: collier-tibétain-nalo-dzi-fantaisie/image-19.jpg (1695 bytes)
   🗑️  Supprimé: collier-tibétain-nalo-dzi-fantaisie/image-18.jpg (3628 bytes)
   🗑️  Supprimé: collier-tibétain-nalo-dzi-fantaisie/image-24.jpg (4734 bytes)
   🗑️  Supprimé: collier-tibétain-nalo-dzi-fantaisie/image-26.jpg (1920 bytes)
   🗑️  Supprimé: collier-tibétain-nalo-dzi-fantaisie/image-27.jpg (1699 bytes)
   🗑️  Supprimé: collier-tibétain-nalo-dzi-fantaisie/image-29.jpg (2050 bytes)
   🗑️  Supprimé: collier-tibétain-nalo-dzi-fantaisie/image-14.jpg (1516 bytes)
   🗑️  Supprimé: collier-tibétain-nalo-dzi-fantaisie/image-3.jpg (2031 bytes)
   🗑️  Supprimé: porte-clé-népalais-moulin-à-prières/image-25.jpg (2050 bytes)
   🗑️  Supprimé: porte-clé-népalais-moulin-à-prières/image-24.jpg (1699 bytes)
   🗑️  Supprimé: porte-clé-népalais-moulin-à-prières/image-26.jpg (1724 bytes)
   🗑️  Supprimé: porte-clé-népalais-moulin-à-prières/image-23.jpg (1920 bytes)
   🗑️  Supprimé: porte-clé-népalais-moulin-à-prières/image-22.jpg (4734 bytes)
   🗑️  Supprimé: porte-clé-népalais-moulin-à-prières/image-10.jpg (1516 bytes)
   🗑️  Supprimé: porte-clé-népalais-moulin-à-prières/image-16.jpg (1695 bytes)
   🗑️  Supprimé: porte-clé-népalais-moulin-à-prières/image-14.jpg (3628 bytes)
   🗑️  Supprimé: porte-clé-népalais-moulin-à-prières/image-1.jpg (2031 bytes)
   🗑️  Supprimé: bracelet-souple-argent-saphir/image-25.jpg (2050 bytes)
   🗑️  Supprimé: bracelet-souple-argent-saphir/image-31.jpg (4668 bytes)
   🗑️  Supprimé: bracelet-souple-argent-saphir/image-24.jpg (1699 bytes)
   🗑️  Supprimé: bracelet-souple-argent-saphir/image-26.jpg (1724 bytes)
   🗑️  Supprimé: bracelet-souple-argent-saphir/image-23.jpg (1920 bytes)
   🗑️  Supprimé: bracelet-souple-argent-saphir/image-20.jpg (4734 bytes)
   🗑️  Supprimé: bracelet-souple-argent-saphir/image-21.jpg (4741 bytes)
   🗑️  Supprimé: bracelet-souple-argent-saphir/image-11.jpg (3628 bytes)
   🗑️  Supprimé: bracelet-souple-argent-saphir/image-13.jpg (1695 bytes)
   🗑️  Supprimé: bracelet-souple-argent-saphir/image-2.jpg (2031 bytes)
   🗑️  Supprimé: bracelet-souple-argent-saphir/image-6.jpg (1516 bytes)
   🗑️  Supprimé: bracelet-indien-metal-argente-pierre-sand-stone/image-9.jpg (1516 bytes)
   🗑️  Supprimé: bracelet-indien-metal-argente-pierre-sand-stone/image-25.jpg (1699 bytes)
   🗑️  Supprimé: bracelet-indien-metal-argente-pierre-sand-stone/image-31.jpg (4668 bytes)
   🗑️  Supprimé: bracelet-indien-metal-argente-pierre-sand-stone/image-24.jpg (1920 bytes)
   🗑️  Supprimé: bracelet-indien-metal-argente-pierre-sand-stone/image-26.jpg (2050 bytes)
   🗑️  Supprimé: bracelet-indien-metal-argente-pierre-sand-stone/image-23.jpg (4741 bytes)
   🗑️  Supprimé: bracelet-indien-metal-argente-pierre-sand-stone/image-22.jpg (4734 bytes)
   🗑️  Supprimé: bracelet-indien-metal-argente-pierre-sand-stone/image-15.jpg (1695 bytes)
   🗑️  Supprimé: bracelet-indien-metal-argente-pierre-sand-stone/image-14.jpg (3628 bytes)
   🗑️  Supprimé: bracelet-indien-metal-argente-pierre-sand-stone/image-28.jpg (1724 bytes)
   🗑️  Supprimé: bracelet-indien-metal-argente-pierre-sand-stone/image-2.jpg (2031 bytes)
   🗑️  Supprimé: pashmina-cotoncachemire-vert-motif-discret/image-9.jpg (1516 bytes)
   🗑️  Supprimé: pashmina-cotoncachemire-vert-motif-discret/image-25.jpg (2050 bytes)
   🗑️  Supprimé: pashmina-cotoncachemire-vert-motif-discret/image-26.jpg (1724 bytes)
   🗑️  Supprimé: pashmina-cotoncachemire-vert-motif-discret/image-22.jpg (1699 bytes)
   🗑️  Supprimé: pashmina-cotoncachemire-vert-motif-discret/image-20.jpg (4734 bytes)
   🗑️  Supprimé: pashmina-cotoncachemire-vert-motif-discret/image-21.jpg (1920 bytes)
   🗑️  Supprimé: pashmina-cotoncachemire-vert-motif-discret/image-11.jpg (3628 bytes)
   🗑️  Supprimé: pashmina-cotoncachemire-vert-motif-discret/image-14.jpg (1695 bytes)
   🗑️  Supprimé: pashmina-cotoncachemire-vert-motif-discret/image-3.jpg (2031 bytes)
   🗑️  Supprimé: boucles-doreilles-argent-main-fatma-filigrane/image-9.jpg (4482 bytes)
   🗑️  Supprimé: boucles-doreilles-argent-main-fatma-filigrane/image-30.jpg (1724 bytes)
   🗑️  Supprimé: boucles-doreilles-argent-main-fatma-filigrane/image-24.jpg (4734 bytes)
   🗑️  Supprimé: boucles-doreilles-argent-main-fatma-filigrane/image-27.jpg (1920 bytes)
   🗑️  Supprimé: boucles-doreilles-argent-main-fatma-filigrane/image-10.jpg (1516 bytes)
   🗑️  Supprimé: boucles-doreilles-argent-main-fatma-filigrane/image-13.jpg (3628 bytes)
   🗑️  Supprimé: boucles-doreilles-argent-main-fatma-filigrane/image-29.jpg (2050 bytes)
   🗑️  Supprimé: boucles-doreilles-argent-main-fatma-filigrane/image-14.jpg (1695 bytes)
   🗑️  Supprimé: boucles-doreilles-argent-main-fatma-filigrane/image-28.jpg (1699 bytes)
   🗑️  Supprimé: boucles-doreilles-argent-main-fatma-filigrane/image-1.jpg (2031 bytes)
   🗑️  Supprimé: carré-de-soie-blanc-rose-et-bleu-motifs-fleuris/image-25.jpg (2050 bytes)
   🗑️  Supprimé: carré-de-soie-blanc-rose-et-bleu-motifs-fleuris/image-26.jpg (1724 bytes)
   🗑️  Supprimé: carré-de-soie-blanc-rose-et-bleu-motifs-fleuris/image-23.jpg (1699 bytes)
   🗑️  Supprimé: carré-de-soie-blanc-rose-et-bleu-motifs-fleuris/image-22.jpg (1920 bytes)
   🗑️  Supprimé: carré-de-soie-blanc-rose-et-bleu-motifs-fleuris/image-21.jpg (4734 bytes)
   🗑️  Supprimé: carré-de-soie-blanc-rose-et-bleu-motifs-fleuris/image-12.jpg (1516 bytes)
   🗑️  Supprimé: carré-de-soie-blanc-rose-et-bleu-motifs-fleuris/image-17.jpg (1695 bytes)
   🗑️  Supprimé: carré-de-soie-blanc-rose-et-bleu-motifs-fleuris/image-14.jpg (3628 bytes)
   🗑️  Supprimé: carré-de-soie-blanc-rose-et-bleu-motifs-fleuris/image-4.jpg (2031 bytes)
   🗑️  Supprimé: bague-argent-malachique/image-8.jpg (1516 bytes)
   🗑️  Supprimé: bague-argent-malachique/image-25.jpg (3929 bytes)
   🗑️  Supprimé: bague-argent-malachique/image-19.jpg (4734 bytes)
   🗑️  Supprimé: bague-argent-malachique/image-24.jpg (2050 bytes)
   🗑️  Supprimé: bague-argent-malachique/image-27.jpg (1724 bytes)
   🗑️  Supprimé: bague-argent-malachique/image-23.jpg (1699 bytes)
   🗑️  Supprimé: bague-argent-malachique/image-22.jpg (1920 bytes)
   🗑️  Supprimé: bague-argent-malachique/image-21.jpg (4820 bytes)
   🗑️  Supprimé: bague-argent-malachique/image-13.jpg (1695 bytes)
   🗑️  Supprimé: bague-argent-malachique/image-12.jpg (3628 bytes)
   🗑️  Supprimé: bague-argent-malachique/image-28.jpg (4653 bytes)
   🗑️  Supprimé: bague-argent-malachique/image-3.jpg (4712 bytes)
   🗑️  Supprimé: bague-argent-malachique/image-2.jpg (2031 bytes)
   🗑️  Supprimé: bague-argent-malachique/image-4.jpg (4582 bytes)
   🗑️  Supprimé: trousse-colorée-ethnique/image-9.jpg (1516 bytes)
   🗑️  Supprimé: trousse-colorée-ethnique/image-25.jpg (1699 bytes)
   🗑️  Supprimé: trousse-colorée-ethnique/image-24.jpg (1920 bytes)
   🗑️  Supprimé: trousse-colorée-ethnique/image-27.jpg (2050 bytes)
   🗑️  Supprimé: trousse-colorée-ethnique/image-23.jpg (4734 bytes)
   🗑️  Supprimé: trousse-colorée-ethnique/image-12.jpg (3628 bytes)
   🗑️  Supprimé: trousse-colorée-ethnique/image-16.jpg (4632 bytes)
   🗑️  Supprimé: trousse-colorée-ethnique/image-14.jpg (1695 bytes)
   🗑️  Supprimé: trousse-colorée-ethnique/image-28.jpg (1724 bytes)
   🗑️  Supprimé: trousse-colorée-ethnique/image-2.jpg (2031 bytes)
   🗑️  Supprimé: pendentif-argent-cornaline/image-9.jpg (1516 bytes)
   🗑️  Supprimé: pendentif-argent-cornaline/image-25.jpg (1920 bytes)
   🗑️  Supprimé: pendentif-argent-cornaline/image-26.jpg (1699 bytes)
   🗑️  Supprimé: pendentif-argent-cornaline/image-27.jpg (2050 bytes)
   🗑️  Supprimé: pendentif-argent-cornaline/image-23.jpg (4734 bytes)
   🗑️  Supprimé: pendentif-argent-cornaline/image-11.jpg (3628 bytes)
   🗑️  Supprimé: pendentif-argent-cornaline/image-12.jpg (1695 bytes)
   🗑️  Supprimé: pendentif-argent-cornaline/image-28.jpg (1724 bytes)
   🗑️  Supprimé: pendentif-argent-cornaline/image-1.jpg (2031 bytes)
   🗑️  Supprimé: pendentif-argent-cornaline/image-7.jpg (4482 bytes)
   🗑️  Supprimé: boucles-doreille-tibétaines-avec-pierres-en-turquoise/image-30.jpg (1724 bytes)
   🗑️  Supprimé: boucles-doreille-tibétaines-avec-pierres-en-turquoise/image-24.jpg (4734 bytes)
   🗑️  Supprimé: boucles-doreille-tibétaines-avec-pierres-en-turquoise/image-26.jpg (1920 bytes)
   🗑️  Supprimé: boucles-doreille-tibétaines-avec-pierres-en-turquoise/image-27.jpg (1699 bytes)
   🗑️  Supprimé: boucles-doreille-tibétaines-avec-pierres-en-turquoise/image-10.jpg (1516 bytes)
   🗑️  Supprimé: boucles-doreille-tibétaines-avec-pierres-en-turquoise/image-29.jpg (2050 bytes)
   🗑️  Supprimé: boucles-doreille-tibétaines-avec-pierres-en-turquoise/image-15.jpg (1695 bytes)
   🗑️  Supprimé: boucles-doreille-tibétaines-avec-pierres-en-turquoise/image-14.jpg (3628 bytes)
   🗑️  Supprimé: boucles-doreille-tibétaines-avec-pierres-en-turquoise/image-3.jpg (2031 bytes)
   🗑️  Supprimé: boucles-doreille-tibétaines-avec-pierres-en-turquoise/image-4.jpg (4712 bytes)
   🗑️  Supprimé: bracelet-pierre-de-lave-7-chakra-et-bouddha/image-9.jpg (3628 bytes)
   🗑️  Supprimé: bracelet-pierre-de-lave-7-chakra-et-bouddha/image-25.jpg (2050 bytes)
   🗑️  Supprimé: bracelet-pierre-de-lave-7-chakra-et-bouddha/image-19.jpg (4734 bytes)
   🗑️  Supprimé: bracelet-pierre-de-lave-7-chakra-et-bouddha/image-26.jpg (1724 bytes)
   🗑️  Supprimé: bracelet-pierre-de-lave-7-chakra-et-bouddha/image-20.jpg (1920 bytes)
   🗑️  Supprimé: bracelet-pierre-de-lave-7-chakra-et-bouddha/image-21.jpg (1699 bytes)
   🗑️  Supprimé: bracelet-pierre-de-lave-7-chakra-et-bouddha/image-12.jpg (1695 bytes)
   🗑️  Supprimé: bracelet-pierre-de-lave-7-chakra-et-bouddha/image-1.jpg (2031 bytes)
   🗑️  Supprimé: bracelet-pierre-de-lave-7-chakra-et-bouddha/image-7.jpg (1516 bytes)
   🗑️  Supprimé: bracelet-jonc-argente-avec-2-pierres-en-améthyste/image-9.jpg (1516 bytes)
   🗑️  Supprimé: bracelet-jonc-argente-avec-2-pierres-en-améthyste/image-25.jpg (1920 bytes)
   🗑️  Supprimé: bracelet-jonc-argente-avec-2-pierres-en-améthyste/image-31.jpg (1724 bytes)
   🗑️  Supprimé: bracelet-jonc-argente-avec-2-pierres-en-améthyste/image-24.jpg (4734 bytes)
   🗑️  Supprimé: bracelet-jonc-argente-avec-2-pierres-en-améthyste/image-26.jpg (1699 bytes)
   🗑️  Supprimé: bracelet-jonc-argente-avec-2-pierres-en-améthyste/image-27.jpg (2050 bytes)
   🗑️  Supprimé: bracelet-jonc-argente-avec-2-pierres-en-améthyste/image-15.jpg (1695 bytes)
   🗑️  Supprimé: bracelet-jonc-argente-avec-2-pierres-en-améthyste/image-14.jpg (3628 bytes)
   🗑️  Supprimé: bracelet-jonc-argente-avec-2-pierres-en-améthyste/image-1.jpg (2031 bytes)
   🗑️  Supprimé: collier-avec-une-pierre-en-améthyste/image-30.jpg (1724 bytes)
   🗑️  Supprimé: collier-avec-une-pierre-en-améthyste/image-24.jpg (4734 bytes)
   🗑️  Supprimé: collier-avec-une-pierre-en-améthyste/image-26.jpg (1920 bytes)
   🗑️  Supprimé: collier-avec-une-pierre-en-améthyste/image-27.jpg (1699 bytes)
   🗑️  Supprimé: collier-avec-une-pierre-en-améthyste/image-21.jpg (4868 bytes)
   🗑️  Supprimé: collier-avec-une-pierre-en-améthyste/image-13.jpg (1516 bytes)
   🗑️  Supprimé: collier-avec-une-pierre-en-améthyste/image-16.jpg (1695 bytes)
   🗑️  Supprimé: collier-avec-une-pierre-en-améthyste/image-29.jpg (2050 bytes)
   🗑️  Supprimé: collier-avec-une-pierre-en-améthyste/image-15.jpg (3628 bytes)
   🗑️  Supprimé: collier-avec-une-pierre-en-améthyste/image-1.jpg (2031 bytes)
   🗑️  Supprimé: boucles-doreilles-argent-pierre-de-lune-typique/image-8.jpg (1516 bytes)
   🗑️  Supprimé: boucles-doreilles-argent-pierre-de-lune-typique/image-30.jpg (4653 bytes)
   🗑️  Supprimé: boucles-doreilles-argent-pierre-de-lune-typique/image-26.jpg (2050 bytes)
   🗑️  Supprimé: boucles-doreilles-argent-pierre-de-lune-typique/image-27.jpg (1724 bytes)
   🗑️  Supprimé: boucles-doreilles-argent-pierre-de-lune-typique/image-23.jpg (1699 bytes)
   🗑️  Supprimé: boucles-doreilles-argent-pierre-de-lune-typique/image-22.jpg (1920 bytes)
   🗑️  Supprimé: boucles-doreilles-argent-pierre-de-lune-typique/image-21.jpg (4734 bytes)
   🗑️  Supprimé: boucles-doreilles-argent-pierre-de-lune-typique/image-11.jpg (3628 bytes)
   🗑️  Supprimé: boucles-doreilles-argent-pierre-de-lune-typique/image-12.jpg (1695 bytes)
   🗑️  Supprimé: boucles-doreilles-argent-pierre-de-lune-typique/image-1.jpg (2031 bytes)
   🗑️  Supprimé: boucles-doreilles-argent-pierre-de-lune-typique/image-6.jpg (4482 bytes)
   🗑️  Supprimé: collier-tibétain-avec-des-perles-taillées-et-pierres-turquoise-et-améthyste/image-25.jpg (1699 bytes)
   🗑️  Supprimé: collier-tibétain-avec-des-perles-taillées-et-pierres-turquoise-et-améthyste/image-24.jpg (1920 bytes)
   🗑️  Supprimé: collier-tibétain-avec-des-perles-taillées-et-pierres-turquoise-et-améthyste/image-22.jpg (4734 bytes)
   🗑️  Supprimé: collier-tibétain-avec-des-perles-taillées-et-pierres-turquoise-et-améthyste/image-11.jpg (1516 bytes)
   🗑️  Supprimé: collier-tibétain-avec-des-perles-taillées-et-pierres-turquoise-et-améthyste/image-29.jpg (1724 bytes)
   🗑️  Supprimé: collier-tibétain-avec-des-perles-taillées-et-pierres-turquoise-et-améthyste/image-15.jpg (1695 bytes)
   🗑️  Supprimé: collier-tibétain-avec-des-perles-taillées-et-pierres-turquoise-et-améthyste/image-14.jpg (3628 bytes)
   🗑️  Supprimé: collier-tibétain-avec-des-perles-taillées-et-pierres-turquoise-et-améthyste/image-28.jpg (2050 bytes)
   🗑️  Supprimé: collier-tibétain-avec-des-perles-taillées-et-pierres-turquoise-et-améthyste/image-1.jpg (2031 bytes)
   🗑️  Supprimé: collier-tibétain-avec-des-perles-taillées-et-pierres-turquoise-et-améthyste/image-2.jpg (4712 bytes)
   🗑️  Supprimé: boucles-doreilles-pendantes-rondes-à-imprimé-floral-ethnique/image-25.jpg (1920 bytes)
   🗑️  Supprimé: boucles-doreilles-pendantes-rondes-à-imprimé-floral-ethnique/image-31.jpg (1724 bytes)
   🗑️  Supprimé: boucles-doreilles-pendantes-rondes-à-imprimé-floral-ethnique/image-24.jpg (4734 bytes)
   🗑️  Supprimé: boucles-doreilles-pendantes-rondes-à-imprimé-floral-ethnique/image-26.jpg (1699 bytes)
   🗑️  Supprimé: boucles-doreilles-pendantes-rondes-à-imprimé-floral-ethnique/image-12.jpg (1516 bytes)
   🗑️  Supprimé: boucles-doreilles-pendantes-rondes-à-imprimé-floral-ethnique/image-16.jpg (1695 bytes)
   🗑️  Supprimé: boucles-doreilles-pendantes-rondes-à-imprimé-floral-ethnique/image-15.jpg (3628 bytes)
   🗑️  Supprimé: boucles-doreilles-pendantes-rondes-à-imprimé-floral-ethnique/image-28.jpg (2050 bytes)
   🗑️  Supprimé: boucles-doreilles-pendantes-rondes-à-imprimé-floral-ethnique/image-2.jpg (2031 bytes)
   🗑️  Supprimé: foulard-vert-en-100soie-à-motifs-bleu/image-25.jpg (1699 bytes)
   🗑️  Supprimé: foulard-vert-en-100soie-à-motifs-bleu/image-24.jpg (1920 bytes)
   🗑️  Supprimé: foulard-vert-en-100soie-à-motifs-bleu/image-26.jpg (2050 bytes)
   🗑️  Supprimé: foulard-vert-en-100soie-à-motifs-bleu/image-27.jpg (1724 bytes)
   🗑️  Supprimé: foulard-vert-en-100soie-à-motifs-bleu/image-23.jpg (4734 bytes)
   🗑️  Supprimé: foulard-vert-en-100soie-à-motifs-bleu/image-10.jpg (1516 bytes)
   🗑️  Supprimé: foulard-vert-en-100soie-à-motifs-bleu/image-16.jpg (1695 bytes)
   🗑️  Supprimé: foulard-vert-en-100soie-à-motifs-bleu/image-15.jpg (3628 bytes)
   🗑️  Supprimé: foulard-vert-en-100soie-à-motifs-bleu/image-2.jpg (2031 bytes)
   🗑️  Supprimé: porte-clé-lotus-argenté-rond/image-25.jpg (1920 bytes)
   🗑️  Supprimé: porte-clé-lotus-argenté-rond/image-26.jpg (1699 bytes)
   🗑️  Supprimé: porte-clé-lotus-argenté-rond/image-23.jpg (4734 bytes)
   🗑️  Supprimé: porte-clé-lotus-argenté-rond/image-11.jpg (1516 bytes)
   🗑️  Supprimé: porte-clé-lotus-argenté-rond/image-16.jpg (1695 bytes)
   🗑️  Supprimé: porte-clé-lotus-argenté-rond/image-29.jpg (1724 bytes)
   🗑️  Supprimé: porte-clé-lotus-argenté-rond/image-14.jpg (3628 bytes)
   🗑️  Supprimé: porte-clé-lotus-argenté-rond/image-28.jpg (2050 bytes)
   🗑️  Supprimé: porte-clé-lotus-argenté-rond/image-2.jpg (2031 bytes)
   🗑️  Supprimé: pendentif-oval-en-argent-martelé/image-9.jpg (1516 bytes)
   🗑️  Supprimé: pendentif-oval-en-argent-martelé/image-8.jpg (4482 bytes)
   🗑️  Supprimé: pendentif-oval-en-argent-martelé/image-25.jpg (1699 bytes)
   🗑️  Supprimé: pendentif-oval-en-argent-martelé/image-19.jpg (4734 bytes)
   🗑️  Supprimé: pendentif-oval-en-argent-martelé/image-24.jpg (1920 bytes)
   🗑️  Supprimé: pendentif-oval-en-argent-martelé/image-27.jpg (2050 bytes)
   🗑️  Supprimé: pendentif-oval-en-argent-martelé/image-13.jpg (1695 bytes)
   🗑️  Supprimé: pendentif-oval-en-argent-martelé/image-12.jpg (3628 bytes)
   🗑️  Supprimé: pendentif-oval-en-argent-martelé/image-28.jpg (1724 bytes)
   🗑️  Supprimé: pendentif-oval-en-argent-martelé/image-1.jpg (2031 bytes)
   🗑️  Supprimé: boucles-doreilles-argent-filigrane/image-9.jpg (4482 bytes)
   🗑️  Supprimé: boucles-doreilles-argent-filigrane/image-24.jpg (1699 bytes)
   🗑️  Supprimé: boucles-doreilles-argent-filigrane/image-27.jpg (2050 bytes)
   🗑️  Supprimé: boucles-doreilles-argent-filigrane/image-23.jpg (1920 bytes)
   🗑️  Supprimé: boucles-doreilles-argent-filigrane/image-21.jpg (4734 bytes)
   🗑️  Supprimé: boucles-doreilles-argent-filigrane/image-10.jpg (1516 bytes)
   🗑️  Supprimé: boucles-doreilles-argent-filigrane/image-29.jpg (4653 bytes)
   🗑️  Supprimé: boucles-doreilles-argent-filigrane/image-15.jpg (1695 bytes)
   🗑️  Supprimé: boucles-doreilles-argent-filigrane/image-14.jpg (3628 bytes)
   🗑️  Supprimé: boucles-doreilles-argent-filigrane/image-28.jpg (1724 bytes)
   🗑️  Supprimé: boucles-doreilles-argent-filigrane/image-1.jpg (2031 bytes)
   🗑️  Supprimé: collier-tibetain-en-turquoise-et-lapis-lazuli-et-une-perle-taillée/image-25.jpg (4734 bytes)
   🗑️  Supprimé: collier-tibetain-en-turquoise-et-lapis-lazuli-et-une-perle-taillée/image-31.jpg (1724 bytes)
   🗑️  Supprimé: collier-tibetain-en-turquoise-et-lapis-lazuli-et-une-perle-taillée/image-26.jpg (1920 bytes)
   🗑️  Supprimé: collier-tibetain-en-turquoise-et-lapis-lazuli-et-une-perle-taillée/image-27.jpg (1699 bytes)
   🗑️  Supprimé: collier-tibetain-en-turquoise-et-lapis-lazuli-et-une-perle-taillée/image-16.jpg (3628 bytes)
   🗑️  Supprimé: collier-tibetain-en-turquoise-et-lapis-lazuli-et-une-perle-taillée/image-17.jpg (1695 bytes)
   🗑️  Supprimé: collier-tibetain-en-turquoise-et-lapis-lazuli-et-une-perle-taillée/image-29.jpg (2050 bytes)
   🗑️  Supprimé: collier-tibetain-en-turquoise-et-lapis-lazuli-et-une-perle-taillée/image-14.jpg (1516 bytes)
   🗑️  Supprimé: collier-tibetain-en-turquoise-et-lapis-lazuli-et-une-perle-taillée/image-2.jpg (2031 bytes)
   🗑️  Supprimé: collier-mala-tibétain-jade-verte-avec-108-perles-en-pierres-naturelles-6mm/image-25.jpg (1920 bytes)
   🗑️  Supprimé: collier-mala-tibétain-jade-verte-avec-108-perles-en-pierres-naturelles-6mm/image-24.jpg (4734 bytes)
   🗑️  Supprimé: collier-mala-tibétain-jade-verte-avec-108-perles-en-pierres-naturelles-6mm/image-32.jpg (1724 bytes)
   🗑️  Supprimé: collier-mala-tibétain-jade-verte-avec-108-perles-en-pierres-naturelles-6mm/image-26.jpg (1699 bytes)
   🗑️  Supprimé: collier-mala-tibétain-jade-verte-avec-108-perles-en-pierres-naturelles-6mm/image-10.jpg (1516 bytes)
   🗑️  Supprimé: collier-mala-tibétain-jade-verte-avec-108-perles-en-pierres-naturelles-6mm/image-13.jpg (3628 bytes)
   🗑️  Supprimé: collier-mala-tibétain-jade-verte-avec-108-perles-en-pierres-naturelles-6mm/image-29.jpg (2050 bytes)
   🗑️  Supprimé: collier-mala-tibétain-jade-verte-avec-108-perles-en-pierres-naturelles-6mm/image-15.jpg (1695 bytes)
   🗑️  Supprimé: collier-mala-tibétain-jade-verte-avec-108-perles-en-pierres-naturelles-6mm/image-2.jpg (2031 bytes)
   🗑️  Supprimé: bracelet-tibetain-argenté-pierre-turquoise-et-lapis-lazuli-tête-de-bouddha/image-8.jpg (1516 bytes)
   🗑️  Supprimé: bracelet-tibetain-argenté-pierre-turquoise-et-lapis-lazuli-tête-de-bouddha/image-25.jpg (1920 bytes)
   🗑️  Supprimé: bracelet-tibetain-argenté-pierre-turquoise-et-lapis-lazuli-tête-de-bouddha/image-30.jpg (1724 bytes)
   🗑️  Supprimé: bracelet-tibetain-argenté-pierre-turquoise-et-lapis-lazuli-tête-de-bouddha/image-24.jpg (4741 bytes)
   🗑️  Supprimé: bracelet-tibetain-argenté-pierre-turquoise-et-lapis-lazuli-tête-de-bouddha/image-26.jpg (1699 bytes)
   🗑️  Supprimé: bracelet-tibetain-argenté-pierre-turquoise-et-lapis-lazuli-tête-de-bouddha/image-23.jpg (4734 bytes)
   🗑️  Supprimé: bracelet-tibetain-argenté-pierre-turquoise-et-lapis-lazuli-tête-de-bouddha/image-12.jpg (3628 bytes)
   🗑️  Supprimé: bracelet-tibetain-argenté-pierre-turquoise-et-lapis-lazuli-tête-de-bouddha/image-14.jpg (1695 bytes)
   🗑️  Supprimé: bracelet-tibetain-argenté-pierre-turquoise-et-lapis-lazuli-tête-de-bouddha/image-28.jpg (2050 bytes)
   🗑️  Supprimé: bracelet-tibetain-argenté-pierre-turquoise-et-lapis-lazuli-tête-de-bouddha/image-2.jpg (2031 bytes)
   🗑️  Supprimé: bague-argent-pierre-lapis-lazuli/image-8.jpg (4482 bytes)
   🗑️  Supprimé: bague-argent-pierre-lapis-lazuli/image-25.jpg (1920 bytes)
   🗑️  Supprimé: bague-argent-pierre-lapis-lazuli/image-26.jpg (1699 bytes)
   🗑️  Supprimé: bague-argent-pierre-lapis-lazuli/image-23.jpg (4734 bytes)
   🗑️  Supprimé: bague-argent-pierre-lapis-lazuli/image-10.jpg (1516 bytes)
   🗑️  Supprimé: bague-argent-pierre-lapis-lazuli/image-12.jpg (3628 bytes)
   🗑️  Supprimé: bague-argent-pierre-lapis-lazuli/image-29.jpg (1724 bytes)
   🗑️  Supprimé: bague-argent-pierre-lapis-lazuli/image-14.jpg (1695 bytes)
   🗑️  Supprimé: bague-argent-pierre-lapis-lazuli/image-28.jpg (2050 bytes)
   🗑️  Supprimé: bague-argent-pierre-lapis-lazuli/image-1.jpg (2031 bytes)
   🗑️  Supprimé: bracelets-système-solaire-11-planètes/image-8.jpg (3628 bytes)
   🗑️  Supprimé: bracelets-système-solaire-11-planètes/image-19.jpg (1920 bytes)
   🗑️  Supprimé: bracelets-système-solaire-11-planètes/image-26.jpg (1724 bytes)
   🗑️  Supprimé: bracelets-système-solaire-11-planètes/image-23.jpg (2050 bytes)
   🗑️  Supprimé: bracelets-système-solaire-11-planètes/image-20.jpg (1699 bytes)
   🗑️  Supprimé: bracelets-système-solaire-11-planètes/image-10.jpg (1695 bytes)
   🗑️  Supprimé: bracelets-système-solaire-11-planètes/image-17.jpg (4734 bytes)
   🗑️  Supprimé: bracelets-système-solaire-11-planètes/image-1.jpg (2031 bytes)
   🗑️  Supprimé: bracelets-système-solaire-11-planètes/image-7.jpg (1516 bytes)
   🗑️  Supprimé: etole-grisorange-à-frise-matière-naturelle-et-végétale/image-9.jpg (1516 bytes)
   🗑️  Supprimé: etole-grisorange-à-frise-matière-naturelle-et-végétale/image-25.jpg (1699 bytes)
   🗑️  Supprimé: etole-grisorange-à-frise-matière-naturelle-et-végétale/image-24.jpg (1920 bytes)
   🗑️  Supprimé: etole-grisorange-à-frise-matière-naturelle-et-végétale/image-26.jpg (2050 bytes)
   🗑️  Supprimé: etole-grisorange-à-frise-matière-naturelle-et-végétale/image-22.jpg (4734 bytes)
   🗑️  Supprimé: etole-grisorange-à-frise-matière-naturelle-et-végétale/image-12.jpg (3628 bytes)
   🗑️  Supprimé: etole-grisorange-à-frise-matière-naturelle-et-végétale/image-15.jpg (1695 bytes)
   🗑️  Supprimé: etole-grisorange-à-frise-matière-naturelle-et-végétale/image-28.jpg (1724 bytes)
   🗑️  Supprimé: etole-grisorange-à-frise-matière-naturelle-et-végétale/image-1.jpg (2031 bytes)
   🗑️  Supprimé: bracelet-chainette-dorée-et-pierre-de-jade/image-25.jpg (1699 bytes)
   🗑️  Supprimé: bracelet-chainette-dorée-et-pierre-de-jade/image-24.jpg (1920 bytes)
   🗑️  Supprimé: bracelet-chainette-dorée-et-pierre-de-jade/image-32.jpg (4668 bytes)
   🗑️  Supprimé: bracelet-chainette-dorée-et-pierre-de-jade/image-26.jpg (2050 bytes)
   🗑️  Supprimé: bracelet-chainette-dorée-et-pierre-de-jade/image-23.jpg (4734 bytes)
   🗑️  Supprimé: bracelet-chainette-dorée-et-pierre-de-jade/image-15.jpg (1695 bytes)
   🗑️  Supprimé: bracelet-chainette-dorée-et-pierre-de-jade/image-14.jpg (3628 bytes)
   🗑️  Supprimé: bracelet-chainette-dorée-et-pierre-de-jade/image-28.jpg (1724 bytes)
   🗑️  Supprimé: bracelet-chainette-dorée-et-pierre-de-jade/image-1.jpg (2031 bytes)
   🗑️  Supprimé: bracelet-chainette-dorée-et-pierre-de-jade/image-7.jpg (1516 bytes)
   🗑️  Supprimé: collier-argent-sautoir-avec-pierre-calcédoine/image-25.jpg (2050 bytes)
   🗑️  Supprimé: collier-argent-sautoir-avec-pierre-calcédoine/image-27.jpg (1724 bytes)
   🗑️  Supprimé: collier-argent-sautoir-avec-pierre-calcédoine/image-23.jpg (1699 bytes)
   🗑️  Supprimé: collier-argent-sautoir-avec-pierre-calcédoine/image-22.jpg (1920 bytes)
   🗑️  Supprimé: collier-argent-sautoir-avec-pierre-calcédoine/image-20.jpg (4734 bytes)
   🗑️  Supprimé: collier-argent-sautoir-avec-pierre-calcédoine/image-11.jpg (1516 bytes)
   🗑️  Supprimé: collier-argent-sautoir-avec-pierre-calcédoine/image-29.jpg (4653 bytes)
   🗑️  Supprimé: collier-argent-sautoir-avec-pierre-calcédoine/image-15.jpg (1695 bytes)
   🗑️  Supprimé: collier-argent-sautoir-avec-pierre-calcédoine/image-14.jpg (3628 bytes)
   🗑️  Supprimé: collier-argent-sautoir-avec-pierre-calcédoine/image-1.jpg (2031 bytes)
   🗑️  Supprimé: créole-spirale-en-laiton-et-pierre-turquoise/image-31.jpg (1724 bytes)
   🗑️  Supprimé: créole-spirale-en-laiton-et-pierre-turquoise/image-24.jpg (4734 bytes)
   🗑️  Supprimé: créole-spirale-en-laiton-et-pierre-turquoise/image-26.jpg (1920 bytes)
   🗑️  Supprimé: créole-spirale-en-laiton-et-pierre-turquoise/image-27.jpg (1699 bytes)
   🗑️  Supprimé: créole-spirale-en-laiton-et-pierre-turquoise/image-20.jpg (4868 bytes)
   🗑️  Supprimé: créole-spirale-en-laiton-et-pierre-turquoise/image-13.jpg (1516 bytes)
   🗑️  Supprimé: créole-spirale-en-laiton-et-pierre-turquoise/image-16.jpg (3628 bytes)
   🗑️  Supprimé: créole-spirale-en-laiton-et-pierre-turquoise/image-17.jpg (1695 bytes)
   🗑️  Supprimé: créole-spirale-en-laiton-et-pierre-turquoise/image-29.jpg (2050 bytes)
   🗑️  Supprimé: créole-spirale-en-laiton-et-pierre-turquoise/image-2.jpg (2031 bytes)
   🗑️  Supprimé: bracelet-souple-argent-aum-symbole-indien/image-8.jpg (1516 bytes)
   🗑️  Supprimé: bracelet-souple-argent-aum-symbole-indien/image-25.jpg (1699 bytes)
   🗑️  Supprimé: bracelet-souple-argent-aum-symbole-indien/image-24.jpg (1920 bytes)
   🗑️  Supprimé: bracelet-souple-argent-aum-symbole-indien/image-26.jpg (2050 bytes)
   🗑️  Supprimé: bracelet-souple-argent-aum-symbole-indien/image-20.jpg (4734 bytes)
   🗑️  Supprimé: bracelet-souple-argent-aum-symbole-indien/image-21.jpg (4741 bytes)
   🗑️  Supprimé: bracelet-souple-argent-aum-symbole-indien/image-11.jpg (3628 bytes)
   🗑️  Supprimé: bracelet-souple-argent-aum-symbole-indien/image-12.jpg (1695 bytes)
   🗑️  Supprimé: bracelet-souple-argent-aum-symbole-indien/image-28.jpg (1724 bytes)
   🗑️  Supprimé: bracelet-souple-argent-aum-symbole-indien/image-2.jpg (2031 bytes)
   🗑️  Supprimé: creoles-en-laiton-et-pierre-lapis-lazuli/image-31.jpg (1724 bytes)
   🗑️  Supprimé: creoles-en-laiton-et-pierre-lapis-lazuli/image-30.jpg (2050 bytes)
   🗑️  Supprimé: creoles-en-laiton-et-pierre-lapis-lazuli/image-27.jpg (4734 bytes)
   🗑️  Supprimé: creoles-en-laiton-et-pierre-lapis-lazuli/image-16.jpg (3628 bytes)
   🗑️  Supprimé: creoles-en-laiton-et-pierre-lapis-lazuli/image-17.jpg (1695 bytes)
   🗑️  Supprimé: creoles-en-laiton-et-pierre-lapis-lazuli/image-29.jpg (1699 bytes)
   🗑️  Supprimé: creoles-en-laiton-et-pierre-lapis-lazuli/image-15.jpg (1516 bytes)
   🗑️  Supprimé: creoles-en-laiton-et-pierre-lapis-lazuli/image-28.jpg (1920 bytes)
   🗑️  Supprimé: creoles-en-laiton-et-pierre-lapis-lazuli/image-3.jpg (4712 bytes)
   🗑️  Supprimé: creoles-en-laiton-et-pierre-lapis-lazuli/image-2.jpg (2031 bytes)
   🗑️  Supprimé: petite-créole-en-argent-et-pierre-de-lune/image-9.jpg (4482 bytes)
   🗑️  Supprimé: petite-créole-en-argent-et-pierre-de-lune/image-25.jpg (1920 bytes)
   🗑️  Supprimé: petite-créole-en-argent-et-pierre-de-lune/image-30.jpg (4653 bytes)
   🗑️  Supprimé: petite-créole-en-argent-et-pierre-de-lune/image-26.jpg (1699 bytes)
   🗑️  Supprimé: petite-créole-en-argent-et-pierre-de-lune/image-27.jpg (2050 bytes)
   🗑️  Supprimé: petite-créole-en-argent-et-pierre-de-lune/image-23.jpg (4734 bytes)
   🗑️  Supprimé: petite-créole-en-argent-et-pierre-de-lune/image-11.jpg (1516 bytes)
   🗑️  Supprimé: petite-créole-en-argent-et-pierre-de-lune/image-16.jpg (1695 bytes)
   🗑️  Supprimé: petite-créole-en-argent-et-pierre-de-lune/image-15.jpg (3628 bytes)
   🗑️  Supprimé: petite-créole-en-argent-et-pierre-de-lune/image-28.jpg (1724 bytes)
   🗑️  Supprimé: petite-créole-en-argent-et-pierre-de-lune/image-1.jpg (2031 bytes)
   🗑️  Supprimé: bracelet-perles-argentées-et-corail/image-9.jpg (5063 bytes)
   🗑️  Supprimé: bracelet-perles-argentées-et-corail/image-8.jpg (8932 bytes)
   🗑️  Supprimé: bracelet-perles-argentées-et-corail/image-25.jpg (2050 bytes)
   🗑️  Supprimé: bracelet-perles-argentées-et-corail/image-31.jpg (7612 bytes)
   🗑️  Supprimé: bracelet-perles-argentées-et-corail/image-19.jpg (6512 bytes)
   🗑️  Supprimé: bracelet-perles-argentées-et-corail/image-18.jpg (5558 bytes)
   🗑️  Supprimé: bracelet-perles-argentées-et-corail/image-30.jpg (11125 bytes)
   🗑️  Supprimé: bracelet-perles-argentées-et-corail/image-24.jpg (1699 bytes)
   🗑️  Supprimé: bracelet-perles-argentées-et-corail/image-32.jpg (8399 bytes)
   🗑️  Supprimé: bracelet-perles-argentées-et-corail/image-26.jpg (1724 bytes)
   🗑️  Supprimé: bracelet-perles-argentées-et-corail/image-27.jpg (19814 bytes)
   🗑️  Supprimé: bracelet-perles-argentées-et-corail/image-23.jpg (1920 bytes)
   🗑️  Supprimé: bracelet-perles-argentées-et-corail/image-22.jpg (4734 bytes)
   🗑️  Supprimé: bracelet-perles-argentées-et-corail/image-20.jpg (88647 bytes)
   🗑️  Supprimé: bracelet-perles-argentées-et-corail/image-21.jpg (7201 bytes)
   🗑️  Supprimé: bracelet-perles-argentées-et-corail/image-10.jpg (1516 bytes)
   🗑️  Supprimé: bracelet-perles-argentées-et-corail/image-11.jpg (10629 bytes)
   🗑️  Supprimé: bracelet-perles-argentées-et-corail/image-13.jpg (3628 bytes)
   🗑️  Supprimé: bracelet-perles-argentées-et-corail/image-12.jpg (9124 bytes)
   🗑️  Supprimé: bracelet-perles-argentées-et-corail/image-16.jpg (7428 bytes)
   🗑️  Supprimé: bracelet-perles-argentées-et-corail/image-17.jpg (5045 bytes)
   🗑️  Supprimé: bracelet-perles-argentées-et-corail/image-29.jpg (4653 bytes)
   🗑️  Supprimé: bracelet-perles-argentées-et-corail/image-15.jpg (7311 bytes)
   🗑️  Supprimé: bracelet-perles-argentées-et-corail/image-14.jpg (1695 bytes)
   🗑️  Supprimé: bracelet-perles-argentées-et-corail/image-28.jpg (7128 bytes)
   🗑️  Supprimé: bracelet-perles-argentées-et-corail/image-1.jpg (2031 bytes)
   🗑️  Supprimé: bracelet-perles-argentées-et-corail/image-3.jpg (7042 bytes)
   🗑️  Supprimé: bracelet-perles-argentées-et-corail/image-2.jpg (7054 bytes)
   🗑️  Supprimé: bracelet-perles-argentées-et-corail/image-6.jpg (8006 bytes)
   🗑️  Supprimé: bracelet-perles-argentées-et-corail/image-7.jpg (14639 bytes)
   🗑️  Supprimé: bracelet-perles-argentées-et-corail/image-5.jpg (11630 bytes)
   🗑️  Supprimé: bracelet-perles-argentées-et-corail/image-4.jpg (13146 bytes)
   🗑️  Supprimé: bracelet-pierres-naturelles-dalmatien/image-26.jpg (2050 bytes)
   🗑️  Supprimé: bracelet-pierres-naturelles-dalmatien/image-23.jpg (1699 bytes)
   🗑️  Supprimé: bracelet-pierres-naturelles-dalmatien/image-22.jpg (1920 bytes)
   🗑️  Supprimé: bracelet-pierres-naturelles-dalmatien/image-20.jpg (4734 bytes)
   🗑️  Supprimé: bracelet-pierres-naturelles-dalmatien/image-11.jpg (3628 bytes)
   🗑️  Supprimé: bracelet-pierres-naturelles-dalmatien/image-13.jpg (1695 bytes)
   🗑️  Supprimé: bracelet-pierres-naturelles-dalmatien/image-29.jpg (1724 bytes)
   🗑️  Supprimé: bracelet-pierres-naturelles-dalmatien/image-2.jpg (2031 bytes)
   🗑️  Supprimé: bracelet-pierres-naturelles-dalmatien/image-7.jpg (1516 bytes)
   🗑️  Supprimé: boucles-doreilles-argent-et-pierre-en-onyx-noir/image-9.jpg (1516 bytes)
   🗑️  Supprimé: boucles-doreilles-argent-et-pierre-en-onyx-noir/image-25.jpg (2050 bytes)
   🗑️  Supprimé: boucles-doreilles-argent-et-pierre-en-onyx-noir/image-19.jpg (4734 bytes)
   🗑️  Supprimé: boucles-doreilles-argent-et-pierre-en-onyx-noir/image-26.jpg (1724 bytes)
   🗑️  Supprimé: boucles-doreilles-argent-et-pierre-en-onyx-noir/image-22.jpg (1699 bytes)
   🗑️  Supprimé: boucles-doreilles-argent-et-pierre-en-onyx-noir/image-21.jpg (1920 bytes)
   🗑️  Supprimé: boucles-doreilles-argent-et-pierre-en-onyx-noir/image-13.jpg (1695 bytes)
   🗑️  Supprimé: boucles-doreilles-argent-et-pierre-en-onyx-noir/image-12.jpg (3628 bytes)
   🗑️  Supprimé: boucles-doreilles-argent-et-pierre-en-onyx-noir/image-29.jpg (4653 bytes)
   🗑️  Supprimé: boucles-doreilles-argent-et-pierre-en-onyx-noir/image-1.jpg (2031 bytes)
   🗑️  Supprimé: bracelet-mala-pierre-cornaline-pierre-de-lune/image-9.jpg (3628 bytes)
   🗑️  Supprimé: bracelet-mala-pierre-cornaline-pierre-de-lune/image-8.jpg (1516 bytes)
   🗑️  Supprimé: bracelet-mala-pierre-cornaline-pierre-de-lune/image-19.jpg (1920 bytes)
   🗑️  Supprimé: bracelet-mala-pierre-cornaline-pierre-de-lune/image-26.jpg (1724 bytes)
   🗑️  Supprimé: bracelet-mala-pierre-cornaline-pierre-de-lune/image-23.jpg (2050 bytes)
   🗑️  Supprimé: bracelet-mala-pierre-cornaline-pierre-de-lune/image-20.jpg (1699 bytes)
   🗑️  Supprimé: bracelet-mala-pierre-cornaline-pierre-de-lune/image-12.jpg (1695 bytes)
   🗑️  Supprimé: bracelet-mala-pierre-cornaline-pierre-de-lune/image-17.jpg (4734 bytes)
   🗑️  Supprimé: bracelet-mala-pierre-cornaline-pierre-de-lune/image-2.jpg (2031 bytes)
   🗑️  Supprimé: boucles-doreilles-créoles-dorées-en-laiton-et-très-légères/image-9.jpg (4482 bytes)
   🗑️  Supprimé: boucles-doreilles-créoles-dorées-en-laiton-et-très-légères/image-25.jpg (4734 bytes)
   🗑️  Supprimé: boucles-doreilles-créoles-dorées-en-laiton-et-très-légères/image-31.jpg (1724 bytes)
   🗑️  Supprimé: boucles-doreilles-créoles-dorées-en-laiton-et-très-légères/image-18.jpg (1695 bytes)
   🗑️  Supprimé: boucles-doreilles-créoles-dorées-en-laiton-et-très-légères/image-26.jpg (1920 bytes)
   🗑️  Supprimé: boucles-doreilles-créoles-dorées-en-laiton-et-très-légères/image-27.jpg (1699 bytes)
   🗑️  Supprimé: boucles-doreilles-créoles-dorées-en-laiton-et-très-légères/image-12.jpg (1516 bytes)
   🗑️  Supprimé: boucles-doreilles-créoles-dorées-en-laiton-et-très-légères/image-17.jpg (3628 bytes)
   🗑️  Supprimé: boucles-doreilles-créoles-dorées-en-laiton-et-très-légères/image-29.jpg (2050 bytes)
   🗑️  Supprimé: boucles-doreilles-créoles-dorées-en-laiton-et-très-légères/image-2.jpg (2031 bytes)
   🗑️  Supprimé: etole-bleue-à-frise-beige/image-26.jpg (1920 bytes)
   🗑️  Supprimé: etole-bleue-à-frise-beige/image-27.jpg (1699 bytes)
   🗑️  Supprimé: etole-bleue-à-frise-beige/image-23.jpg (4734 bytes)
   🗑️  Supprimé: etole-bleue-à-frise-beige/image-11.jpg (1516 bytes)
   🗑️  Supprimé: etole-bleue-à-frise-beige/image-17.jpg (1695 bytes)
   🗑️  Supprimé: etole-bleue-à-frise-beige/image-29.jpg (1724 bytes)
   🗑️  Supprimé: etole-bleue-à-frise-beige/image-14.jpg (3628 bytes)
   🗑️  Supprimé: etole-bleue-à-frise-beige/image-28.jpg (2050 bytes)
   🗑️  Supprimé: etole-bleue-à-frise-beige/image-3.jpg (2031 bytes)
   🗑️  Supprimé: bracelets-pierres-naturelles-agate-multistone/image-25.jpg (1699 bytes)
   🗑️  Supprimé: bracelets-pierres-naturelles-agate-multistone/image-24.jpg (1920 bytes)
   🗑️  Supprimé: bracelets-pierres-naturelles-agate-multistone/image-27.jpg (2050 bytes)
   🗑️  Supprimé: bracelets-pierres-naturelles-agate-multistone/image-22.jpg (4734 bytes)
   🗑️  Supprimé: bracelets-pierres-naturelles-agate-multistone/image-10.jpg (3628 bytes)
   🗑️  Supprimé: bracelets-pierres-naturelles-agate-multistone/image-12.jpg (1695 bytes)
   🗑️  Supprimé: bracelets-pierres-naturelles-agate-multistone/image-28.jpg (1724 bytes)
   🗑️  Supprimé: bracelets-pierres-naturelles-agate-multistone/image-2.jpg (2031 bytes)
   🗑️  Supprimé: bracelets-pierres-naturelles-agate-multistone/image-7.jpg (1516 bytes)
   🗑️  Supprimé: collier-pierres-bleu-et-noir/image-30.jpg (1724 bytes)
   🗑️  Supprimé: collier-pierres-bleu-et-noir/image-24.jpg (4734 bytes)
   🗑️  Supprimé: collier-pierres-bleu-et-noir/image-32.jpg (4668 bytes)
   🗑️  Supprimé: collier-pierres-bleu-et-noir/image-26.jpg (1920 bytes)
   🗑️  Supprimé: collier-pierres-bleu-et-noir/image-27.jpg (1699 bytes)
   🗑️  Supprimé: collier-pierres-bleu-et-noir/image-11.jpg (1516 bytes)
   🗑️  Supprimé: collier-pierres-bleu-et-noir/image-16.jpg (1695 bytes)
   🗑️  Supprimé: collier-pierres-bleu-et-noir/image-29.jpg (2050 bytes)
   🗑️  Supprimé: collier-pierres-bleu-et-noir/image-15.jpg (3628 bytes)
   🗑️  Supprimé: collier-pierres-bleu-et-noir/image-1.jpg (2031 bytes)
   🗑️  Supprimé: bracelet-pierres-naturelles-en-agate-bleu/image-8.jpg (1516 bytes)
   🗑️  Supprimé: bracelet-pierres-naturelles-en-agate-bleu/image-24.jpg (1699 bytes)
   🗑️  Supprimé: bracelet-pierres-naturelles-en-agate-bleu/image-27.jpg (2050 bytes)
   🗑️  Supprimé: bracelet-pierres-naturelles-en-agate-bleu/image-23.jpg (1920 bytes)
   🗑️  Supprimé: bracelet-pierres-naturelles-en-agate-bleu/image-22.jpg (4734 bytes)
   🗑️  Supprimé: bracelet-pierres-naturelles-en-agate-bleu/image-12.jpg (3628 bytes)
   🗑️  Supprimé: bracelet-pierres-naturelles-en-agate-bleu/image-16.jpg (1695 bytes)
   🗑️  Supprimé: bracelet-pierres-naturelles-en-agate-bleu/image-29.jpg (1724 bytes)
   🗑️  Supprimé: bracelet-pierres-naturelles-en-agate-bleu/image-2.jpg (2031 bytes)
   🗑️  Supprimé: boucles-doreilles-créoles-argentées/image-31.jpg (3121 bytes)
   🗑️  Supprimé: boucles-doreilles-créoles-argentées/image-24.jpg (4734 bytes)
   🗑️  Supprimé: boucles-doreilles-créoles-argentées/image-26.jpg (1920 bytes)
   🗑️  Supprimé: boucles-doreilles-créoles-argentées/image-27.jpg (1699 bytes)
   🗑️  Supprimé: boucles-doreilles-créoles-argentées/image-11.jpg (1516 bytes)
   🗑️  Supprimé: boucles-doreilles-créoles-argentées/image-13.jpg (3628 bytes)
   🗑️  Supprimé: boucles-doreilles-créoles-argentées/image-29.jpg (1724 bytes)
   🗑️  Supprimé: boucles-doreilles-créoles-argentées/image-15.jpg (1695 bytes)
   🗑️  Supprimé: boucles-doreilles-créoles-argentées/image-28.jpg (2050 bytes)
   🗑️  Supprimé: boucles-doreilles-créoles-argentées/image-2.jpg (2031 bytes)
   🗑️  Supprimé: collier-mala-tibétain-améthyste/image-25.jpg (2050 bytes)
   🗑️  Supprimé: collier-mala-tibétain-améthyste/image-27.jpg (1724 bytes)
   🗑️  Supprimé: collier-mala-tibétain-améthyste/image-23.jpg (1699 bytes)
   🗑️  Supprimé: collier-mala-tibétain-améthyste/image-22.jpg (1920 bytes)
   🗑️  Supprimé: collier-mala-tibétain-améthyste/image-21.jpg (4734 bytes)
   🗑️  Supprimé: collier-mala-tibétain-améthyste/image-10.jpg (3628 bytes)
   🗑️  Supprimé: collier-mala-tibétain-améthyste/image-11.jpg (1695 bytes)
   🗑️  Supprimé: collier-mala-tibétain-améthyste/image-2.jpg (2031 bytes)
   🗑️  Supprimé: collier-mala-tibétain-améthyste/image-6.jpg (1516 bytes)
   🗑️  Supprimé: boucles-doreilles-labradorite/image-25.jpg (1699 bytes)
   🗑️  Supprimé: boucles-doreilles-labradorite/image-24.jpg (1920 bytes)
   🗑️  Supprimé: boucles-doreilles-labradorite/image-27.jpg (2050 bytes)
   🗑️  Supprimé: boucles-doreilles-labradorite/image-22.jpg (4734 bytes)
   🗑️  Supprimé: boucles-doreilles-labradorite/image-10.jpg (1516 bytes)
   🗑️  Supprimé: boucles-doreilles-labradorite/image-16.jpg (1695 bytes)
   🗑️  Supprimé: boucles-doreilles-labradorite/image-29.jpg (4653 bytes)
   🗑️  Supprimé: boucles-doreilles-labradorite/image-15.jpg (3628 bytes)
   🗑️  Supprimé: boucles-doreilles-labradorite/image-28.jpg (1724 bytes)
   🗑️  Supprimé: boucles-doreilles-labradorite/image-1.jpg (2031 bytes)
   🗑️  Supprimé: etole-beige-à-frise-matière-naturelle-et-végétale/image-24.jpg (2050 bytes)
   🗑️  Supprimé: etole-beige-à-frise-matière-naturelle-et-végétale/image-27.jpg (1724 bytes)
   🗑️  Supprimé: etole-beige-à-frise-matière-naturelle-et-végétale/image-23.jpg (1699 bytes)
   🗑️  Supprimé: etole-beige-à-frise-matière-naturelle-et-végétale/image-22.jpg (1920 bytes)
   🗑️  Supprimé: etole-beige-à-frise-matière-naturelle-et-végétale/image-21.jpg (4734 bytes)
   🗑️  Supprimé: etole-beige-à-frise-matière-naturelle-et-végétale/image-16.jpg (3628 bytes)
   🗑️  Supprimé: etole-beige-à-frise-matière-naturelle-et-végétale/image-17.jpg (1695 bytes)
   🗑️  Supprimé: etole-beige-à-frise-matière-naturelle-et-végétale/image-14.jpg (1516 bytes)
   🗑️  Supprimé: etole-beige-à-frise-matière-naturelle-et-végétale/image-2.jpg (2031 bytes)
   🗑️  Supprimé: boucles-doreilles-argent-et-pierre-en-onyx-vert/image-9.jpg (1516 bytes)
   🗑️  Supprimé: boucles-doreilles-argent-et-pierre-en-onyx-vert/image-25.jpg (1699 bytes)
   🗑️  Supprimé: boucles-doreilles-argent-et-pierre-en-onyx-vert/image-30.jpg (4653 bytes)
   🗑️  Supprimé: boucles-doreilles-argent-et-pierre-en-onyx-vert/image-24.jpg (1920 bytes)
   🗑️  Supprimé: boucles-doreilles-argent-et-pierre-en-onyx-vert/image-26.jpg (2050 bytes)
   🗑️  Supprimé: boucles-doreilles-argent-et-pierre-en-onyx-vert/image-27.jpg (1724 bytes)
   🗑️  Supprimé: boucles-doreilles-argent-et-pierre-en-onyx-vert/image-22.jpg (4734 bytes)
   🗑️  Supprimé: boucles-doreilles-argent-et-pierre-en-onyx-vert/image-11.jpg (3628 bytes)
   🗑️  Supprimé: boucles-doreilles-argent-et-pierre-en-onyx-vert/image-13.jpg (1695 bytes)
   🗑️  Supprimé: boucles-doreilles-argent-et-pierre-en-onyx-vert/image-2.jpg (2031 bytes)
   🗑️  Supprimé: bracelet-sur-fil-pierres-amazonite-et-grenat/image-25.jpg (4734 bytes)
   🗑️  Supprimé: bracelet-sur-fil-pierres-amazonite-et-grenat/image-31.jpg (1724 bytes)
   🗑️  Supprimé: bracelet-sur-fil-pierres-amazonite-et-grenat/image-27.jpg (1920 bytes)
   🗑️  Supprimé: bracelet-sur-fil-pierres-amazonite-et-grenat/image-12.jpg (1516 bytes)
   🗑️  Supprimé: bracelet-sur-fil-pierres-amazonite-et-grenat/image-16.jpg (3628 bytes)
   🗑️  Supprimé: bracelet-sur-fil-pierres-amazonite-et-grenat/image-17.jpg (1695 bytes)
   🗑️  Supprimé: bracelet-sur-fil-pierres-amazonite-et-grenat/image-29.jpg (2050 bytes)
   🗑️  Supprimé: bracelet-sur-fil-pierres-amazonite-et-grenat/image-28.jpg (1699 bytes)
   🗑️  Supprimé: bracelet-sur-fil-pierres-amazonite-et-grenat/image-1.jpg (2031 bytes)
   🗑️  Supprimé: collier-pierres-3mm-en-moraganite/image-9.jpg (3628 bytes)
   🗑️  Supprimé: collier-pierres-3mm-en-moraganite/image-24.jpg (2050 bytes)
   🗑️  Supprimé: collier-pierres-3mm-en-moraganite/image-27.jpg (1724 bytes)
   🗑️  Supprimé: collier-pierres-3mm-en-moraganite/image-22.jpg (1699 bytes)
   🗑️  Supprimé: collier-pierres-3mm-en-moraganite/image-20.jpg (4734 bytes)
   🗑️  Supprimé: collier-pierres-3mm-en-moraganite/image-21.jpg (1920 bytes)
   🗑️  Supprimé: collier-pierres-3mm-en-moraganite/image-13.jpg (1695 bytes)
   🗑️  Supprimé: collier-pierres-3mm-en-moraganite/image-2.jpg (2031 bytes)
   🗑️  Supprimé: collier-pierres-3mm-en-moraganite/image-5.jpg (1516 bytes)
   🗑️  Supprimé: bague-argent-fleur/image-24.jpg (1699 bytes)
   🗑️  Supprimé: bague-argent-fleur/image-26.jpg (2050 bytes)
   🗑️  Supprimé: bague-argent-fleur/image-27.jpg (1724 bytes)
   🗑️  Supprimé: bague-argent-fleur/image-23.jpg (1920 bytes)
   🗑️  Supprimé: bague-argent-fleur/image-20.jpg (4734 bytes)
   🗑️  Supprimé: bague-argent-fleur/image-10.jpg (1516 bytes)
   🗑️  Supprimé: bague-argent-fleur/image-13.jpg (3628 bytes)
   🗑️  Supprimé: bague-argent-fleur/image-15.jpg (1695 bytes)
   🗑️  Supprimé: bague-argent-fleur/image-1.jpg (2031 bytes)
   🗑️  Supprimé: collier-pierres-6mm-en-cornaline/image-9.jpg (8024 bytes)
   🗑️  Supprimé: collier-pierres-6mm-en-cornaline/image-8.jpg (7288 bytes)
   🗑️  Supprimé: collier-pierres-6mm-en-cornaline/image-25.jpg (6538 bytes)
   🗑️  Supprimé: collier-pierres-6mm-en-cornaline/image-31.jpg (16430 bytes)
   🗑️  Supprimé: collier-pierres-6mm-en-cornaline/image-19.jpg (8181 bytes)
   🗑️  Supprimé: collier-pierres-6mm-en-cornaline/image-18.jpg (8443 bytes)
   🗑️  Supprimé: collier-pierres-6mm-en-cornaline/image-30.jpg (7912 bytes)
   🗑️  Supprimé: collier-pierres-6mm-en-cornaline/image-24.jpg (1699 bytes)
   🗑️  Supprimé: collier-pierres-6mm-en-cornaline/image-32.jpg (9988 bytes)
   🗑️  Supprimé: collier-pierres-6mm-en-cornaline/image-26.jpg (11666 bytes)
   🗑️  Supprimé: collier-pierres-6mm-en-cornaline/image-27.jpg (2050 bytes)
   🗑️  Supprimé: collier-pierres-6mm-en-cornaline/image-23.jpg (12911 bytes)
   🗑️  Supprimé: collier-pierres-6mm-en-cornaline/image-22.jpg (1920 bytes)
   🗑️  Supprimé: collier-pierres-6mm-en-cornaline/image-20.jpg (11856 bytes)
   🗑️  Supprimé: collier-pierres-6mm-en-cornaline/image-21.jpg (4734 bytes)
   🗑️  Supprimé: collier-pierres-6mm-en-cornaline/image-10.jpg (7845 bytes)
   🗑️  Supprimé: collier-pierres-6mm-en-cornaline/image-11.jpg (3628 bytes)
   🗑️  Supprimé: collier-pierres-6mm-en-cornaline/image-13.jpg (11866 bytes)
   🗑️  Supprimé: collier-pierres-6mm-en-cornaline/image-12.jpg (1695 bytes)
   🗑️  Supprimé: collier-pierres-6mm-en-cornaline/image-16.jpg (13206 bytes)
   🗑️  Supprimé: collier-pierres-6mm-en-cornaline/image-17.jpg (12314 bytes)
   🗑️  Supprimé: collier-pierres-6mm-en-cornaline/image-29.jpg (1724 bytes)
   🗑️  Supprimé: collier-pierres-6mm-en-cornaline/image-15.jpg (6194 bytes)
   🗑️  Supprimé: collier-pierres-6mm-en-cornaline/image-14.jpg (11110 bytes)
   🗑️  Supprimé: collier-pierres-6mm-en-cornaline/image-28.jpg (8147 bytes)
   🗑️  Supprimé: collier-pierres-6mm-en-cornaline/image-1.jpg (2031 bytes)
   🗑️  Supprimé: collier-pierres-6mm-en-cornaline/image-3.jpg (9884 bytes)
   🗑️  Supprimé: collier-pierres-6mm-en-cornaline/image-2.jpg (11146 bytes)
   🗑️  Supprimé: collier-pierres-6mm-en-cornaline/image-6.jpg (9513 bytes)
   🗑️  Supprimé: collier-pierres-6mm-en-cornaline/image-7.jpg (1516 bytes)
   🗑️  Supprimé: collier-pierres-6mm-en-cornaline/image-5.jpg (14639 bytes)
   🗑️  Supprimé: collier-pierres-6mm-en-cornaline/image-4.jpg (9972 bytes)
   🗑️  Supprimé: pendentif-argent-lapis-lazuli/image-8.jpg (1516 bytes)
   🗑️  Supprimé: pendentif-argent-lapis-lazuli/image-24.jpg (1699 bytes)
   🗑️  Supprimé: pendentif-argent-lapis-lazuli/image-32.jpg (4720 bytes)
   🗑️  Supprimé: pendentif-argent-lapis-lazuli/image-27.jpg (2050 bytes)
   🗑️  Supprimé: pendentif-argent-lapis-lazuli/image-23.jpg (1920 bytes)
   🗑️  Supprimé: pendentif-argent-lapis-lazuli/image-22.jpg (4734 bytes)
   🗑️  Supprimé: pendentif-argent-lapis-lazuli/image-13.jpg (3628 bytes)
   🗑️  Supprimé: pendentif-argent-lapis-lazuli/image-29.jpg (4653 bytes)
   🗑️  Supprimé: pendentif-argent-lapis-lazuli/image-14.jpg (1695 bytes)
   🗑️  Supprimé: pendentif-argent-lapis-lazuli/image-28.jpg (1724 bytes)
   🗑️  Supprimé: pendentif-argent-lapis-lazuli/image-1.jpg (2031 bytes)
   🗑️  Supprimé: pendentif-argent-lapis-lazuli/image-7.jpg (4482 bytes)
   🗑️  Supprimé: etole-turquoise-et-beige-motifs-cachemire-matière-naturelle-et-végétale/image-24.jpg (1699 bytes)
   🗑️  Supprimé: etole-turquoise-et-beige-motifs-cachemire-matière-naturelle-et-végétale/image-26.jpg (2050 bytes)
   🗑️  Supprimé: etole-turquoise-et-beige-motifs-cachemire-matière-naturelle-et-végétale/image-27.jpg (1724 bytes)
   🗑️  Supprimé: etole-turquoise-et-beige-motifs-cachemire-matière-naturelle-et-végétale/image-23.jpg (1920 bytes)
   🗑️  Supprimé: etole-turquoise-et-beige-motifs-cachemire-matière-naturelle-et-végétale/image-21.jpg (4734 bytes)
   🗑️  Supprimé: etole-turquoise-et-beige-motifs-cachemire-matière-naturelle-et-végétale/image-10.jpg (1516 bytes)
   🗑️  Supprimé: etole-turquoise-et-beige-motifs-cachemire-matière-naturelle-et-végétale/image-13.jpg (3628 bytes)
   🗑️  Supprimé: etole-turquoise-et-beige-motifs-cachemire-matière-naturelle-et-végétale/image-15.jpg (1695 bytes)
   🗑️  Supprimé: etole-turquoise-et-beige-motifs-cachemire-matière-naturelle-et-végétale/image-4.jpg (2031 bytes)
   🗑️  Supprimé: bracelet-pierres-naturelles-aventurine/image-9.jpg (3628 bytes)
   🗑️  Supprimé: bracelet-pierres-naturelles-aventurine/image-25.jpg (2050 bytes)
   🗑️  Supprimé: bracelet-pierres-naturelles-aventurine/image-22.jpg (1699 bytes)
   🗑️  Supprimé: bracelet-pierres-naturelles-aventurine/image-20.jpg (4734 bytes)
   🗑️  Supprimé: bracelet-pierres-naturelles-aventurine/image-21.jpg (1920 bytes)
   🗑️  Supprimé: bracelet-pierres-naturelles-aventurine/image-11.jpg (1695 bytes)
   🗑️  Supprimé: bracelet-pierres-naturelles-aventurine/image-28.jpg (1724 bytes)
   🗑️  Supprimé: bracelet-pierres-naturelles-aventurine/image-2.jpg (2031 bytes)
   🗑️  Supprimé: bracelet-pierres-naturelles-aventurine/image-6.jpg (1516 bytes)
   🗑️  Supprimé: bague-ajustable-argent-et-onyx-noir/image-8.jpg (4482 bytes)
   🗑️  Supprimé: bague-ajustable-argent-et-onyx-noir/image-31.jpg (4653 bytes)
   🗑️  Supprimé: bague-ajustable-argent-et-onyx-noir/image-26.jpg (1920 bytes)
   🗑️  Supprimé: bague-ajustable-argent-et-onyx-noir/image-27.jpg (1699 bytes)
   🗑️  Supprimé: bague-ajustable-argent-et-onyx-noir/image-23.jpg (4734 bytes)
   🗑️  Supprimé: bague-ajustable-argent-et-onyx-noir/image-10.jpg (1516 bytes)
   🗑️  Supprimé: bague-ajustable-argent-et-onyx-noir/image-16.jpg (1695 bytes)
   🗑️  Supprimé: bague-ajustable-argent-et-onyx-noir/image-29.jpg (1724 bytes)
   🗑️  Supprimé: bague-ajustable-argent-et-onyx-noir/image-15.jpg (3628 bytes)
   🗑️  Supprimé: bague-ajustable-argent-et-onyx-noir/image-28.jpg (2050 bytes)
   🗑️  Supprimé: bague-ajustable-argent-et-onyx-noir/image-1.jpg (2031 bytes)
   🗑️  Supprimé: collier-pierres-rhodocrosite/image-8.jpg (1516 bytes)
   🗑️  Supprimé: collier-pierres-rhodocrosite/image-24.jpg (1699 bytes)
   🗑️  Supprimé: collier-pierres-rhodocrosite/image-26.jpg (2050 bytes)
   🗑️  Supprimé: collier-pierres-rhodocrosite/image-23.jpg (1920 bytes)
   🗑️  Supprimé: collier-pierres-rhodocrosite/image-22.jpg (4734 bytes)
   🗑️  Supprimé: collier-pierres-rhodocrosite/image-10.jpg (3628 bytes)
   🗑️  Supprimé: collier-pierres-rhodocrosite/image-13.jpg (1695 bytes)
   🗑️  Supprimé: collier-pierres-rhodocrosite/image-28.jpg (1724 bytes)
   🗑️  Supprimé: collier-pierres-rhodocrosite/image-2.jpg (2031 bytes)
   🗑️  Supprimé: pashmina-soiecachemire-rougemauve-avec-des-motifs/image-24.jpg (1699 bytes)
   🗑️  Supprimé: pashmina-soiecachemire-rougemauve-avec-des-motifs/image-27.jpg (2050 bytes)
   🗑️  Supprimé: pashmina-soiecachemire-rougemauve-avec-des-motifs/image-23.jpg (1920 bytes)
   🗑️  Supprimé: pashmina-soiecachemire-rougemauve-avec-des-motifs/image-22.jpg (4734 bytes)
   🗑️  Supprimé: pashmina-soiecachemire-rougemauve-avec-des-motifs/image-11.jpg (1516 bytes)
   🗑️  Supprimé: pashmina-soiecachemire-rougemauve-avec-des-motifs/image-13.jpg (3628 bytes)
   🗑️  Supprimé: pashmina-soiecachemire-rougemauve-avec-des-motifs/image-15.jpg (1695 bytes)
   🗑️  Supprimé: pashmina-soiecachemire-rougemauve-avec-des-motifs/image-28.jpg (1724 bytes)
   🗑️  Supprimé: pashmina-soiecachemire-rougemauve-avec-des-motifs/image-4.jpg (2031 bytes)
   🗑️  Supprimé: bracelet-pierre-en-lapis-lazuli-sur-macramé/image-8.jpg (1516 bytes)
   🗑️  Supprimé: bracelet-pierre-en-lapis-lazuli-sur-macramé/image-25.jpg (1920 bytes)
   🗑️  Supprimé: bracelet-pierre-en-lapis-lazuli-sur-macramé/image-24.jpg (4734 bytes)
   🗑️  Supprimé: bracelet-pierre-en-lapis-lazuli-sur-macramé/image-26.jpg (1699 bytes)
   🗑️  Supprimé: bracelet-pierre-en-lapis-lazuli-sur-macramé/image-27.jpg (2050 bytes)
   🗑️  Supprimé: bracelet-pierre-en-lapis-lazuli-sur-macramé/image-12.jpg (3628 bytes)
   🗑️  Supprimé: bracelet-pierre-en-lapis-lazuli-sur-macramé/image-29.jpg (1724 bytes)
   🗑️  Supprimé: bracelet-pierre-en-lapis-lazuli-sur-macramé/image-14.jpg (1695 bytes)
   🗑️  Supprimé: bracelet-pierre-en-lapis-lazuli-sur-macramé/image-2.jpg (2031 bytes)
   🗑️  Supprimé: chaîne-fine-en-argent-45-cm/image-9.jpg (4482 bytes)
   🗑️  Supprimé: chaîne-fine-en-argent-45-cm/image-25.jpg (4734 bytes)
   🗑️  Supprimé: chaîne-fine-en-argent-45-cm/image-31.jpg (1724 bytes)
   🗑️  Supprimé: chaîne-fine-en-argent-45-cm/image-30.jpg (2050 bytes)
   🗑️  Supprimé: chaîne-fine-en-argent-45-cm/image-11.jpg (1516 bytes)
   🗑️  Supprimé: chaîne-fine-en-argent-45-cm/image-16.jpg (1695 bytes)
   🗑️  Supprimé: chaîne-fine-en-argent-45-cm/image-29.jpg (1699 bytes)
   🗑️  Supprimé: chaîne-fine-en-argent-45-cm/image-15.jpg (3628 bytes)
   🗑️  Supprimé: chaîne-fine-en-argent-45-cm/image-28.jpg (1920 bytes)
   🗑️  Supprimé: chaîne-fine-en-argent-45-cm/image-1.jpg (2031 bytes)
   🗑️  Supprimé: collier-tibetain-en-turquoise-et-lapis-lazuli-avec-des-perles-taillées/image-9.jpg (1516 bytes)
   🗑️  Supprimé: collier-tibetain-en-turquoise-et-lapis-lazuli-avec-des-perles-taillées/image-26.jpg (2050 bytes)
   🗑️  Supprimé: collier-tibetain-en-turquoise-et-lapis-lazuli-avec-des-perles-taillées/image-27.jpg (1724 bytes)
   🗑️  Supprimé: collier-tibetain-en-turquoise-et-lapis-lazuli-avec-des-perles-taillées/image-23.jpg (1699 bytes)
   🗑️  Supprimé: collier-tibetain-en-turquoise-et-lapis-lazuli-avec-des-perles-taillées/image-22.jpg (1920 bytes)
   🗑️  Supprimé: collier-tibetain-en-turquoise-et-lapis-lazuli-avec-des-perles-taillées/image-21.jpg (4734 bytes)
   🗑️  Supprimé: collier-tibetain-en-turquoise-et-lapis-lazuli-avec-des-perles-taillées/image-13.jpg (3628 bytes)
   🗑️  Supprimé: collier-tibetain-en-turquoise-et-lapis-lazuli-avec-des-perles-taillées/image-14.jpg (1695 bytes)
   🗑️  Supprimé: collier-tibetain-en-turquoise-et-lapis-lazuli-avec-des-perles-taillées/image-28.jpg (4653 bytes)
   🗑️  Supprimé: collier-tibetain-en-turquoise-et-lapis-lazuli-avec-des-perles-taillées/image-1.jpg (2031 bytes)
   🗑️  Supprimé: bracelet-jonc-argente-avec-1-pierre-turquoise/image-19.jpg (4741 bytes)
   🗑️  Supprimé: bracelet-jonc-argente-avec-1-pierre-turquoise/image-18.jpg (4734 bytes)
   🗑️  Supprimé: bracelet-jonc-argente-avec-1-pierre-turquoise/image-26.jpg (1724 bytes)
   🗑️  Supprimé: bracelet-jonc-argente-avec-1-pierre-turquoise/image-23.jpg (2050 bytes)
   🗑️  Supprimé: bracelet-jonc-argente-avec-1-pierre-turquoise/image-22.jpg (1699 bytes)
   🗑️  Supprimé: bracelet-jonc-argente-avec-1-pierre-turquoise/image-20.jpg (1920 bytes)
   🗑️  Supprimé: bracelet-jonc-argente-avec-1-pierre-turquoise/image-10.jpg (3628 bytes)
   🗑️  Supprimé: bracelet-jonc-argente-avec-1-pierre-turquoise/image-11.jpg (1695 bytes)
   🗑️  Supprimé: bracelet-jonc-argente-avec-1-pierre-turquoise/image-1.jpg (2031 bytes)
   🗑️  Supprimé: bracelet-jonc-argente-avec-1-pierre-turquoise/image-6.jpg (1516 bytes)
   🗑️  Supprimé: collier-tibetain-en-pierres-de-corail-et-lapis-lazuli/image-25.jpg (4734 bytes)
   🗑️  Supprimé: collier-tibetain-en-pierres-de-corail-et-lapis-lazuli/image-31.jpg (1724 bytes)
   🗑️  Supprimé: collier-tibetain-en-pierres-de-corail-et-lapis-lazuli/image-18.jpg (1695 bytes)
   🗑️  Supprimé: collier-tibetain-en-pierres-de-corail-et-lapis-lazuli/image-27.jpg (1920 bytes)
   🗑️  Supprimé: collier-tibetain-en-pierres-de-corail-et-lapis-lazuli/image-17.jpg (3628 bytes)
   🗑️  Supprimé: collier-tibetain-en-pierres-de-corail-et-lapis-lazuli/image-29.jpg (2050 bytes)
   🗑️  Supprimé: collier-tibetain-en-pierres-de-corail-et-lapis-lazuli/image-14.jpg (1516 bytes)
   🗑️  Supprimé: collier-tibetain-en-pierres-de-corail-et-lapis-lazuli/image-28.jpg (1699 bytes)
   🗑️  Supprimé: collier-tibetain-en-pierres-de-corail-et-lapis-lazuli/image-1.jpg (2031 bytes)
   🗑️  Supprimé: collier-tibetain-en-pierres-de-corail-et-lapis-lazuli/image-2.jpg (4712 bytes)
   🗑️  Supprimé: bracelet-cristal-fermoir-perle/image-8.jpg (1516 bytes)
   🗑️  Supprimé: bracelet-cristal-fermoir-perle/image-24.jpg (1699 bytes)
   🗑️  Supprimé: bracelet-cristal-fermoir-perle/image-26.jpg (2050 bytes)
   🗑️  Supprimé: bracelet-cristal-fermoir-perle/image-23.jpg (1920 bytes)
   🗑️  Supprimé: bracelet-cristal-fermoir-perle/image-20.jpg (4734 bytes)
   🗑️  Supprimé: bracelet-cristal-fermoir-perle/image-10.jpg (3628 bytes)
   🗑️  Supprimé: bracelet-cristal-fermoir-perle/image-11.jpg (1695 bytes)
   🗑️  Supprimé: bracelet-cristal-fermoir-perle/image-28.jpg (1724 bytes)
   🗑️  Supprimé: bracelet-cristal-fermoir-perle/image-2.jpg (2031 bytes)
   🗑️  Supprimé: bracelet-en-pierres-aventurine-vert-6mm/image-25.jpg (1699 bytes)
   🗑️  Supprimé: bracelet-en-pierres-aventurine-vert-6mm/image-24.jpg (1920 bytes)
   🗑️  Supprimé: bracelet-en-pierres-aventurine-vert-6mm/image-23.jpg (4734 bytes)
   🗑️  Supprimé: bracelet-en-pierres-aventurine-vert-6mm/image-12.jpg (3628 bytes)
   🗑️  Supprimé: bracelet-en-pierres-aventurine-vert-6mm/image-29.jpg (1724 bytes)
   🗑️  Supprimé: bracelet-en-pierres-aventurine-vert-6mm/image-14.jpg (1695 bytes)
   🗑️  Supprimé: bracelet-en-pierres-aventurine-vert-6mm/image-28.jpg (2050 bytes)
   🗑️  Supprimé: bracelet-en-pierres-aventurine-vert-6mm/image-1.jpg (2031 bytes)
   🗑️  Supprimé: bracelet-en-pierres-aventurine-vert-6mm/image-7.jpg (1516 bytes)
   🗑️  Supprimé: bijoux-dinde-et-ethniques-accessoires-de-mode/image-9.jpg (1516 bytes)
   🗑️  Supprimé: bijoux-dinde-et-ethniques-accessoires-de-mode/image-19.jpg (1920 bytes)
   🗑️  Supprimé: bijoux-dinde-et-ethniques-accessoires-de-mode/image-18.jpg (4734 bytes)
   🗑️  Supprimé: bijoux-dinde-et-ethniques-accessoires-de-mode/image-23.jpg (1724 bytes)
   🗑️  Supprimé: bijoux-dinde-et-ethniques-accessoires-de-mode/image-22.jpg (2050 bytes)
   🗑️  Supprimé: bijoux-dinde-et-ethniques-accessoires-de-mode/image-20.jpg (4515 bytes)
   🗑️  Supprimé: bijoux-dinde-et-ethniques-accessoires-de-mode/image-21.jpg (1699 bytes)
   🗑️  Supprimé: bijoux-dinde-et-ethniques-accessoires-de-mode/image-11.jpg (3628 bytes)
   🗑️  Supprimé: bijoux-dinde-et-ethniques-accessoires-de-mode/image-13.jpg (4574 bytes)
   🗑️  Supprimé: bijoux-dinde-et-ethniques-accessoires-de-mode/image-12.jpg (1695 bytes)
   🗑️  Supprimé: bijoux-dinde-et-ethniques-accessoires-de-mode/image-1.jpg (2031 bytes)
   🗑️  Supprimé: chaine-longue-métal-argenté/image-25.jpg (1699 bytes)
   🗑️  Supprimé: chaine-longue-métal-argenté/image-24.jpg (1920 bytes)
   🗑️  Supprimé: chaine-longue-métal-argenté/image-23.jpg (4734 bytes)
   🗑️  Supprimé: chaine-longue-métal-argenté/image-11.jpg (1516 bytes)
   🗑️  Supprimé: chaine-longue-métal-argenté/image-16.jpg (1695 bytes)
   🗑️  Supprimé: chaine-longue-métal-argenté/image-29.jpg (1724 bytes)
   🗑️  Supprimé: chaine-longue-métal-argenté/image-15.jpg (3628 bytes)
   🗑️  Supprimé: chaine-longue-métal-argenté/image-28.jpg (2050 bytes)
   🗑️  Supprimé: chaine-longue-métal-argenté/image-1.jpg (2031 bytes)
   🗑️  Supprimé: bague-argent-pierre-de-lune/image-8.jpg (4482 bytes)
   🗑️  Supprimé: bague-argent-pierre-de-lune/image-25.jpg (1699 bytes)
   🗑️  Supprimé: bague-argent-pierre-de-lune/image-24.jpg (1920 bytes)
   🗑️  Supprimé: bague-argent-pierre-de-lune/image-27.jpg (2050 bytes)
   🗑️  Supprimé: bague-argent-pierre-de-lune/image-23.jpg (4734 bytes)
   🗑️  Supprimé: bague-argent-pierre-de-lune/image-10.jpg (1516 bytes)
   🗑️  Supprimé: bague-argent-pierre-de-lune/image-13.jpg (3628 bytes)
   🗑️  Supprimé: bague-argent-pierre-de-lune/image-14.jpg (1695 bytes)
   🗑️  Supprimé: bague-argent-pierre-de-lune/image-28.jpg (1724 bytes)
   🗑️  Supprimé: bague-argent-pierre-de-lune/image-1.jpg (2031 bytes)
   🗑️  Supprimé: bague-argent-pierre-onyx-noir/image-30.jpg (4653 bytes)
   🗑️  Supprimé: bague-argent-pierre-onyx-noir/image-24.jpg (1699 bytes)
   🗑️  Supprimé: bague-argent-pierre-onyx-noir/image-27.jpg (2050 bytes)
   🗑️  Supprimé: bague-argent-pierre-onyx-noir/image-23.jpg (1920 bytes)
   🗑️  Supprimé: bague-argent-pierre-onyx-noir/image-21.jpg (4734 bytes)
   🗑️  Supprimé: bague-argent-pierre-onyx-noir/image-10.jpg (1516 bytes)
   🗑️  Supprimé: bague-argent-pierre-onyx-noir/image-13.jpg (3628 bytes)
   🗑️  Supprimé: bague-argent-pierre-onyx-noir/image-29.jpg (1724 bytes)
   🗑️  Supprimé: bague-argent-pierre-onyx-noir/image-14.jpg (1695 bytes)
   🗑️  Supprimé: bague-argent-pierre-onyx-noir/image-1.jpg (2031 bytes)
   🗑️  Supprimé: bracelet-jonc-argente-réglable-style-flèches/image-8.jpg (1516 bytes)
   🗑️  Supprimé: bracelet-jonc-argente-réglable-style-flèches/image-25.jpg (1920 bytes)
   🗑️  Supprimé: bracelet-jonc-argente-réglable-style-flèches/image-26.jpg (1699 bytes)
   🗑️  Supprimé: bracelet-jonc-argente-réglable-style-flèches/image-27.jpg (2050 bytes)
   🗑️  Supprimé: bracelet-jonc-argente-réglable-style-flèches/image-23.jpg (4734 bytes)
   🗑️  Supprimé: bracelet-jonc-argente-réglable-style-flèches/image-13.jpg (3628 bytes)
   🗑️  Supprimé: bracelet-jonc-argente-réglable-style-flèches/image-29.jpg (1724 bytes)
   🗑️  Supprimé: bracelet-jonc-argente-réglable-style-flèches/image-14.jpg (1695 bytes)
   🗑️  Supprimé: bracelet-jonc-argente-réglable-style-flèches/image-2.jpg (2031 bytes)
   🗑️  Supprimé: bracelet-pierres-naturelles-en-agate-rose-avec-un-coeur/image-8.jpg (1516 bytes)
   🗑️  Supprimé: bracelet-pierres-naturelles-en-agate-rose-avec-un-coeur/image-25.jpg (4734 bytes)
   🗑️  Supprimé: bracelet-pierres-naturelles-en-agate-rose-avec-un-coeur/image-31.jpg (1724 bytes)
   🗑️  Supprimé: bracelet-pierres-naturelles-en-agate-rose-avec-un-coeur/image-26.jpg (1920 bytes)
   🗑️  Supprimé: bracelet-pierres-naturelles-en-agate-rose-avec-un-coeur/image-27.jpg (1699 bytes)
   🗑️  Supprimé: bracelet-pierres-naturelles-en-agate-rose-avec-un-coeur/image-13.jpg (3628 bytes)
   🗑️  Supprimé: bracelet-pierres-naturelles-en-agate-rose-avec-un-coeur/image-17.jpg (1695 bytes)
   🗑️  Supprimé: bracelet-pierres-naturelles-en-agate-rose-avec-un-coeur/image-29.jpg (2050 bytes)
   🗑️  Supprimé: bracelet-pierres-naturelles-en-agate-rose-avec-un-coeur/image-1.jpg (2031 bytes)
   🗑️  Supprimé: bracelet-argentet-pierres-naturelles-aigue-marine/image-25.jpg (4741 bytes)
   🗑️  Supprimé: bracelet-argentet-pierres-naturelles-aigue-marine/image-31.jpg (1724 bytes)
   🗑️  Supprimé: bracelet-argentet-pierres-naturelles-aigue-marine/image-24.jpg (4734 bytes)
   🗑️  Supprimé: bracelet-argentet-pierres-naturelles-aigue-marine/image-27.jpg (1920 bytes)
   🗑️  Supprimé: bracelet-argentet-pierres-naturelles-aigue-marine/image-13.jpg (1695 bytes)
   🗑️  Supprimé: bracelet-argentet-pierres-naturelles-aigue-marine/image-12.jpg (3628 bytes)
   🗑️  Supprimé: bracelet-argentet-pierres-naturelles-aigue-marine/image-29.jpg (2050 bytes)
   🗑️  Supprimé: bracelet-argentet-pierres-naturelles-aigue-marine/image-28.jpg (1699 bytes)
   🗑️  Supprimé: bracelet-argentet-pierres-naturelles-aigue-marine/image-1.jpg (2031 bytes)
   🗑️  Supprimé: bracelet-argentet-pierres-naturelles-aigue-marine/image-6.jpg (1516 bytes)
   🗑️  Supprimé: bague-fine-plaqué-argent-quartz-rose/image-9.jpg (1516 bytes)
   🗑️  Supprimé: bague-fine-plaqué-argent-quartz-rose/image-25.jpg (1699 bytes)
   🗑️  Supprimé: bague-fine-plaqué-argent-quartz-rose/image-24.jpg (1920 bytes)
   🗑️  Supprimé: bague-fine-plaqué-argent-quartz-rose/image-27.jpg (2050 bytes)
   🗑️  Supprimé: bague-fine-plaqué-argent-quartz-rose/image-21.jpg (4734 bytes)
   🗑️  Supprimé: bague-fine-plaqué-argent-quartz-rose/image-13.jpg (1695 bytes)
   🗑️  Supprimé: bague-fine-plaqué-argent-quartz-rose/image-12.jpg (3628 bytes)
   🗑️  Supprimé: bague-fine-plaqué-argent-quartz-rose/image-28.jpg (1724 bytes)
   🗑️  Supprimé: bague-fine-plaqué-argent-quartz-rose/image-1.jpg (2031 bytes)
   🗑️  Supprimé: bague-fine-plaqué-argent-quartz-rose/image-7.jpg (4482 bytes)
   🗑️  Supprimé: pour-cheville-cordon-bleu-foncé-réglable-avec-devel-eyes/image-25.jpg (1699 bytes)
   🗑️  Supprimé: pour-cheville-cordon-bleu-foncé-réglable-avec-devel-eyes/image-31.jpg (1724 bytes)
   🗑️  Supprimé: pour-cheville-cordon-bleu-foncé-réglable-avec-devel-eyes/image-24.jpg (1920 bytes)
   🗑️  Supprimé: pour-cheville-cordon-bleu-foncé-réglable-avec-devel-eyes/image-23.jpg (4734 bytes)
   🗑️  Supprimé: pour-cheville-cordon-bleu-foncé-réglable-avec-devel-eyes/image-20.jpg (4868 bytes)
   🗑️  Supprimé: pour-cheville-cordon-bleu-foncé-réglable-avec-devel-eyes/image-13.jpg (1516 bytes)
   🗑️  Supprimé: pour-cheville-cordon-bleu-foncé-réglable-avec-devel-eyes/image-16.jpg (1695 bytes)
   🗑️  Supprimé: pour-cheville-cordon-bleu-foncé-réglable-avec-devel-eyes/image-15.jpg (3628 bytes)
   🗑️  Supprimé: pour-cheville-cordon-bleu-foncé-réglable-avec-devel-eyes/image-28.jpg (2050 bytes)
   🗑️  Supprimé: pour-cheville-cordon-bleu-foncé-réglable-avec-devel-eyes/image-1.jpg (2031 bytes)
   🗑️  Supprimé: foulard-bandana-vert-et-bleu/image-24.jpg (1699 bytes)
   🗑️  Supprimé: foulard-bandana-vert-et-bleu/image-26.jpg (2050 bytes)
   🗑️  Supprimé: foulard-bandana-vert-et-bleu/image-27.jpg (1724 bytes)
   🗑️  Supprimé: foulard-bandana-vert-et-bleu/image-23.jpg (1920 bytes)
   🗑️  Supprimé: foulard-bandana-vert-et-bleu/image-22.jpg (4734 bytes)
   🗑️  Supprimé: foulard-bandana-vert-et-bleu/image-11.jpg (1516 bytes)
   🗑️  Supprimé: foulard-bandana-vert-et-bleu/image-15.jpg (1695 bytes)
   🗑️  Supprimé: foulard-bandana-vert-et-bleu/image-14.jpg (3628 bytes)
   🗑️  Supprimé: foulard-bandana-vert-et-bleu/image-4.jpg (2031 bytes)
   🗑️  Supprimé: collier-tibetain-en-pierres-de-corail-turquoise-verte-et-lapis-lazuli/image-25.jpg (1699 bytes)
   🗑️  Supprimé: collier-tibetain-en-pierres-de-corail-turquoise-verte-et-lapis-lazuli/image-30.jpg (1724 bytes)
   🗑️  Supprimé: collier-tibetain-en-pierres-de-corail-turquoise-verte-et-lapis-lazuli/image-24.jpg (1920 bytes)
   🗑️  Supprimé: collier-tibetain-en-pierres-de-corail-turquoise-verte-et-lapis-lazuli/image-21.jpg (4734 bytes)
   🗑️  Supprimé: collier-tibetain-en-pierres-de-corail-turquoise-verte-et-lapis-lazuli/image-11.jpg (1516 bytes)
   🗑️  Supprimé: collier-tibetain-en-pierres-de-corail-turquoise-verte-et-lapis-lazuli/image-15.jpg (1695 bytes)
   🗑️  Supprimé: collier-tibetain-en-pierres-de-corail-turquoise-verte-et-lapis-lazuli/image-14.jpg (3628 bytes)
   🗑️  Supprimé: collier-tibetain-en-pierres-de-corail-turquoise-verte-et-lapis-lazuli/image-28.jpg (2050 bytes)
   🗑️  Supprimé: collier-tibetain-en-pierres-de-corail-turquoise-verte-et-lapis-lazuli/image-1.jpg (2031 bytes)
   🗑️  Supprimé: boucles-doreilles-argent-pierre-en-saphir-bleu/image-9.jpg (4482 bytes)
   🗑️  Supprimé: boucles-doreilles-argent-pierre-en-saphir-bleu/image-25.jpg (4734 bytes)
   🗑️  Supprimé: boucles-doreilles-argent-pierre-en-saphir-bleu/image-30.jpg (1724 bytes)
   🗑️  Supprimé: boucles-doreilles-argent-pierre-en-saphir-bleu/image-26.jpg (1920 bytes)
   🗑️  Supprimé: boucles-doreilles-argent-pierre-en-saphir-bleu/image-27.jpg (1699 bytes)
   🗑️  Supprimé: boucles-doreilles-argent-pierre-en-saphir-bleu/image-11.jpg (1516 bytes)
   🗑️  Supprimé: boucles-doreilles-argent-pierre-en-saphir-bleu/image-16.jpg (1695 bytes)
   🗑️  Supprimé: boucles-doreilles-argent-pierre-en-saphir-bleu/image-29.jpg (2050 bytes)
   🗑️  Supprimé: boucles-doreilles-argent-pierre-en-saphir-bleu/image-15.jpg (3628 bytes)
   🗑️  Supprimé: boucles-doreilles-argent-pierre-en-saphir-bleu/image-1.jpg (2031 bytes)
   🗑️  Supprimé: foulard-bleu-foncé-en-100soie-à-motifs-fleuris/image-25.jpg (2050 bytes)
   🗑️  Supprimé: foulard-bleu-foncé-en-100soie-à-motifs-fleuris/image-24.jpg (1699 bytes)
   🗑️  Supprimé: foulard-bleu-foncé-en-100soie-à-motifs-fleuris/image-23.jpg (1920 bytes)
   🗑️  Supprimé: foulard-bleu-foncé-en-100soie-à-motifs-fleuris/image-22.jpg (4734 bytes)
   🗑️  Supprimé: foulard-bleu-foncé-en-100soie-à-motifs-fleuris/image-11.jpg (1516 bytes)
   🗑️  Supprimé: foulard-bleu-foncé-en-100soie-à-motifs-fleuris/image-16.jpg (1695 bytes)
   🗑️  Supprimé: foulard-bleu-foncé-en-100soie-à-motifs-fleuris/image-14.jpg (3628 bytes)
   🗑️  Supprimé: foulard-bleu-foncé-en-100soie-à-motifs-fleuris/image-28.jpg (1724 bytes)
   🗑️  Supprimé: foulard-bleu-foncé-en-100soie-à-motifs-fleuris/image-3.jpg (2031 bytes)
   🗑️  Supprimé: étole-verte-100-coton-avec-nuance-de-couleur/image-24.jpg (2050 bytes)
   🗑️  Supprimé: étole-verte-100-coton-avec-nuance-de-couleur/image-26.jpg (1724 bytes)
   🗑️  Supprimé: étole-verte-100-coton-avec-nuance-de-couleur/image-23.jpg (1699 bytes)
   🗑️  Supprimé: étole-verte-100-coton-avec-nuance-de-couleur/image-22.jpg (1920 bytes)
   🗑️  Supprimé: étole-verte-100-coton-avec-nuance-de-couleur/image-21.jpg (4734 bytes)
   🗑️  Supprimé: étole-verte-100-coton-avec-nuance-de-couleur/image-11.jpg (1516 bytes)
   🗑️  Supprimé: étole-verte-100-coton-avec-nuance-de-couleur/image-13.jpg (3628 bytes)
   🗑️  Supprimé: étole-verte-100-coton-avec-nuance-de-couleur/image-15.jpg (1695 bytes)
   🗑️  Supprimé: étole-verte-100-coton-avec-nuance-de-couleur/image-4.jpg (2031 bytes)
   🗑️  Supprimé: grandes-créoles-en-laiton/image-30.jpg (2050 bytes)
   🗑️  Supprimé: grandes-créoles-en-laiton/image-32.jpg (1724 bytes)
   🗑️  Supprimé: grandes-créoles-en-laiton/image-26.jpg (4734 bytes)
   🗑️  Supprimé: grandes-créoles-en-laiton/image-27.jpg (1920 bytes)
   🗑️  Supprimé: grandes-créoles-en-laiton/image-23.jpg (4868 bytes)
   🗑️  Supprimé: grandes-créoles-en-laiton/image-13.jpg (1516 bytes)
   🗑️  Supprimé: grandes-créoles-en-laiton/image-16.jpg (3628 bytes)
   🗑️  Supprimé: grandes-créoles-en-laiton/image-17.jpg (1695 bytes)
   🗑️  Supprimé: grandes-créoles-en-laiton/image-28.jpg (1699 bytes)
   🗑️  Supprimé: grandes-créoles-en-laiton/image-1.jpg (2031 bytes)
   🗑️  Supprimé: grandes-créoles-en-laiton/image-2.jpg (4712 bytes)
   🗑️  Supprimé: bracelet-fantaisie-porte-bonheur/image-9.jpg (3628 bytes)
   🗑️  Supprimé: bracelet-fantaisie-porte-bonheur/image-24.jpg (2050 bytes)
   🗑️  Supprimé: bracelet-fantaisie-porte-bonheur/image-32.jpg (4668 bytes)
   🗑️  Supprimé: bracelet-fantaisie-porte-bonheur/image-26.jpg (1724 bytes)
   🗑️  Supprimé: bracelet-fantaisie-porte-bonheur/image-23.jpg (1699 bytes)
   🗑️  Supprimé: bracelet-fantaisie-porte-bonheur/image-22.jpg (1920 bytes)
   🗑️  Supprimé: bracelet-fantaisie-porte-bonheur/image-20.jpg (4734 bytes)
   🗑️  Supprimé: bracelet-fantaisie-porte-bonheur/image-11.jpg (1695 bytes)
   🗑️  Supprimé: bracelet-fantaisie-porte-bonheur/image-16.jpg (4574 bytes)
   🗑️  Supprimé: bracelet-fantaisie-porte-bonheur/image-2.jpg (2031 bytes)
   🗑️  Supprimé: bracelet-fantaisie-porte-bonheur/image-5.jpg (1516 bytes)
   🗑️  Supprimé: bracelet-argent-et-une-pierre-en-smocks-quartz/image-8.jpg (1516 bytes)
   🗑️  Supprimé: bracelet-argent-et-une-pierre-en-smocks-quartz/image-25.jpg (1699 bytes)
   🗑️  Supprimé: bracelet-argent-et-une-pierre-en-smocks-quartz/image-24.jpg (1920 bytes)
   🗑️  Supprimé: bracelet-argent-et-une-pierre-en-smocks-quartz/image-26.jpg (2050 bytes)
   🗑️  Supprimé: bracelet-argent-et-une-pierre-en-smocks-quartz/image-22.jpg (4741 bytes)
   🗑️  Supprimé: bracelet-argent-et-une-pierre-en-smocks-quartz/image-21.jpg (4734 bytes)
   🗑️  Supprimé: bracelet-argent-et-une-pierre-en-smocks-quartz/image-11.jpg (3628 bytes)
   🗑️  Supprimé: bracelet-argent-et-une-pierre-en-smocks-quartz/image-13.jpg (1695 bytes)
   🗑️  Supprimé: bracelet-argent-et-une-pierre-en-smocks-quartz/image-29.jpg (1724 bytes)
   🗑️  Supprimé: bracelet-argent-et-une-pierre-en-smocks-quartz/image-2.jpg (2031 bytes)
   🗑️  Supprimé: chaine-de-chevilles-argentée-perles-turquoise/image-8.jpg (1516 bytes)
   🗑️  Supprimé: chaine-de-chevilles-argentée-perles-turquoise/image-25.jpg (1699 bytes)
   🗑️  Supprimé: chaine-de-chevilles-argentée-perles-turquoise/image-24.jpg (1920 bytes)
   🗑️  Supprimé: chaine-de-chevilles-argentée-perles-turquoise/image-27.jpg (2050 bytes)
   🗑️  Supprimé: chaine-de-chevilles-argentée-perles-turquoise/image-22.jpg (4734 bytes)
   🗑️  Supprimé: chaine-de-chevilles-argentée-perles-turquoise/image-13.jpg (3628 bytes)
   🗑️  Supprimé: chaine-de-chevilles-argentée-perles-turquoise/image-29.jpg (4653 bytes)
   🗑️  Supprimé: chaine-de-chevilles-argentée-perles-turquoise/image-14.jpg (1695 bytes)
   🗑️  Supprimé: chaine-de-chevilles-argentée-perles-turquoise/image-28.jpg (1724 bytes)
   🗑️  Supprimé: chaine-de-chevilles-argentée-perles-turquoise/image-1.jpg (2031 bytes)
   🗑️  Supprimé: chaine-de-chevilles-argentée-perles-turquoise/image-7.jpg (4482 bytes)
   🗑️  Supprimé: bracelet-tibetain-argenté-perles-corail-et-turquoise/image-9.jpg (1516 bytes)
   🗑️  Supprimé: bracelet-tibetain-argenté-perles-corail-et-turquoise/image-25.jpg (1920 bytes)
   🗑️  Supprimé: bracelet-tibetain-argenté-perles-corail-et-turquoise/image-30.jpg (1724 bytes)
   🗑️  Supprimé: bracelet-tibetain-argenté-perles-corail-et-turquoise/image-26.jpg (1699 bytes)
   🗑️  Supprimé: bracelet-tibetain-argenté-perles-corail-et-turquoise/image-27.jpg (2050 bytes)
   🗑️  Supprimé: bracelet-tibetain-argenté-perles-corail-et-turquoise/image-23.jpg (4734 bytes)
   🗑️  Supprimé: bracelet-tibetain-argenté-perles-corail-et-turquoise/image-16.jpg (1695 bytes)
   🗑️  Supprimé: bracelet-tibetain-argenté-perles-corail-et-turquoise/image-15.jpg (3628 bytes)
   🗑️  Supprimé: bracelet-tibetain-argenté-perles-corail-et-turquoise/image-1.jpg (2031 bytes)
   🗑️  Supprimé: bracelet-jonc-argente-avec-1-pierre-onyx-noir/image-8.jpg (1516 bytes)
   🗑️  Supprimé: bracelet-jonc-argente-avec-1-pierre-onyx-noir/image-25.jpg (1920 bytes)
   🗑️  Supprimé: bracelet-jonc-argente-avec-1-pierre-onyx-noir/image-24.jpg (4734 bytes)
   🗑️  Supprimé: bracelet-jonc-argente-avec-1-pierre-onyx-noir/image-32.jpg (4668 bytes)
   🗑️  Supprimé: bracelet-jonc-argente-avec-1-pierre-onyx-noir/image-26.jpg (1699 bytes)
   🗑️  Supprimé: bracelet-jonc-argente-avec-1-pierre-onyx-noir/image-27.jpg (2050 bytes)
   🗑️  Supprimé: bracelet-jonc-argente-avec-1-pierre-onyx-noir/image-29.jpg (1724 bytes)
   🗑️  Supprimé: bracelet-jonc-argente-avec-1-pierre-onyx-noir/image-15.jpg (1695 bytes)
   🗑️  Supprimé: bracelet-jonc-argente-avec-1-pierre-onyx-noir/image-14.jpg (3628 bytes)
   🗑️  Supprimé: bracelet-jonc-argente-avec-1-pierre-onyx-noir/image-1.jpg (2031 bytes)
   🗑️  Supprimé: bracelet-en-pierres-6mm-emeraude-lavande/image-8.jpg (1516 bytes)
   🗑️  Supprimé: bracelet-en-pierres-6mm-emeraude-lavande/image-25.jpg (1699 bytes)
   🗑️  Supprimé: bracelet-en-pierres-6mm-emeraude-lavande/image-24.jpg (1920 bytes)
   🗑️  Supprimé: bracelet-en-pierres-6mm-emeraude-lavande/image-26.jpg (2050 bytes)
   🗑️  Supprimé: bracelet-en-pierres-6mm-emeraude-lavande/image-27.jpg (1724 bytes)
   🗑️  Supprimé: bracelet-en-pierres-6mm-emeraude-lavande/image-22.jpg (4734 bytes)
   🗑️  Supprimé: bracelet-en-pierres-6mm-emeraude-lavande/image-13.jpg (3628 bytes)
   🗑️  Supprimé: bracelet-en-pierres-6mm-emeraude-lavande/image-17.jpg (1695 bytes)
   🗑️  Supprimé: bracelet-en-pierres-6mm-emeraude-lavande/image-2.jpg (2031 bytes)
   🗑️  Supprimé: bracelet-de-cheville-ou-de-bras-perles-noires/image-8.jpg (4482 bytes)
   🗑️  Supprimé: bracelet-de-cheville-ou-de-bras-perles-noires/image-24.jpg (1699 bytes)
   🗑️  Supprimé: bracelet-de-cheville-ou-de-bras-perles-noires/image-27.jpg (2050 bytes)
   🗑️  Supprimé: bracelet-de-cheville-ou-de-bras-perles-noires/image-23.jpg (1920 bytes)
   🗑️  Supprimé: bracelet-de-cheville-ou-de-bras-perles-noires/image-21.jpg (4734 bytes)
   🗑️  Supprimé: bracelet-de-cheville-ou-de-bras-perles-noires/image-10.jpg (1516 bytes)
   🗑️  Supprimé: bracelet-de-cheville-ou-de-bras-perles-noires/image-13.jpg (3628 bytes)
   🗑️  Supprimé: bracelet-de-cheville-ou-de-bras-perles-noires/image-29.jpg (4653 bytes)
   🗑️  Supprimé: bracelet-de-cheville-ou-de-bras-perles-noires/image-15.jpg (1695 bytes)
   🗑️  Supprimé: bracelet-de-cheville-ou-de-bras-perles-noires/image-28.jpg (1724 bytes)
   🗑️  Supprimé: bracelet-de-cheville-ou-de-bras-perles-noires/image-1.jpg (2031 bytes)
   🗑️  Supprimé: boucles-doreilles-rondes-en-argent-filigrane-et-pierre-de-lune/image-9.jpg (1516 bytes)
   🗑️  Supprimé: boucles-doreilles-rondes-en-argent-filigrane-et-pierre-de-lune/image-8.jpg (5292 bytes)
   🗑️  Supprimé: boucles-doreilles-rondes-en-argent-filigrane-et-pierre-de-lune/image-25.jpg (1920 bytes)
   🗑️  Supprimé: boucles-doreilles-rondes-en-argent-filigrane-et-pierre-de-lune/image-31.jpg (9219 bytes)
   🗑️  Supprimé: boucles-doreilles-rondes-en-argent-filigrane-et-pierre-de-lune/image-19.jpg (5786 bytes)
   🗑️  Supprimé: boucles-doreilles-rondes-en-argent-filigrane-et-pierre-de-lune/image-18.jpg (21745 bytes)
   🗑️  Supprimé: boucles-doreilles-rondes-en-argent-filigrane-et-pierre-de-lune/image-30.jpg (8663 bytes)
   🗑️  Supprimé: boucles-doreilles-rondes-en-argent-filigrane-et-pierre-de-lune/image-24.jpg (5411 bytes)
   🗑️  Supprimé: boucles-doreilles-rondes-en-argent-filigrane-et-pierre-de-lune/image-32.jpg (7612 bytes)
   🗑️  Supprimé: boucles-doreilles-rondes-en-argent-filigrane-et-pierre-de-lune/image-26.jpg (1699 bytes)
   🗑️  Supprimé: boucles-doreilles-rondes-en-argent-filigrane-et-pierre-de-lune/image-27.jpg (7087 bytes)
   🗑️  Supprimé: boucles-doreilles-rondes-en-argent-filigrane-et-pierre-de-lune/image-23.jpg (8472 bytes)
   🗑️  Supprimé: boucles-doreilles-rondes-en-argent-filigrane-et-pierre-de-lune/image-22.jpg (6678 bytes)
   🗑️  Supprimé: boucles-doreilles-rondes-en-argent-filigrane-et-pierre-de-lune/image-20.jpg (6551 bytes)
   🗑️  Supprimé: boucles-doreilles-rondes-en-argent-filigrane-et-pierre-de-lune/image-21.jpg (4734 bytes)
   🗑️  Supprimé: boucles-doreilles-rondes-en-argent-filigrane-et-pierre-de-lune/image-10.jpg (9124 bytes)
   🗑️  Supprimé: boucles-doreilles-rondes-en-argent-filigrane-et-pierre-de-lune/image-11.jpg (10629 bytes)
   🗑️  Supprimé: boucles-doreilles-rondes-en-argent-filigrane-et-pierre-de-lune/image-13.jpg (1695 bytes)
   🗑️  Supprimé: boucles-doreilles-rondes-en-argent-filigrane-et-pierre-de-lune/image-12.jpg (3628 bytes)
   🗑️  Supprimé: boucles-doreilles-rondes-en-argent-filigrane-et-pierre-de-lune/image-16.jpg (5045 bytes)
   🗑️  Supprimé: boucles-doreilles-rondes-en-argent-filigrane-et-pierre-de-lune/image-17.jpg (8277 bytes)
   🗑️  Supprimé: boucles-doreilles-rondes-en-argent-filigrane-et-pierre-de-lune/image-29.jpg (1724 bytes)
   🗑️  Supprimé: boucles-doreilles-rondes-en-argent-filigrane-et-pierre-de-lune/image-15.jpg (7428 bytes)
   🗑️  Supprimé: boucles-doreilles-rondes-en-argent-filigrane-et-pierre-de-lune/image-14.jpg (7311 bytes)
   🗑️  Supprimé: boucles-doreilles-rondes-en-argent-filigrane-et-pierre-de-lune/image-28.jpg (2050 bytes)
   🗑️  Supprimé: boucles-doreilles-rondes-en-argent-filigrane-et-pierre-de-lune/image-1.jpg (2031 bytes)
   🗑️  Supprimé: boucles-doreilles-rondes-en-argent-filigrane-et-pierre-de-lune/image-3.jpg (14639 bytes)
   🗑️  Supprimé: boucles-doreilles-rondes-en-argent-filigrane-et-pierre-de-lune/image-2.jpg (7054 bytes)
   🗑️  Supprimé: boucles-doreilles-rondes-en-argent-filigrane-et-pierre-de-lune/image-6.jpg (6949 bytes)
   🗑️  Supprimé: boucles-doreilles-rondes-en-argent-filigrane-et-pierre-de-lune/image-7.jpg (5063 bytes)
   🗑️  Supprimé: boucles-doreilles-rondes-en-argent-filigrane-et-pierre-de-lune/image-5.jpg (8346 bytes)
   🗑️  Supprimé: boucles-doreilles-rondes-en-argent-filigrane-et-pierre-de-lune/image-4.jpg (8932 bytes)
   🗑️  Supprimé: boucles-doreilles-argent-filigrane-et-pierre-de-lune/image-25.jpg (1920 bytes)
   🗑️  Supprimé: boucles-doreilles-argent-filigrane-et-pierre-de-lune/image-30.jpg (4653 bytes)
   🗑️  Supprimé: boucles-doreilles-argent-filigrane-et-pierre-de-lune/image-24.jpg (4734 bytes)
   🗑️  Supprimé: boucles-doreilles-argent-filigrane-et-pierre-de-lune/image-26.jpg (1699 bytes)
   🗑️  Supprimé: boucles-doreilles-argent-filigrane-et-pierre-de-lune/image-27.jpg (2050 bytes)
   🗑️  Supprimé: boucles-doreilles-argent-filigrane-et-pierre-de-lune/image-10.jpg (1516 bytes)
   🗑️  Supprimé: boucles-doreilles-argent-filigrane-et-pierre-de-lune/image-16.jpg (1695 bytes)
   🗑️  Supprimé: boucles-doreilles-argent-filigrane-et-pierre-de-lune/image-29.jpg (1724 bytes)
   🗑️  Supprimé: boucles-doreilles-argent-filigrane-et-pierre-de-lune/image-15.jpg (3628 bytes)
   🗑️  Supprimé: boucles-doreilles-argent-filigrane-et-pierre-de-lune/image-1.jpg (2031 bytes)
   🗑️  Supprimé: bracelet-perles-argentées-et-onyx-noir/image-9.jpg (4482 bytes)
   🗑️  Supprimé: bracelet-perles-argentées-et-onyx-noir/image-24.jpg (1699 bytes)
   🗑️  Supprimé: bracelet-perles-argentées-et-onyx-noir/image-27.jpg (2050 bytes)
   🗑️  Supprimé: bracelet-perles-argentées-et-onyx-noir/image-23.jpg (1920 bytes)
   🗑️  Supprimé: bracelet-perles-argentées-et-onyx-noir/image-22.jpg (4734 bytes)
   🗑️  Supprimé: bracelet-perles-argentées-et-onyx-noir/image-10.jpg (1516 bytes)
   🗑️  Supprimé: bracelet-perles-argentées-et-onyx-noir/image-13.jpg (1695 bytes)
   🗑️  Supprimé: bracelet-perles-argentées-et-onyx-noir/image-12.jpg (3628 bytes)
   🗑️  Supprimé: bracelet-perles-argentées-et-onyx-noir/image-28.jpg (1724 bytes)
   🗑️  Supprimé: bracelet-perles-argentées-et-onyx-noir/image-1.jpg (2031 bytes)
   🗑️  Supprimé: bague-fantaisie-ajustable-dorée-pierre-péridot/image-25.jpg (1920 bytes)
   🗑️  Supprimé: bague-fantaisie-ajustable-dorée-pierre-péridot/image-31.jpg (1724 bytes)
   🗑️  Supprimé: bague-fantaisie-ajustable-dorée-pierre-péridot/image-26.jpg (1699 bytes)
   🗑️  Supprimé: bague-fantaisie-ajustable-dorée-pierre-péridot/image-23.jpg (4734 bytes)
   🗑️  Supprimé: bague-fantaisie-ajustable-dorée-pierre-péridot/image-21.jpg (4868 bytes)
   🗑️  Supprimé: bague-fantaisie-ajustable-dorée-pierre-péridot/image-11.jpg (1516 bytes)
   🗑️  Supprimé: bague-fantaisie-ajustable-dorée-pierre-péridot/image-16.jpg (1695 bytes)
   🗑️  Supprimé: bague-fantaisie-ajustable-dorée-pierre-péridot/image-14.jpg (3628 bytes)
   🗑️  Supprimé: bague-fantaisie-ajustable-dorée-pierre-péridot/image-28.jpg (2050 bytes)
   🗑️  Supprimé: bague-fantaisie-ajustable-dorée-pierre-péridot/image-1.jpg (2031 bytes)
   🗑️  Supprimé: bague-argent-et-3-belles-pierres-en-lapis-lazuli/image-24.jpg (1699 bytes)
   🗑️  Supprimé: bague-argent-et-3-belles-pierres-en-lapis-lazuli/image-27.jpg (2050 bytes)
   🗑️  Supprimé: bague-argent-et-3-belles-pierres-en-lapis-lazuli/image-23.jpg (1920 bytes)
   🗑️  Supprimé: bague-argent-et-3-belles-pierres-en-lapis-lazuli/image-20.jpg (4734 bytes)
   🗑️  Supprimé: bague-argent-et-3-belles-pierres-en-lapis-lazuli/image-10.jpg (1516 bytes)
   🗑️  Supprimé: bague-argent-et-3-belles-pierres-en-lapis-lazuli/image-13.jpg (3628 bytes)
   🗑️  Supprimé: bague-argent-et-3-belles-pierres-en-lapis-lazuli/image-15.jpg (1695 bytes)
   🗑️  Supprimé: bague-argent-et-3-belles-pierres-en-lapis-lazuli/image-28.jpg (1724 bytes)
   🗑️  Supprimé: bague-argent-et-3-belles-pierres-en-lapis-lazuli/image-1.jpg (2031 bytes)
   🗑️  Supprimé: foulard-en-100soie-à-motifs-vert-bleu-et-fuchsia/image-8.jpg (1516 bytes)
   🗑️  Supprimé: foulard-en-100soie-à-motifs-vert-bleu-et-fuchsia/image-25.jpg (1699 bytes)
   🗑️  Supprimé: foulard-en-100soie-à-motifs-vert-bleu-et-fuchsia/image-24.jpg (1920 bytes)
   🗑️  Supprimé: foulard-en-100soie-à-motifs-vert-bleu-et-fuchsia/image-26.jpg (2050 bytes)
   🗑️  Supprimé: foulard-en-100soie-à-motifs-vert-bleu-et-fuchsia/image-27.jpg (1724 bytes)
   🗑️  Supprimé: foulard-en-100soie-à-motifs-vert-bleu-et-fuchsia/image-23.jpg (4734 bytes)
   🗑️  Supprimé: foulard-en-100soie-à-motifs-vert-bleu-et-fuchsia/image-10.jpg (3628 bytes)
   🗑️  Supprimé: foulard-en-100soie-à-motifs-vert-bleu-et-fuchsia/image-14.jpg (1695 bytes)
   🗑️  Supprimé: foulard-en-100soie-à-motifs-vert-bleu-et-fuchsia/image-2.jpg (2031 bytes)
   🗑️  Supprimé: collier-pendentif-ethnique-en-laiton/image-25.jpg (1920 bytes)
   🗑️  Supprimé: collier-pendentif-ethnique-en-laiton/image-30.jpg (4653 bytes)
   🗑️  Supprimé: collier-pendentif-ethnique-en-laiton/image-24.jpg (4734 bytes)
   🗑️  Supprimé: collier-pendentif-ethnique-en-laiton/image-26.jpg (1699 bytes)
   🗑️  Supprimé: collier-pendentif-ethnique-en-laiton/image-13.jpg (3628 bytes)
   🗑️  Supprimé: collier-pendentif-ethnique-en-laiton/image-29.jpg (1724 bytes)
   🗑️  Supprimé: collier-pendentif-ethnique-en-laiton/image-14.jpg (1695 bytes)
   🗑️  Supprimé: collier-pendentif-ethnique-en-laiton/image-28.jpg (2050 bytes)
   🗑️  Supprimé: collier-pendentif-ethnique-en-laiton/image-1.jpg (2031 bytes)
   🗑️  Supprimé: collier-pendentif-ethnique-en-laiton/image-7.jpg (1516 bytes)
   🗑️  Supprimé: sac-soie-bleu-rouge-pour-emporter-que-lessentiel/image-24.jpg (1699 bytes)
   🗑️  Supprimé: sac-soie-bleu-rouge-pour-emporter-que-lessentiel/image-27.jpg (2050 bytes)
   🗑️  Supprimé: sac-soie-bleu-rouge-pour-emporter-que-lessentiel/image-23.jpg (1920 bytes)
   🗑️  Supprimé: sac-soie-bleu-rouge-pour-emporter-que-lessentiel/image-21.jpg (4734 bytes)
   🗑️  Supprimé: sac-soie-bleu-rouge-pour-emporter-que-lessentiel/image-10.jpg (1516 bytes)
   🗑️  Supprimé: sac-soie-bleu-rouge-pour-emporter-que-lessentiel/image-17.jpg (1695 bytes)
   🗑️  Supprimé: sac-soie-bleu-rouge-pour-emporter-que-lessentiel/image-14.jpg (3628 bytes)
   🗑️  Supprimé: sac-soie-bleu-rouge-pour-emporter-que-lessentiel/image-28.jpg (1724 bytes)
   🗑️  Supprimé: sac-soie-bleu-rouge-pour-emporter-que-lessentiel/image-4.jpg (2031 bytes)
   🗑️  Supprimé: pic-à-cheveux-éléphant/image-24.jpg (1699 bytes)
   🗑️  Supprimé: pic-à-cheveux-éléphant/image-27.jpg (2050 bytes)
   🗑️  Supprimé: pic-à-cheveux-éléphant/image-23.jpg (1920 bytes)
   🗑️  Supprimé: pic-à-cheveux-éléphant/image-22.jpg (4734 bytes)
   🗑️  Supprimé: pic-à-cheveux-éléphant/image-12.jpg (1516 bytes)
   🗑️  Supprimé: pic-à-cheveux-éléphant/image-17.jpg (1695 bytes)
   🗑️  Supprimé: pic-à-cheveux-éléphant/image-14.jpg (3628 bytes)
   🗑️  Supprimé: pic-à-cheveux-éléphant/image-28.jpg (1724 bytes)
   🗑️  Supprimé: pic-à-cheveux-éléphant/image-2.jpg (2031 bytes)
   🗑️  Supprimé: bague-argent-pierre-turquoise/image-9.jpg (4482 bytes)
   🗑️  Supprimé: bague-argent-pierre-turquoise/image-31.jpg (4859 bytes)
   🗑️  Supprimé: bague-argent-pierre-turquoise/image-24.jpg (1699 bytes)
   🗑️  Supprimé: bague-argent-pierre-turquoise/image-26.jpg (2050 bytes)
   🗑️  Supprimé: bague-argent-pierre-turquoise/image-27.jpg (1724 bytes)
   🗑️  Supprimé: bague-argent-pierre-turquoise/image-23.jpg (1920 bytes)
   🗑️  Supprimé: bague-argent-pierre-turquoise/image-21.jpg (4734 bytes)
   🗑️  Supprimé: bague-argent-pierre-turquoise/image-11.jpg (1516 bytes)
   🗑️  Supprimé: bague-argent-pierre-turquoise/image-16.jpg (1695 bytes)
   🗑️  Supprimé: bague-argent-pierre-turquoise/image-29.jpg (4653 bytes)
   🗑️  Supprimé: bague-argent-pierre-turquoise/image-15.jpg (3628 bytes)
   🗑️  Supprimé: bague-argent-pierre-turquoise/image-1.jpg (2031 bytes)
   🗑️  Supprimé: bague-argent-ciselée-pierre-oeil-du-tigre/image-9.jpg (1516 bytes)
   🗑️  Supprimé: bague-argent-ciselée-pierre-oeil-du-tigre/image-25.jpg (1699 bytes)
   🗑️  Supprimé: bague-argent-ciselée-pierre-oeil-du-tigre/image-24.jpg (1920 bytes)
   🗑️  Supprimé: bague-argent-ciselée-pierre-oeil-du-tigre/image-27.jpg (2050 bytes)
   🗑️  Supprimé: bague-argent-ciselée-pierre-oeil-du-tigre/image-22.jpg (4734 bytes)
   🗑️  Supprimé: bague-argent-ciselée-pierre-oeil-du-tigre/image-13.jpg (1695 bytes)
   🗑️  Supprimé: bague-argent-ciselée-pierre-oeil-du-tigre/image-12.jpg (3628 bytes)
   🗑️  Supprimé: bague-argent-ciselée-pierre-oeil-du-tigre/image-28.jpg (1724 bytes)
   🗑️  Supprimé: bague-argent-ciselée-pierre-oeil-du-tigre/image-1.jpg (2031 bytes)
   🗑️  Supprimé: bague-argent-ciselée-pierre-oeil-du-tigre/image-6.jpg (4482 bytes)
   🗑️  Supprimé: boucles-doreilles-argent-topaze/image-24.jpg (1699 bytes)
   🗑️  Supprimé: boucles-doreilles-argent-topaze/image-26.jpg (2050 bytes)
   🗑️  Supprimé: boucles-doreilles-argent-topaze/image-27.jpg (1724 bytes)
   🗑️  Supprimé: boucles-doreilles-argent-topaze/image-23.jpg (1920 bytes)
   🗑️  Supprimé: boucles-doreilles-argent-topaze/image-22.jpg (4734 bytes)
   🗑️  Supprimé: boucles-doreilles-argent-topaze/image-10.jpg (1516 bytes)
   🗑️  Supprimé: boucles-doreilles-argent-topaze/image-13.jpg (1695 bytes)
   🗑️  Supprimé: boucles-doreilles-argent-topaze/image-12.jpg (3628 bytes)
   🗑️  Supprimé: boucles-doreilles-argent-topaze/image-29.jpg (4653 bytes)
   🗑️  Supprimé: boucles-doreilles-argent-topaze/image-1.jpg (2031 bytes)
   🗑️  Supprimé: créoles-en-argent-et-pierre-véritable-en-lapis-lazuli/image-8.jpg (1516 bytes)
   🗑️  Supprimé: créoles-en-argent-et-pierre-véritable-en-lapis-lazuli/image-25.jpg (1920 bytes)
   🗑️  Supprimé: créoles-en-argent-et-pierre-véritable-en-lapis-lazuli/image-30.jpg (1724 bytes)
   🗑️  Supprimé: créoles-en-argent-et-pierre-véritable-en-lapis-lazuli/image-26.jpg (1699 bytes)
   🗑️  Supprimé: créoles-en-argent-et-pierre-véritable-en-lapis-lazuli/image-22.jpg (4734 bytes)
   🗑️  Supprimé: créoles-en-argent-et-pierre-véritable-en-lapis-lazuli/image-13.jpg (3628 bytes)
   🗑️  Supprimé: créoles-en-argent-et-pierre-véritable-en-lapis-lazuli/image-29.jpg (2050 bytes)
   🗑️  Supprimé: créoles-en-argent-et-pierre-véritable-en-lapis-lazuli/image-14.jpg (1695 bytes)
   🗑️  Supprimé: créoles-en-argent-et-pierre-véritable-en-lapis-lazuli/image-1.jpg (2031 bytes)
   🗑️  Supprimé: bracelet-argent-pierres-naturelles-lapis-lazuli/image-8.jpg (1516 bytes)
   🗑️  Supprimé: bracelet-argent-pierres-naturelles-lapis-lazuli/image-31.jpg (4668 bytes)
   🗑️  Supprimé: bracelet-argent-pierres-naturelles-lapis-lazuli/image-24.jpg (2050 bytes)
   🗑️  Supprimé: bracelet-argent-pierres-naturelles-lapis-lazuli/image-26.jpg (1724 bytes)
   🗑️  Supprimé: bracelet-argent-pierres-naturelles-lapis-lazuli/image-23.jpg (1699 bytes)
   🗑️  Supprimé: bracelet-argent-pierres-naturelles-lapis-lazuli/image-22.jpg (1920 bytes)
   🗑️  Supprimé: bracelet-argent-pierres-naturelles-lapis-lazuli/image-21.jpg (4734 bytes)
   🗑️  Supprimé: bracelet-argent-pierres-naturelles-lapis-lazuli/image-13.jpg (1695 bytes)
   🗑️  Supprimé: bracelet-argent-pierres-naturelles-lapis-lazuli/image-12.jpg (3628 bytes)
   🗑️  Supprimé: bracelet-argent-pierres-naturelles-lapis-lazuli/image-1.jpg (2031 bytes)
   🗑️  Supprimé: bracelet-argent-en-pierre-lapis-lazuli/image-25.jpg (2050 bytes)
   🗑️  Supprimé: bracelet-argent-en-pierre-lapis-lazuli/image-24.jpg (1699 bytes)
   🗑️  Supprimé: bracelet-argent-en-pierre-lapis-lazuli/image-26.jpg (1724 bytes)
   🗑️  Supprimé: bracelet-argent-en-pierre-lapis-lazuli/image-23.jpg (1920 bytes)
   🗑️  Supprimé: bracelet-argent-en-pierre-lapis-lazuli/image-20.jpg (4734 bytes)
   🗑️  Supprimé: bracelet-argent-en-pierre-lapis-lazuli/image-21.jpg (4741 bytes)
   🗑️  Supprimé: bracelet-argent-en-pierre-lapis-lazuli/image-13.jpg (1695 bytes)
   🗑️  Supprimé: bracelet-argent-en-pierre-lapis-lazuli/image-12.jpg (3628 bytes)
   🗑️  Supprimé: bracelet-argent-en-pierre-lapis-lazuli/image-2.jpg (2031 bytes)
   🗑️  Supprimé: bracelet-argent-en-pierre-lapis-lazuli/image-7.jpg (1516 bytes)
   🗑️  Supprimé: boucles-doreille-tibétaines-en-laiton-colorées/image-25.jpg (4734 bytes)
   🗑️  Supprimé: boucles-doreille-tibétaines-en-laiton-colorées/image-31.jpg (1724 bytes)
   🗑️  Supprimé: boucles-doreille-tibétaines-en-laiton-colorées/image-19.jpg (1695 bytes)
   🗑️  Supprimé: boucles-doreille-tibétaines-en-laiton-colorées/image-18.jpg (3628 bytes)
   🗑️  Supprimé: boucles-doreille-tibétaines-en-laiton-colorées/image-27.jpg (1920 bytes)
   🗑️  Supprimé: boucles-doreille-tibétaines-en-laiton-colorées/image-29.jpg (2050 bytes)
   🗑️  Supprimé: boucles-doreille-tibétaines-en-laiton-colorées/image-14.jpg (1516 bytes)
   🗑️  Supprimé: boucles-doreille-tibétaines-en-laiton-colorées/image-28.jpg (1699 bytes)
   🗑️  Supprimé: boucles-doreille-tibétaines-en-laiton-colorées/image-2.jpg (2031 bytes)
   🗑️  Supprimé: bracelet-pierres-grandes-pierres-labradorite-avec-cordon-réglable/image-25.jpg (1699 bytes)
   🗑️  Supprimé: bracelet-pierres-grandes-pierres-labradorite-avec-cordon-réglable/image-24.jpg (1920 bytes)
   🗑️  Supprimé: bracelet-pierres-grandes-pierres-labradorite-avec-cordon-réglable/image-26.jpg (2050 bytes)
   🗑️  Supprimé: bracelet-pierres-grandes-pierres-labradorite-avec-cordon-réglable/image-23.jpg (4734 bytes)
   🗑️  Supprimé: bracelet-pierres-grandes-pierres-labradorite-avec-cordon-réglable/image-12.jpg (3628 bytes)
   🗑️  Supprimé: bracelet-pierres-grandes-pierres-labradorite-avec-cordon-réglable/image-15.jpg (1695 bytes)
   🗑️  Supprimé: bracelet-pierres-grandes-pierres-labradorite-avec-cordon-réglable/image-28.jpg (1724 bytes)
   🗑️  Supprimé: bracelet-pierres-grandes-pierres-labradorite-avec-cordon-réglable/image-2.jpg (2031 bytes)
   🗑️  Supprimé: bracelet-pierres-grandes-pierres-labradorite-avec-cordon-réglable/image-7.jpg (1516 bytes)
   🗑️  Supprimé: manchette-dorée-martelée-et-pierres-incrustées/image-25.jpg (1699 bytes)
   🗑️  Supprimé: manchette-dorée-martelée-et-pierres-incrustées/image-24.jpg (1920 bytes)
   🗑️  Supprimé: manchette-dorée-martelée-et-pierres-incrustées/image-32.jpg (4668 bytes)
   🗑️  Supprimé: manchette-dorée-martelée-et-pierres-incrustées/image-26.jpg (2050 bytes)
   🗑️  Supprimé: manchette-dorée-martelée-et-pierres-incrustées/image-22.jpg (4741 bytes)
   🗑️  Supprimé: manchette-dorée-martelée-et-pierres-incrustées/image-21.jpg (4734 bytes)
   🗑️  Supprimé: manchette-dorée-martelée-et-pierres-incrustées/image-10.jpg (3628 bytes)
   🗑️  Supprimé: manchette-dorée-martelée-et-pierres-incrustées/image-11.jpg (1695 bytes)
   🗑️  Supprimé: manchette-dorée-martelée-et-pierres-incrustées/image-29.jpg (1724 bytes)
   🗑️  Supprimé: manchette-dorée-martelée-et-pierres-incrustées/image-1.jpg (2031 bytes)
   🗑️  Supprimé: manchette-dorée-martelée-et-pierres-incrustées/image-5.jpg (1516 bytes)
   🗑️  Supprimé: boucles-doreilles-argent-en-pierre-de-lune/image-9.jpg (3628 bytes)
   🗑️  Supprimé: boucles-doreilles-argent-en-pierre-de-lune/image-25.jpg (2050 bytes)
   🗑️  Supprimé: boucles-doreilles-argent-en-pierre-de-lune/image-19.jpg (4734 bytes)
   🗑️  Supprimé: boucles-doreilles-argent-en-pierre-de-lune/image-26.jpg (1724 bytes)
   🗑️  Supprimé: boucles-doreilles-argent-en-pierre-de-lune/image-23.jpg (1699 bytes)
   🗑️  Supprimé: boucles-doreilles-argent-en-pierre-de-lune/image-22.jpg (1920 bytes)
   🗑️  Supprimé: boucles-doreilles-argent-en-pierre-de-lune/image-11.jpg (1695 bytes)
   🗑️  Supprimé: boucles-doreilles-argent-en-pierre-de-lune/image-29.jpg (4653 bytes)
   🗑️  Supprimé: boucles-doreilles-argent-en-pierre-de-lune/image-1.jpg (2031 bytes)
   🗑️  Supprimé: boucles-doreilles-argent-en-pierre-de-lune/image-6.jpg (4482 bytes)
   🗑️  Supprimé: boucles-doreilles-argent-en-pierre-de-lune/image-7.jpg (1516 bytes)
   🗑️  Supprimé: bracelet-argent-et-pierres-cornaline/image-25.jpg (1920 bytes)
   🗑️  Supprimé: bracelet-argent-et-pierres-cornaline/image-26.jpg (1699 bytes)
   🗑️  Supprimé: bracelet-argent-et-pierres-cornaline/image-23.jpg (4734 bytes)
   🗑️  Supprimé: bracelet-argent-et-pierres-cornaline/image-29.jpg (1724 bytes)
   🗑️  Supprimé: bracelet-argent-et-pierres-cornaline/image-15.jpg (1695 bytes)
   🗑️  Supprimé: bracelet-argent-et-pierres-cornaline/image-14.jpg (3628 bytes)
   🗑️  Supprimé: bracelet-argent-et-pierres-cornaline/image-28.jpg (2050 bytes)
   🗑️  Supprimé: bracelet-argent-et-pierres-cornaline/image-2.jpg (2031 bytes)
   🗑️  Supprimé: bracelet-argent-et-pierres-cornaline/image-7.jpg (1516 bytes)
   🗑️  Supprimé: bracelet-pierres-naturelles-en-pierre-de-lune-et-agate/image-19.jpg (4734 bytes)
   🗑️  Supprimé: bracelet-pierres-naturelles-en-pierre-de-lune-et-agate/image-26.jpg (1724 bytes)
   🗑️  Supprimé: bracelet-pierres-naturelles-en-pierre-de-lune-et-agate/image-23.jpg (2050 bytes)
   🗑️  Supprimé: bracelet-pierres-naturelles-en-pierre-de-lune-et-agate/image-22.jpg (1699 bytes)
   🗑️  Supprimé: bracelet-pierres-naturelles-en-pierre-de-lune-et-agate/image-21.jpg (1920 bytes)
   🗑️  Supprimé: bracelet-pierres-naturelles-en-pierre-de-lune-et-agate/image-10.jpg (3628 bytes)
   🗑️  Supprimé: bracelet-pierres-naturelles-en-pierre-de-lune-et-agate/image-11.jpg (1695 bytes)
   🗑️  Supprimé: bracelet-pierres-naturelles-en-pierre-de-lune-et-agate/image-1.jpg (2031 bytes)
   🗑️  Supprimé: bracelet-pierres-naturelles-en-pierre-de-lune-et-agate/image-6.jpg (1516 bytes)
   🗑️  Supprimé: bracelet-fleur-de-vie-en-laiton/image-9.jpg (1516 bytes)
   🗑️  Supprimé: bracelet-fleur-de-vie-en-laiton/image-25.jpg (2050 bytes)
   🗑️  Supprimé: bracelet-fleur-de-vie-en-laiton/image-31.jpg (4668 bytes)
   🗑️  Supprimé: bracelet-fleur-de-vie-en-laiton/image-24.jpg (1699 bytes)
   🗑️  Supprimé: bracelet-fleur-de-vie-en-laiton/image-27.jpg (1724 bytes)
   🗑️  Supprimé: bracelet-fleur-de-vie-en-laiton/image-23.jpg (1920 bytes)
   🗑️  Supprimé: bracelet-fleur-de-vie-en-laiton/image-22.jpg (4734 bytes)
   🗑️  Supprimé: bracelet-fleur-de-vie-en-laiton/image-13.jpg (3628 bytes)
   🗑️  Supprimé: bracelet-fleur-de-vie-en-laiton/image-14.jpg (1695 bytes)
   🗑️  Supprimé: bracelet-fleur-de-vie-en-laiton/image-1.jpg (2031 bytes)
   🗑️  Supprimé: bracelet-fin-petites-pierres-tourmaline/image-8.jpg (1516 bytes)
   🗑️  Supprimé: bracelet-fin-petites-pierres-tourmaline/image-25.jpg (1699 bytes)
   🗑️  Supprimé: bracelet-fin-petites-pierres-tourmaline/image-24.jpg (1920 bytes)
   🗑️  Supprimé: bracelet-fin-petites-pierres-tourmaline/image-32.jpg (4668 bytes)
   🗑️  Supprimé: bracelet-fin-petites-pierres-tourmaline/image-26.jpg (2050 bytes)
   🗑️  Supprimé: bracelet-fin-petites-pierres-tourmaline/image-22.jpg (4734 bytes)
   🗑️  Supprimé: bracelet-fin-petites-pierres-tourmaline/image-13.jpg (3628 bytes)
   🗑️  Supprimé: bracelet-fin-petites-pierres-tourmaline/image-14.jpg (1695 bytes)
   🗑️  Supprimé: bracelet-fin-petites-pierres-tourmaline/image-28.jpg (1724 bytes)
   🗑️  Supprimé: bracelet-fin-petites-pierres-tourmaline/image-2.jpg (2031 bytes)
   🗑️  Supprimé: bracelet-pierres-naturelles-oeil-du-tigre-rouge/image-8.jpg (3628 bytes)
   🗑️  Supprimé: bracelet-pierres-naturelles-oeil-du-tigre-rouge/image-25.jpg (1699 bytes)
   🗑️  Supprimé: bracelet-pierres-naturelles-oeil-du-tigre-rouge/image-24.jpg (1920 bytes)
   🗑️  Supprimé: bracelet-pierres-naturelles-oeil-du-tigre-rouge/image-27.jpg (2050 bytes)
   🗑️  Supprimé: bracelet-pierres-naturelles-oeil-du-tigre-rouge/image-22.jpg (4734 bytes)
   🗑️  Supprimé: bracelet-pierres-naturelles-oeil-du-tigre-rouge/image-12.jpg (1695 bytes)
   🗑️  Supprimé: bracelet-pierres-naturelles-oeil-du-tigre-rouge/image-29.jpg (1724 bytes)
   🗑️  Supprimé: bracelet-pierres-naturelles-oeil-du-tigre-rouge/image-1.jpg (2031 bytes)
   🗑️  Supprimé: bracelet-pierres-naturelles-oeil-du-tigre-rouge/image-4.jpg (1516 bytes)
   🗑️  Supprimé: bracelet-pierres-naturelles-en-jaspe/image-9.jpg (3628 bytes)
   🗑️  Supprimé: bracelet-pierres-naturelles-en-jaspe/image-24.jpg (1699 bytes)
   🗑️  Supprimé: bracelet-pierres-naturelles-en-jaspe/image-27.jpg (2050 bytes)
   🗑️  Supprimé: bracelet-pierres-naturelles-en-jaspe/image-23.jpg (1920 bytes)
   🗑️  Supprimé: bracelet-pierres-naturelles-en-jaspe/image-22.jpg (4734 bytes)
   🗑️  Supprimé: bracelet-pierres-naturelles-en-jaspe/image-12.jpg (1695 bytes)
   🗑️  Supprimé: bracelet-pierres-naturelles-en-jaspe/image-28.jpg (1724 bytes)
   🗑️  Supprimé: bracelet-pierres-naturelles-en-jaspe/image-1.jpg (2031 bytes)
   🗑️  Supprimé: bracelet-pierres-naturelles-en-jaspe/image-6.jpg (1516 bytes)
   🗑️  Supprimé: bracelet-argent-avec-pierre-onyx-noir/image-25.jpg (4734 bytes)
   🗑️  Supprimé: bracelet-argent-avec-pierre-onyx-noir/image-31.jpg (1724 bytes)
   🗑️  Supprimé: bracelet-argent-avec-pierre-onyx-noir/image-26.jpg (1920 bytes)
   🗑️  Supprimé: bracelet-argent-avec-pierre-onyx-noir/image-27.jpg (1699 bytes)
   🗑️  Supprimé: bracelet-argent-avec-pierre-onyx-noir/image-13.jpg (3628 bytes)
   🗑️  Supprimé: bracelet-argent-avec-pierre-onyx-noir/image-14.jpg (1695 bytes)
   🗑️  Supprimé: bracelet-argent-avec-pierre-onyx-noir/image-28.jpg (2050 bytes)
   🗑️  Supprimé: bracelet-argent-avec-pierre-onyx-noir/image-2.jpg (2031 bytes)
   🗑️  Supprimé: bracelet-argent-avec-pierre-onyx-noir/image-7.jpg (1516 bytes)
   🗑️  Supprimé: bracelet-pierres-7-chakras/image-25.jpg (2050 bytes)
   🗑️  Supprimé: bracelet-pierres-7-chakras/image-27.jpg (1724 bytes)
   🗑️  Supprimé: bracelet-pierres-7-chakras/image-23.jpg (1699 bytes)
   🗑️  Supprimé: bracelet-pierres-7-chakras/image-22.jpg (1920 bytes)
   🗑️  Supprimé: bracelet-pierres-7-chakras/image-21.jpg (4734 bytes)
   🗑️  Supprimé: bracelet-pierres-7-chakras/image-11.jpg (1516 bytes)
   🗑️  Supprimé: bracelet-pierres-7-chakras/image-12.jpg (3628 bytes)
   🗑️  Supprimé: bracelet-pierres-7-chakras/image-16.jpg (1695 bytes)
   🗑️  Supprimé: bracelet-pierres-7-chakras/image-2.jpg (2031 bytes)
   🗑️  Supprimé: bague-argent-infiniti/image-9.jpg (4482 bytes)
   🗑️  Supprimé: bague-argent-infiniti/image-25.jpg (1920 bytes)
   🗑️  Supprimé: bague-argent-infiniti/image-30.jpg (1724 bytes)
   🗑️  Supprimé: bague-argent-infiniti/image-26.jpg (1699 bytes)
   🗑️  Supprimé: bague-argent-infiniti/image-23.jpg (4734 bytes)
   🗑️  Supprimé: bague-argent-infiniti/image-10.jpg (1516 bytes)
   🗑️  Supprimé: bague-argent-infiniti/image-13.jpg (3628 bytes)
   🗑️  Supprimé: bague-argent-infiniti/image-29.jpg (2050 bytes)
   🗑️  Supprimé: bague-argent-infiniti/image-14.jpg (1695 bytes)
   🗑️  Supprimé: bague-argent-infiniti/image-1.jpg (2031 bytes)
   🗑️  Supprimé: boucle-doreille-argentée-avec-2-cercles-et-pierre-de-lune/image-25.jpg (1699 bytes)
   🗑️  Supprimé: boucle-doreille-argentée-avec-2-cercles-et-pierre-de-lune/image-30.jpg (1724 bytes)
   🗑️  Supprimé: boucle-doreille-argentée-avec-2-cercles-et-pierre-de-lune/image-24.jpg (1920 bytes)
   🗑️  Supprimé: boucle-doreille-argentée-avec-2-cercles-et-pierre-de-lune/image-27.jpg (2050 bytes)
   🗑️  Supprimé: boucle-doreille-argentée-avec-2-cercles-et-pierre-de-lune/image-23.jpg (4734 bytes)
   🗑️  Supprimé: boucle-doreille-argentée-avec-2-cercles-et-pierre-de-lune/image-20.jpg (4868 bytes)
   🗑️  Supprimé: boucle-doreille-argentée-avec-2-cercles-et-pierre-de-lune/image-10.jpg (1516 bytes)
   🗑️  Supprimé: boucle-doreille-argentée-avec-2-cercles-et-pierre-de-lune/image-15.jpg (1695 bytes)
   🗑️  Supprimé: boucle-doreille-argentée-avec-2-cercles-et-pierre-de-lune/image-14.jpg (3628 bytes)
   🗑️  Supprimé: boucle-doreille-argentée-avec-2-cercles-et-pierre-de-lune/image-1.jpg (2031 bytes)
   🗑️  Supprimé: boucle-doreille-argentée-avec-2-cercles-et-pierre-de-lune/image-5.jpg (4269 bytes)
   🗑️  Supprimé: bague-argent-brossé-calcédoine/image-9.jpg (1516 bytes)
   🗑️  Supprimé: bague-argent-brossé-calcédoine/image-25.jpg (1920 bytes)
   🗑️  Supprimé: bague-argent-brossé-calcédoine/image-26.jpg (1699 bytes)
   🗑️  Supprimé: bague-argent-brossé-calcédoine/image-23.jpg (4734 bytes)
   🗑️  Supprimé: bague-argent-brossé-calcédoine/image-13.jpg (3628 bytes)
   🗑️  Supprimé: bague-argent-brossé-calcédoine/image-29.jpg (1724 bytes)
   🗑️  Supprimé: bague-argent-brossé-calcédoine/image-14.jpg (1695 bytes)
   🗑️  Supprimé: bague-argent-brossé-calcédoine/image-28.jpg (2050 bytes)
   🗑️  Supprimé: bague-argent-brossé-calcédoine/image-2.jpg (2031 bytes)
   🗑️  Supprimé: bague-argent-brossé-calcédoine/image-7.jpg (4482 bytes)
   🗑️  Supprimé: bague-argent-sobre-avec-une-pierre-ovale-onyx-noir/image-8.jpg (4482 bytes)
   🗑️  Supprimé: bague-argent-sobre-avec-une-pierre-ovale-onyx-noir/image-31.jpg (4653 bytes)
   🗑️  Supprimé: bague-argent-sobre-avec-une-pierre-ovale-onyx-noir/image-30.jpg (1724 bytes)
   🗑️  Supprimé: bague-argent-sobre-avec-une-pierre-ovale-onyx-noir/image-26.jpg (1920 bytes)
   🗑️  Supprimé: bague-argent-sobre-avec-une-pierre-ovale-onyx-noir/image-27.jpg (1699 bytes)
   🗑️  Supprimé: bague-argent-sobre-avec-une-pierre-ovale-onyx-noir/image-23.jpg (4734 bytes)
   🗑️  Supprimé: bague-argent-sobre-avec-une-pierre-ovale-onyx-noir/image-10.jpg (1516 bytes)
   🗑️  Supprimé: bague-argent-sobre-avec-une-pierre-ovale-onyx-noir/image-11.jpg (3628 bytes)
   🗑️  Supprimé: bague-argent-sobre-avec-une-pierre-ovale-onyx-noir/image-12.jpg (1695 bytes)
   🗑️  Supprimé: bague-argent-sobre-avec-une-pierre-ovale-onyx-noir/image-29.jpg (2050 bytes)
   🗑️  Supprimé: bague-argent-sobre-avec-une-pierre-ovale-onyx-noir/image-1.jpg (2031 bytes)
   🗑️  Supprimé: sac-indien-en-tissus-petits-miroirs/image-8.jpg (1516 bytes)
   🗑️  Supprimé: sac-indien-en-tissus-petits-miroirs/image-26.jpg (2050 bytes)
   🗑️  Supprimé: sac-indien-en-tissus-petits-miroirs/image-27.jpg (1724 bytes)
   🗑️  Supprimé: sac-indien-en-tissus-petits-miroirs/image-23.jpg (1699 bytes)
   🗑️  Supprimé: sac-indien-en-tissus-petits-miroirs/image-22.jpg (1920 bytes)
   🗑️  Supprimé: sac-indien-en-tissus-petits-miroirs/image-20.jpg (4734 bytes)
   🗑️  Supprimé: sac-indien-en-tissus-petits-miroirs/image-11.jpg (3628 bytes)
   🗑️  Supprimé: sac-indien-en-tissus-petits-miroirs/image-12.jpg (1695 bytes)
   🗑️  Supprimé: sac-indien-en-tissus-petits-miroirs/image-2.jpg (2031 bytes)
   🗑️  Supprimé: collier-mala-perles-de-rudraksha-tete-de-bouddha-et-turquoise/image-25.jpg (1920 bytes)
   🗑️  Supprimé: collier-mala-perles-de-rudraksha-tete-de-bouddha-et-turquoise/image-31.jpg (1724 bytes)
   🗑️  Supprimé: collier-mala-perles-de-rudraksha-tete-de-bouddha-et-turquoise/image-26.jpg (1699 bytes)
   🗑️  Supprimé: collier-mala-perles-de-rudraksha-tete-de-bouddha-et-turquoise/image-22.jpg (4734 bytes)
   🗑️  Supprimé: collier-mala-perles-de-rudraksha-tete-de-bouddha-et-turquoise/image-20.jpg (4868 bytes)
   🗑️  Supprimé: collier-mala-perles-de-rudraksha-tete-de-bouddha-et-turquoise/image-11.jpg (1516 bytes)
   🗑️  Supprimé: collier-mala-perles-de-rudraksha-tete-de-bouddha-et-turquoise/image-16.jpg (1695 bytes)
   🗑️  Supprimé: collier-mala-perles-de-rudraksha-tete-de-bouddha-et-turquoise/image-29.jpg (2050 bytes)
   🗑️  Supprimé: collier-mala-perles-de-rudraksha-tete-de-bouddha-et-turquoise/image-15.jpg (3628 bytes)
   🗑️  Supprimé: collier-mala-perles-de-rudraksha-tete-de-bouddha-et-turquoise/image-1.jpg (2031 bytes)
   🗑️  Supprimé: bague-réglable-argentée-pierre-en-onyx-vert/image-9.jpg (1516 bytes)
   🗑️  Supprimé: bague-réglable-argentée-pierre-en-onyx-vert/image-25.jpg (1920 bytes)
   🗑️  Supprimé: bague-réglable-argentée-pierre-en-onyx-vert/image-27.jpg (1699 bytes)
   🗑️  Supprimé: bague-réglable-argentée-pierre-en-onyx-vert/image-22.jpg (4734 bytes)
   🗑️  Supprimé: bague-réglable-argentée-pierre-en-onyx-vert/image-13.jpg (1695 bytes)
   🗑️  Supprimé: bague-réglable-argentée-pierre-en-onyx-vert/image-12.jpg (3628 bytes)
   🗑️  Supprimé: bague-réglable-argentée-pierre-en-onyx-vert/image-29.jpg (1724 bytes)
   🗑️  Supprimé: bague-réglable-argentée-pierre-en-onyx-vert/image-28.jpg (2050 bytes)
   🗑️  Supprimé: bague-réglable-argentée-pierre-en-onyx-vert/image-1.jpg (2031 bytes)
   🗑️  Supprimé: bracelet-argent-avec-des-perles-rondes/image-9.jpg (8024 bytes)
   🗑️  Supprimé: bracelet-argent-avec-des-perles-rondes/image-8.jpg (6934 bytes)
   🗑️  Supprimé: bracelet-argent-avec-des-perles-rondes/image-25.jpg (5411 bytes)
   🗑️  Supprimé: bracelet-argent-avec-des-perles-rondes/image-31.jpg (8947 bytes)
   🗑️  Supprimé: bracelet-argent-avec-des-perles-rondes/image-19.jpg (8506 bytes)
   🗑️  Supprimé: bracelet-argent-avec-des-perles-rondes/image-18.jpg (5844 bytes)
   🗑️  Supprimé: bracelet-argent-avec-des-perles-rondes/image-30.jpg (1724 bytes)
   🗑️  Supprimé: bracelet-argent-avec-des-perles-rondes/image-24.jpg (4741 bytes)
   🗑️  Supprimé: bracelet-argent-avec-des-perles-rondes/image-32.jpg (4668 bytes)
   🗑️  Supprimé: bracelet-argent-avec-des-perles-rondes/image-26.jpg (1920 bytes)
   🗑️  Supprimé: bracelet-argent-avec-des-perles-rondes/image-27.jpg (1699 bytes)
   🗑️  Supprimé: bracelet-argent-avec-des-perles-rondes/image-23.jpg (4734 bytes)
   🗑️  Supprimé: bracelet-argent-avec-des-perles-rondes/image-22.jpg (6617 bytes)
   🗑️  Supprimé: bracelet-argent-avec-des-perles-rondes/image-20.jpg (8610 bytes)
   🗑️  Supprimé: bracelet-argent-avec-des-perles-rondes/image-21.jpg (7322 bytes)
   🗑️  Supprimé: bracelet-argent-avec-des-perles-rondes/image-10.jpg (21940 bytes)
   🗑️  Supprimé: bracelet-argent-avec-des-perles-rondes/image-11.jpg (8237 bytes)
   🗑️  Supprimé: bracelet-argent-avec-des-perles-rondes/image-13.jpg (3628 bytes)
   🗑️  Supprimé: bracelet-argent-avec-des-perles-rondes/image-12.jpg (26387 bytes)
   🗑️  Supprimé: bracelet-argent-avec-des-perles-rondes/image-16.jpg (6194 bytes)
   🗑️  Supprimé: bracelet-argent-avec-des-perles-rondes/image-17.jpg (8945 bytes)
   🗑️  Supprimé: bracelet-argent-avec-des-perles-rondes/image-29.jpg (12816 bytes)
   🗑️  Supprimé: bracelet-argent-avec-des-perles-rondes/image-15.jpg (6534 bytes)
   🗑️  Supprimé: bracelet-argent-avec-des-perles-rondes/image-14.jpg (1695 bytes)
   🗑️  Supprimé: bracelet-argent-avec-des-perles-rondes/image-28.jpg (2050 bytes)
   🗑️  Supprimé: bracelet-argent-avec-des-perles-rondes/image-1.jpg (2031 bytes)
   🗑️  Supprimé: bracelet-argent-avec-des-perles-rondes/image-3.jpg (27047 bytes)
   🗑️  Supprimé: bracelet-argent-avec-des-perles-rondes/image-2.jpg (5705 bytes)
   🗑️  Supprimé: bracelet-argent-avec-des-perles-rondes/image-6.jpg (6591 bytes)
   🗑️  Supprimé: bracelet-argent-avec-des-perles-rondes/image-7.jpg (1516 bytes)
   🗑️  Supprimé: bracelet-argent-avec-des-perles-rondes/image-5.jpg (14639 bytes)
   🗑️  Supprimé: bracelet-argent-avec-des-perles-rondes/image-4.jpg (12472 bytes)
   🗑️  Supprimé: boucles-doreilles-argent-améthyste/image-9.jpg (4482 bytes)
   🗑️  Supprimé: boucles-doreilles-argent-améthyste/image-25.jpg (1699 bytes)
   🗑️  Supprimé: boucles-doreilles-argent-améthyste/image-30.jpg (4653 bytes)
   🗑️  Supprimé: boucles-doreilles-argent-améthyste/image-24.jpg (1920 bytes)
   🗑️  Supprimé: boucles-doreilles-argent-améthyste/image-27.jpg (2050 bytes)
   🗑️  Supprimé: boucles-doreilles-argent-améthyste/image-21.jpg (4734 bytes)
   🗑️  Supprimé: boucles-doreilles-argent-améthyste/image-10.jpg (1516 bytes)
   🗑️  Supprimé: boucles-doreilles-argent-améthyste/image-13.jpg (1695 bytes)
   🗑️  Supprimé: boucles-doreilles-argent-améthyste/image-12.jpg (3628 bytes)
   🗑️  Supprimé: boucles-doreilles-argent-améthyste/image-28.jpg (1724 bytes)
   🗑️  Supprimé: boucles-doreilles-argent-améthyste/image-1.jpg (2031 bytes)
   🗑️  Supprimé: boucles-doreille-oeil-de-protection/image-9.jpg (1516 bytes)
   🗑️  Supprimé: boucles-doreille-oeil-de-protection/image-26.jpg (1699 bytes)
   🗑️  Supprimé: boucles-doreille-oeil-de-protection/image-27.jpg (2050 bytes)
   🗑️  Supprimé: boucles-doreille-oeil-de-protection/image-23.jpg (1920 bytes)
   🗑️  Supprimé: boucles-doreille-oeil-de-protection/image-21.jpg (4734 bytes)
   🗑️  Supprimé: boucles-doreille-oeil-de-protection/image-13.jpg (1695 bytes)
   🗑️  Supprimé: boucles-doreille-oeil-de-protection/image-12.jpg (3628 bytes)
   🗑️  Supprimé: boucles-doreille-oeil-de-protection/image-29.jpg (1724 bytes)
   🗑️  Supprimé: boucles-doreille-oeil-de-protection/image-2.jpg (2031 bytes)
   🗑️  Supprimé: boucles-doreilles-en-pierre-de-lune/image-31.jpg (1724 bytes)
   🗑️  Supprimé: boucles-doreilles-en-pierre-de-lune/image-19.jpg (1695 bytes)
   🗑️  Supprimé: boucles-doreilles-en-pierre-de-lune/image-18.jpg (3628 bytes)
   🗑️  Supprimé: boucles-doreilles-en-pierre-de-lune/image-24.jpg (4868 bytes)
   🗑️  Supprimé: boucles-doreilles-en-pierre-de-lune/image-26.jpg (4734 bytes)
   🗑️  Supprimé: boucles-doreilles-en-pierre-de-lune/image-27.jpg (1920 bytes)
   🗑️  Supprimé: boucles-doreilles-en-pierre-de-lune/image-16.jpg (1516 bytes)
   🗑️  Supprimé: boucles-doreilles-en-pierre-de-lune/image-29.jpg (2050 bytes)
   🗑️  Supprimé: boucles-doreilles-en-pierre-de-lune/image-28.jpg (1699 bytes)
   🗑️  Supprimé: boucles-doreilles-en-pierre-de-lune/image-2.jpg (2031 bytes)
   🗑️  Supprimé: collier-avec-une-pierre-en-quartz-bleu/image-25.jpg (1920 bytes)
   🗑️  Supprimé: collier-avec-une-pierre-en-quartz-bleu/image-31.jpg (1724 bytes)
   🗑️  Supprimé: collier-avec-une-pierre-en-quartz-bleu/image-26.jpg (1699 bytes)
   🗑️  Supprimé: collier-avec-une-pierre-en-quartz-bleu/image-23.jpg (4734 bytes)
   🗑️  Supprimé: collier-avec-une-pierre-en-quartz-bleu/image-11.jpg (1516 bytes)
   🗑️  Supprimé: collier-avec-une-pierre-en-quartz-bleu/image-16.jpg (3628 bytes)
   🗑️  Supprimé: collier-avec-une-pierre-en-quartz-bleu/image-17.jpg (1695 bytes)
   🗑️  Supprimé: collier-avec-une-pierre-en-quartz-bleu/image-29.jpg (2050 bytes)
   🗑️  Supprimé: collier-avec-une-pierre-en-quartz-bleu/image-3.jpg (4712 bytes)
   🗑️  Supprimé: collier-avec-une-pierre-en-quartz-bleu/image-2.jpg (2031 bytes)
   🗑️  Supprimé: collier-pierres-3mm-en-rhodonite/image-8.jpg (1516 bytes)
   🗑️  Supprimé: collier-pierres-3mm-en-rhodonite/image-24.jpg (2050 bytes)
   🗑️  Supprimé: collier-pierres-3mm-en-rhodonite/image-26.jpg (1724 bytes)
   🗑️  Supprimé: collier-pierres-3mm-en-rhodonite/image-22.jpg (1699 bytes)
   🗑️  Supprimé: collier-pierres-3mm-en-rhodonite/image-20.jpg (4734 bytes)
   🗑️  Supprimé: collier-pierres-3mm-en-rhodonite/image-21.jpg (1920 bytes)
   🗑️  Supprimé: collier-pierres-3mm-en-rhodonite/image-10.jpg (3628 bytes)
   🗑️  Supprimé: collier-pierres-3mm-en-rhodonite/image-11.jpg (1695 bytes)
   🗑️  Supprimé: collier-pierres-3mm-en-rhodonite/image-1.jpg (2031 bytes)
   🗑️  Supprimé: pochette-en-coton-noir-et-blanc/image-9.jpg (1516 bytes)
   🗑️  Supprimé: pochette-en-coton-noir-et-blanc/image-25.jpg (1724 bytes)
   🗑️  Supprimé: pochette-en-coton-noir-et-blanc/image-24.jpg (2050 bytes)
   🗑️  Supprimé: pochette-en-coton-noir-et-blanc/image-23.jpg (1699 bytes)
   🗑️  Supprimé: pochette-en-coton-noir-et-blanc/image-22.jpg (1920 bytes)
   🗑️  Supprimé: pochette-en-coton-noir-et-blanc/image-21.jpg (4734 bytes)
   🗑️  Supprimé: pochette-en-coton-noir-et-blanc/image-12.jpg (3628 bytes)
   🗑️  Supprimé: pochette-en-coton-noir-et-blanc/image-15.jpg (1695 bytes)
   🗑️  Supprimé: pochette-en-coton-noir-et-blanc/image-2.jpg (2031 bytes)
   🗑️  Supprimé: bracelet-argent-et-pierre-turquoise/image-9.jpg (1516 bytes)
   🗑️  Supprimé: bracelet-argent-et-pierre-turquoise/image-25.jpg (1920 bytes)
   🗑️  Supprimé: bracelet-argent-et-pierre-turquoise/image-31.jpg (4668 bytes)
   🗑️  Supprimé: bracelet-argent-et-pierre-turquoise/image-24.jpg (4734 bytes)
   🗑️  Supprimé: bracelet-argent-et-pierre-turquoise/image-26.jpg (1699 bytes)
   🗑️  Supprimé: bracelet-argent-et-pierre-turquoise/image-27.jpg (2050 bytes)
   🗑️  Supprimé: bracelet-argent-et-pierre-turquoise/image-16.jpg (1695 bytes)
   🗑️  Supprimé: bracelet-argent-et-pierre-turquoise/image-15.jpg (3628 bytes)
   🗑️  Supprimé: bracelet-argent-et-pierre-turquoise/image-28.jpg (1724 bytes)
   🗑️  Supprimé: bracelet-argent-et-pierre-turquoise/image-2.jpg (2031 bytes)
   🗑️  Supprimé: bracelet-pierres-naturelles-en-agate-nuance-bleue/image-25.jpg (1920 bytes)
   🗑️  Supprimé: bracelet-pierres-naturelles-en-agate-nuance-bleue/image-30.jpg (1724 bytes)
   🗑️  Supprimé: bracelet-pierres-naturelles-en-agate-nuance-bleue/image-26.jpg (1699 bytes)
   🗑️  Supprimé: bracelet-pierres-naturelles-en-agate-nuance-bleue/image-23.jpg (4734 bytes)
   🗑️  Supprimé: bracelet-pierres-naturelles-en-agate-nuance-bleue/image-13.jpg (3628 bytes)
   🗑️  Supprimé: bracelet-pierres-naturelles-en-agate-nuance-bleue/image-16.jpg (1695 bytes)
   🗑️  Supprimé: bracelet-pierres-naturelles-en-agate-nuance-bleue/image-29.jpg (2050 bytes)
   🗑️  Supprimé: bracelet-pierres-naturelles-en-agate-nuance-bleue/image-1.jpg (2031 bytes)
   🗑️  Supprimé: bracelet-pierres-naturelles-en-agate-nuance-bleue/image-7.jpg (1516 bytes)
   🗑️  Supprimé: boucles-doreille-argent-5-pierres-en-turquoise/image-31.jpg (4653 bytes)
   🗑️  Supprimé: boucles-doreille-argent-5-pierres-en-turquoise/image-30.jpg (1724 bytes)
   🗑️  Supprimé: boucles-doreille-argent-5-pierres-en-turquoise/image-24.jpg (4734 bytes)
   🗑️  Supprimé: boucles-doreille-argent-5-pierres-en-turquoise/image-26.jpg (1920 bytes)
   🗑️  Supprimé: boucles-doreille-argent-5-pierres-en-turquoise/image-27.jpg (1699 bytes)
   🗑️  Supprimé: boucles-doreille-argent-5-pierres-en-turquoise/image-13.jpg (1516 bytes)
   🗑️  Supprimé: boucles-doreille-argent-5-pierres-en-turquoise/image-16.jpg (1695 bytes)
   🗑️  Supprimé: boucles-doreille-argent-5-pierres-en-turquoise/image-29.jpg (2050 bytes)
   🗑️  Supprimé: boucles-doreille-argent-5-pierres-en-turquoise/image-15.jpg (3628 bytes)
   🗑️  Supprimé: boucles-doreille-argent-5-pierres-en-turquoise/image-1.jpg (2031 bytes)
   🗑️  Supprimé: bracelet-jonc-argente-avec-1-pierre-rubis-indien/image-8.jpg (1516 bytes)
   🗑️  Supprimé: bracelet-jonc-argente-avec-1-pierre-rubis-indien/image-25.jpg (1724 bytes)
   🗑️  Supprimé: bracelet-jonc-argente-avec-1-pierre-rubis-indien/image-31.jpg (4668 bytes)
   🗑️  Supprimé: bracelet-jonc-argente-avec-1-pierre-rubis-indien/image-24.jpg (2050 bytes)
   🗑️  Supprimé: bracelet-jonc-argente-avec-1-pierre-rubis-indien/image-23.jpg (1699 bytes)
   🗑️  Supprimé: bracelet-jonc-argente-avec-1-pierre-rubis-indien/image-22.jpg (1920 bytes)
   🗑️  Supprimé: bracelet-jonc-argente-avec-1-pierre-rubis-indien/image-20.jpg (4734 bytes)
   🗑️  Supprimé: bracelet-jonc-argente-avec-1-pierre-rubis-indien/image-11.jpg (3628 bytes)
   🗑️  Supprimé: bracelet-jonc-argente-avec-1-pierre-rubis-indien/image-12.jpg (1695 bytes)
   🗑️  Supprimé: bracelet-jonc-argente-avec-1-pierre-rubis-indien/image-1.jpg (2031 bytes)
   🗑️  Supprimé: chaine-en-argent-avec-15-perles-argent-tendance/image-8.jpg (1516 bytes)
   🗑️  Supprimé: chaine-en-argent-avec-15-perles-argent-tendance/image-25.jpg (1920 bytes)
   🗑️  Supprimé: chaine-en-argent-avec-15-perles-argent-tendance/image-30.jpg (1724 bytes)
   🗑️  Supprimé: chaine-en-argent-avec-15-perles-argent-tendance/image-24.jpg (4734 bytes)
   🗑️  Supprimé: chaine-en-argent-avec-15-perles-argent-tendance/image-26.jpg (1699 bytes)
   🗑️  Supprimé: chaine-en-argent-avec-15-perles-argent-tendance/image-13.jpg (3628 bytes)
   🗑️  Supprimé: chaine-en-argent-avec-15-perles-argent-tendance/image-29.jpg (2050 bytes)
   🗑️  Supprimé: chaine-en-argent-avec-15-perles-argent-tendance/image-14.jpg (1695 bytes)
   🗑️  Supprimé: chaine-en-argent-avec-15-perles-argent-tendance/image-1.jpg (2031 bytes)
   🗑️  Supprimé: collier-tibetain-en-pierres-de-turquoise-corail-et-lapis-lazuli/image-25.jpg (1699 bytes)
   🗑️  Supprimé: collier-tibetain-en-pierres-de-turquoise-corail-et-lapis-lazuli/image-19.jpg (4868 bytes)
   🗑️  Supprimé: collier-tibetain-en-pierres-de-turquoise-corail-et-lapis-lazuli/image-24.jpg (1920 bytes)
   🗑️  Supprimé: collier-tibetain-en-pierres-de-turquoise-corail-et-lapis-lazuli/image-27.jpg (2050 bytes)
   🗑️  Supprimé: collier-tibetain-en-pierres-de-turquoise-corail-et-lapis-lazuli/image-22.jpg (4734 bytes)
   🗑️  Supprimé: collier-tibetain-en-pierres-de-turquoise-corail-et-lapis-lazuli/image-12.jpg (1516 bytes)
   🗑️  Supprimé: collier-tibetain-en-pierres-de-turquoise-corail-et-lapis-lazuli/image-29.jpg (1724 bytes)
   🗑️  Supprimé: collier-tibetain-en-pierres-de-turquoise-corail-et-lapis-lazuli/image-15.jpg (1695 bytes)
   🗑️  Supprimé: collier-tibetain-en-pierres-de-turquoise-corail-et-lapis-lazuli/image-14.jpg (3628 bytes)
   🗑️  Supprimé: collier-tibetain-en-pierres-de-turquoise-corail-et-lapis-lazuli/image-1.jpg (2031 bytes)
   🗑️  Supprimé: boucle-doreille-3-créoles-et-pierre-en-péridot/image-25.jpg (1920 bytes)
   🗑️  Supprimé: boucle-doreille-3-créoles-et-pierre-en-péridot/image-24.jpg (4734 bytes)
   🗑️  Supprimé: boucle-doreille-3-créoles-et-pierre-en-péridot/image-26.jpg (1699 bytes)
   🗑️  Supprimé: boucle-doreille-3-créoles-et-pierre-en-péridot/image-27.jpg (2050 bytes)
   🗑️  Supprimé: boucle-doreille-3-créoles-et-pierre-en-péridot/image-12.jpg (3628 bytes)
   🗑️  Supprimé: boucle-doreille-3-créoles-et-pierre-en-péridot/image-14.jpg (1695 bytes)
   🗑️  Supprimé: boucle-doreille-3-créoles-et-pierre-en-péridot/image-28.jpg (1724 bytes)
   🗑️  Supprimé: boucle-doreille-3-créoles-et-pierre-en-péridot/image-1.jpg (2031 bytes)
   🗑️  Supprimé: boucle-doreille-3-créoles-et-pierre-en-péridot/image-7.jpg (1516 bytes)
   🗑️  Supprimé: bracelet-indien-argenté-pierre-corail/image-9.jpg (1516 bytes)
   🗑️  Supprimé: bracelet-indien-argenté-pierre-corail/image-25.jpg (2050 bytes)
   🗑️  Supprimé: bracelet-indien-argenté-pierre-corail/image-31.jpg (4668 bytes)
   🗑️  Supprimé: bracelet-indien-argenté-pierre-corail/image-27.jpg (1724 bytes)
   🗑️  Supprimé: bracelet-indien-argenté-pierre-corail/image-23.jpg (1699 bytes)
   🗑️  Supprimé: bracelet-indien-argenté-pierre-corail/image-22.jpg (1920 bytes)
   🗑️  Supprimé: bracelet-indien-argenté-pierre-corail/image-20.jpg (4734 bytes)
   🗑️  Supprimé: bracelet-indien-argenté-pierre-corail/image-15.jpg (1695 bytes)
   🗑️  Supprimé: bracelet-indien-argenté-pierre-corail/image-14.jpg (3628 bytes)
   🗑️  Supprimé: bracelet-indien-argenté-pierre-corail/image-2.jpg (2031 bytes)
   🗑️  Supprimé: boucles-doreilles-argent-pierre-améthyste-facettée/image-9.jpg (1516 bytes)
   🗑️  Supprimé: boucles-doreilles-argent-pierre-améthyste-facettée/image-25.jpg (1920 bytes)
   🗑️  Supprimé: boucles-doreilles-argent-pierre-améthyste-facettée/image-30.jpg (1724 bytes)
   🗑️  Supprimé: boucles-doreilles-argent-pierre-améthyste-facettée/image-24.jpg (4734 bytes)
   🗑️  Supprimé: boucles-doreilles-argent-pierre-améthyste-facettée/image-26.jpg (1699 bytes)
   🗑️  Supprimé: boucles-doreilles-argent-pierre-améthyste-facettée/image-15.jpg (1695 bytes)
   🗑️  Supprimé: boucles-doreilles-argent-pierre-améthyste-facettée/image-14.jpg (3628 bytes)
   🗑️  Supprimé: boucles-doreilles-argent-pierre-améthyste-facettée/image-28.jpg (2050 bytes)
   🗑️  Supprimé: boucles-doreilles-argent-pierre-améthyste-facettée/image-2.jpg (2031 bytes)
   🗑️  Supprimé: boucles-doreilles-argent-pierre-améthyste-facettée/image-7.jpg (4482 bytes)
   🗑️  Supprimé: boucles-doreilles-argent-pierre-de-lune/image-9.jpg (4482 bytes)
   🗑️  Supprimé: boucles-doreilles-argent-pierre-de-lune/image-25.jpg (1920 bytes)
   🗑️  Supprimé: boucles-doreilles-argent-pierre-de-lune/image-30.jpg (1724 bytes)
   🗑️  Supprimé: boucles-doreilles-argent-pierre-de-lune/image-26.jpg (1699 bytes)
   🗑️  Supprimé: boucles-doreilles-argent-pierre-de-lune/image-23.jpg (4734 bytes)
   🗑️  Supprimé: boucles-doreilles-argent-pierre-de-lune/image-10.jpg (1516 bytes)
   🗑️  Supprimé: boucles-doreilles-argent-pierre-de-lune/image-29.jpg (2050 bytes)
   🗑️  Supprimé: boucles-doreilles-argent-pierre-de-lune/image-15.jpg (1695 bytes)
   🗑️  Supprimé: boucles-doreilles-argent-pierre-de-lune/image-14.jpg (3628 bytes)
   🗑️  Supprimé: boucles-doreilles-argent-pierre-de-lune/image-1.jpg (2031 bytes)
   🗑️  Supprimé: chaine-de-chevilles-argentée-perles-de-turquoise/image-25.jpg (1920 bytes)
   🗑️  Supprimé: chaine-de-chevilles-argentée-perles-de-turquoise/image-31.jpg (1724 bytes)
   🗑️  Supprimé: chaine-de-chevilles-argentée-perles-de-turquoise/image-26.jpg (1699 bytes)
   🗑️  Supprimé: chaine-de-chevilles-argentée-perles-de-turquoise/image-23.jpg (4734 bytes)
   🗑️  Supprimé: chaine-de-chevilles-argentée-perles-de-turquoise/image-11.jpg (1516 bytes)
   🗑️  Supprimé: chaine-de-chevilles-argentée-perles-de-turquoise/image-13.jpg (3628 bytes)
   🗑️  Supprimé: chaine-de-chevilles-argentée-perles-de-turquoise/image-29.jpg (2050 bytes)
   🗑️  Supprimé: chaine-de-chevilles-argentée-perles-de-turquoise/image-14.jpg (1695 bytes)
   🗑️  Supprimé: chaine-de-chevilles-argentée-perles-de-turquoise/image-3.jpg (4712 bytes)
   🗑️  Supprimé: chaine-de-chevilles-argentée-perles-de-turquoise/image-2.jpg (2031 bytes)
   🗑️  Supprimé: bracelet-tibétain-en-perles/image-25.jpg (2050 bytes)
   🗑️  Supprimé: bracelet-tibétain-en-perles/image-24.jpg (1699 bytes)
   🗑️  Supprimé: bracelet-tibétain-en-perles/image-27.jpg (1724 bytes)
   🗑️  Supprimé: bracelet-tibétain-en-perles/image-23.jpg (1920 bytes)
   🗑️  Supprimé: bracelet-tibétain-en-perles/image-21.jpg (4734 bytes)
   🗑️  Supprimé: bracelet-tibétain-en-perles/image-13.jpg (1695 bytes)
   🗑️  Supprimé: bracelet-tibétain-en-perles/image-12.jpg (3628 bytes)
   🗑️  Supprimé: bracelet-tibétain-en-perles/image-2.jpg (2031 bytes)
   🗑️  Supprimé: bracelet-tibétain-en-perles/image-6.jpg (1516 bytes)
   🗑️  Supprimé: boucles-doreille-tibétaines-rondes-en-turquoise-et-lapis-lazuli/image-25.jpg (1920 bytes)
   🗑️  Supprimé: boucles-doreille-tibétaines-rondes-en-turquoise-et-lapis-lazuli/image-30.jpg (1724 bytes)
   🗑️  Supprimé: boucles-doreille-tibétaines-rondes-en-turquoise-et-lapis-lazuli/image-26.jpg (1699 bytes)
   🗑️  Supprimé: boucles-doreille-tibétaines-rondes-en-turquoise-et-lapis-lazuli/image-23.jpg (4734 bytes)
   🗑️  Supprimé: boucles-doreille-tibétaines-rondes-en-turquoise-et-lapis-lazuli/image-13.jpg (1516 bytes)
   🗑️  Supprimé: boucles-doreille-tibétaines-rondes-en-turquoise-et-lapis-lazuli/image-17.jpg (1695 bytes)
   🗑️  Supprimé: boucles-doreille-tibétaines-rondes-en-turquoise-et-lapis-lazuli/image-15.jpg (3628 bytes)
   🗑️  Supprimé: boucles-doreille-tibétaines-rondes-en-turquoise-et-lapis-lazuli/image-28.jpg (2050 bytes)
   🗑️  Supprimé: boucles-doreille-tibétaines-rondes-en-turquoise-et-lapis-lazuli/image-1.jpg (2031 bytes)
   🗑️  Supprimé: bracelet-argent-calcédoine-bleu-de-belles-grandes-pierres/image-9.jpg (1516 bytes)
   🗑️  Supprimé: bracelet-argent-calcédoine-bleu-de-belles-grandes-pierres/image-25.jpg (2050 bytes)
   🗑️  Supprimé: bracelet-argent-calcédoine-bleu-de-belles-grandes-pierres/image-24.jpg (1699 bytes)
   🗑️  Supprimé: bracelet-argent-calcédoine-bleu-de-belles-grandes-pierres/image-27.jpg (1724 bytes)
   🗑️  Supprimé: bracelet-argent-calcédoine-bleu-de-belles-grandes-pierres/image-23.jpg (1920 bytes)
   🗑️  Supprimé: bracelet-argent-calcédoine-bleu-de-belles-grandes-pierres/image-22.jpg (4741 bytes)
   🗑️  Supprimé: bracelet-argent-calcédoine-bleu-de-belles-grandes-pierres/image-21.jpg (4734 bytes)
   🗑️  Supprimé: bracelet-argent-calcédoine-bleu-de-belles-grandes-pierres/image-15.jpg (1695 bytes)
   🗑️  Supprimé: bracelet-argent-calcédoine-bleu-de-belles-grandes-pierres/image-14.jpg (3628 bytes)
   🗑️  Supprimé: bracelet-argent-calcédoine-bleu-de-belles-grandes-pierres/image-2.jpg (2031 bytes)
   🗑️  Supprimé: boucles-doreilles-argent-onyx-bleu/image-9.jpg (1516 bytes)
   🗑️  Supprimé: boucles-doreilles-argent-onyx-bleu/image-8.jpg (4482 bytes)
   🗑️  Supprimé: boucles-doreilles-argent-onyx-bleu/image-31.jpg (4653 bytes)
   🗑️  Supprimé: boucles-doreilles-argent-onyx-bleu/image-24.jpg (1699 bytes)
   🗑️  Supprimé: boucles-doreilles-argent-onyx-bleu/image-26.jpg (2050 bytes)
   🗑️  Supprimé: boucles-doreilles-argent-onyx-bleu/image-23.jpg (1920 bytes)
   🗑️  Supprimé: boucles-doreilles-argent-onyx-bleu/image-22.jpg (4734 bytes)
   🗑️  Supprimé: boucles-doreilles-argent-onyx-bleu/image-13.jpg (3628 bytes)
   🗑️  Supprimé: boucles-doreilles-argent-onyx-bleu/image-29.jpg (1724 bytes)
   🗑️  Supprimé: boucles-doreilles-argent-onyx-bleu/image-14.jpg (1695 bytes)
   🗑️  Supprimé: boucles-doreilles-argent-onyx-bleu/image-1.jpg (2031 bytes)
   🗑️  Supprimé: bracelet-pierre-onyx-noir-avec-cordon-ajustable/image-25.jpg (1699 bytes)
   🗑️  Supprimé: bracelet-pierre-onyx-noir-avec-cordon-ajustable/image-30.jpg (1724 bytes)
   🗑️  Supprimé: bracelet-pierre-onyx-noir-avec-cordon-ajustable/image-24.jpg (1920 bytes)
   🗑️  Supprimé: bracelet-pierre-onyx-noir-avec-cordon-ajustable/image-22.jpg (4734 bytes)
   🗑️  Supprimé: bracelet-pierre-onyx-noir-avec-cordon-ajustable/image-11.jpg (3628 bytes)
   🗑️  Supprimé: bracelet-pierre-onyx-noir-avec-cordon-ajustable/image-12.jpg (1695 bytes)
   🗑️  Supprimé: bracelet-pierre-onyx-noir-avec-cordon-ajustable/image-28.jpg (2050 bytes)
   🗑️  Supprimé: bracelet-pierre-onyx-noir-avec-cordon-ajustable/image-1.jpg (2031 bytes)
   🗑️  Supprimé: bracelet-pierre-onyx-noir-avec-cordon-ajustable/image-7.jpg (1516 bytes)
   🗑️  Supprimé: bracelet-pierres-jaspe-rouge-et-soleil-argent/image-9.jpg (1516 bytes)
   🗑️  Supprimé: bracelet-pierres-jaspe-rouge-et-soleil-argent/image-25.jpg (2050 bytes)
   🗑️  Supprimé: bracelet-pierres-jaspe-rouge-et-soleil-argent/image-26.jpg (1724 bytes)
   🗑️  Supprimé: bracelet-pierres-jaspe-rouge-et-soleil-argent/image-22.jpg (1699 bytes)
   🗑️  Supprimé: bracelet-pierres-jaspe-rouge-et-soleil-argent/image-20.jpg (4734 bytes)
   🗑️  Supprimé: bracelet-pierres-jaspe-rouge-et-soleil-argent/image-21.jpg (1920 bytes)
   🗑️  Supprimé: bracelet-pierres-jaspe-rouge-et-soleil-argent/image-13.jpg (3628 bytes)
   🗑️  Supprimé: bracelet-pierres-jaspe-rouge-et-soleil-argent/image-16.jpg (1695 bytes)
   🗑️  Supprimé: bracelet-pierres-jaspe-rouge-et-soleil-argent/image-2.jpg (2031 bytes)
   🗑️  Supprimé: collier-argent-smoky-topaze/image-8.jpg (1516 bytes)
   🗑️  Supprimé: collier-argent-smoky-topaze/image-31.jpg (4653 bytes)
   🗑️  Supprimé: collier-argent-smoky-topaze/image-24.jpg (1699 bytes)
   🗑️  Supprimé: collier-argent-smoky-topaze/image-27.jpg (2050 bytes)
   🗑️  Supprimé: collier-argent-smoky-topaze/image-23.jpg (1920 bytes)
   🗑️  Supprimé: collier-argent-smoky-topaze/image-20.jpg (4734 bytes)
   🗑️  Supprimé: collier-argent-smoky-topaze/image-10.jpg (3628 bytes)
   🗑️  Supprimé: collier-argent-smoky-topaze/image-12.jpg (1695 bytes)
   🗑️  Supprimé: collier-argent-smoky-topaze/image-28.jpg (1724 bytes)
   🗑️  Supprimé: collier-argent-smoky-topaze/image-2.jpg (2031 bytes)
   🗑️  Supprimé: collier-argent-smoky-topaze/image-7.jpg (4482 bytes)
   🗑️  Supprimé: etole-100-coton-bleu/image-25.jpg (2050 bytes)
   🗑️  Supprimé: etole-100-coton-bleu/image-24.jpg (1699 bytes)
   🗑️  Supprimé: etole-100-coton-bleu/image-27.jpg (1724 bytes)
   🗑️  Supprimé: etole-100-coton-bleu/image-23.jpg (1920 bytes)
   🗑️  Supprimé: etole-100-coton-bleu/image-21.jpg (4734 bytes)
   🗑️  Supprimé: etole-100-coton-bleu/image-10.jpg (1516 bytes)
   🗑️  Supprimé: etole-100-coton-bleu/image-17.jpg (1695 bytes)
   🗑️  Supprimé: etole-100-coton-bleu/image-14.jpg (3628 bytes)
   🗑️  Supprimé: etole-100-coton-bleu/image-2.jpg (2031 bytes)
   🗑️  Supprimé: collier-tibetain-en-corail-et-lapis-lazuli-et-une-perle-taillée/image-19.jpg (1695 bytes)
   🗑️  Supprimé: collier-tibetain-en-corail-et-lapis-lazuli-et-une-perle-taillée/image-18.jpg (3628 bytes)
   🗑️  Supprimé: collier-tibetain-en-corail-et-lapis-lazuli-et-une-perle-taillée/image-30.jpg (2050 bytes)
   🗑️  Supprimé: collier-tibetain-en-corail-et-lapis-lazuli-et-une-perle-taillée/image-32.jpg (1724 bytes)
   🗑️  Supprimé: collier-tibetain-en-corail-et-lapis-lazuli-et-une-perle-taillée/image-27.jpg (4734 bytes)
   🗑️  Supprimé: collier-tibetain-en-corail-et-lapis-lazuli-et-une-perle-taillée/image-29.jpg (1699 bytes)
   🗑️  Supprimé: collier-tibetain-en-corail-et-lapis-lazuli-et-une-perle-taillée/image-14.jpg (1516 bytes)
   🗑️  Supprimé: collier-tibetain-en-corail-et-lapis-lazuli-et-une-perle-taillée/image-28.jpg (1920 bytes)
   🗑️  Supprimé: collier-tibetain-en-corail-et-lapis-lazuli-et-une-perle-taillée/image-3.jpg (4712 bytes)
   🗑️  Supprimé: collier-tibetain-en-corail-et-lapis-lazuli-et-une-perle-taillée/image-2.jpg (2031 bytes)
   🗑️  Supprimé: pashmina-cachemire-et-soie-vert-motifs-éléphant/image-9.jpg (1516 bytes)
   🗑️  Supprimé: pashmina-cachemire-et-soie-vert-motifs-éléphant/image-25.jpg (2050 bytes)
   🗑️  Supprimé: pashmina-cachemire-et-soie-vert-motifs-éléphant/image-24.jpg (1699 bytes)
   🗑️  Supprimé: pashmina-cachemire-et-soie-vert-motifs-éléphant/image-27.jpg (1724 bytes)
   🗑️  Supprimé: pashmina-cachemire-et-soie-vert-motifs-éléphant/image-23.jpg (1920 bytes)
   🗑️  Supprimé: pashmina-cachemire-et-soie-vert-motifs-éléphant/image-21.jpg (4734 bytes)
   🗑️  Supprimé: pashmina-cachemire-et-soie-vert-motifs-éléphant/image-11.jpg (3628 bytes)
   🗑️  Supprimé: pashmina-cachemire-et-soie-vert-motifs-éléphant/image-13.jpg (1695 bytes)
   🗑️  Supprimé: pashmina-cachemire-et-soie-vert-motifs-éléphant/image-3.jpg (2031 bytes)
   🗑️  Supprimé: boucles-doreille-tibétaines-avec-pierres-en-cornaline-et-turquoise/image-9.jpg (1516 bytes)
   🗑️  Supprimé: boucles-doreille-tibétaines-avec-pierres-en-cornaline-et-turquoise/image-8.jpg (4482 bytes)
   🗑️  Supprimé: boucles-doreille-tibétaines-avec-pierres-en-cornaline-et-turquoise/image-18.jpg (4734 bytes)
   🗑️  Supprimé: boucles-doreille-tibétaines-avec-pierres-en-cornaline-et-turquoise/image-26.jpg (2050 bytes)
   🗑️  Supprimé: boucles-doreille-tibétaines-avec-pierres-en-cornaline-et-turquoise/image-27.jpg (1724 bytes)
   🗑️  Supprimé: boucles-doreille-tibétaines-avec-pierres-en-cornaline-et-turquoise/image-23.jpg (1699 bytes)
   🗑️  Supprimé: boucles-doreille-tibétaines-avec-pierres-en-cornaline-et-turquoise/image-22.jpg (1920 bytes)
   🗑️  Supprimé: boucles-doreille-tibétaines-avec-pierres-en-cornaline-et-turquoise/image-13.jpg (3628 bytes)
   🗑️  Supprimé: boucles-doreille-tibétaines-avec-pierres-en-cornaline-et-turquoise/image-14.jpg (1695 bytes)
   🗑️  Supprimé: boucles-doreille-tibétaines-avec-pierres-en-cornaline-et-turquoise/image-1.jpg (2031 bytes)
   🗑️  Supprimé: collier-argent-pierre-de-lune/image-25.jpg (1920 bytes)
   🗑️  Supprimé: collier-argent-pierre-de-lune/image-26.jpg (1699 bytes)
   🗑️  Supprimé: collier-argent-pierre-de-lune/image-27.jpg (2050 bytes)
   🗑️  Supprimé: collier-argent-pierre-de-lune/image-23.jpg (4734 bytes)
   🗑️  Supprimé: collier-argent-pierre-de-lune/image-10.jpg (1516 bytes)
   🗑️  Supprimé: collier-argent-pierre-de-lune/image-11.jpg (3628 bytes)
   🗑️  Supprimé: collier-argent-pierre-de-lune/image-12.jpg (1695 bytes)
   🗑️  Supprimé: collier-argent-pierre-de-lune/image-28.jpg (1724 bytes)
   🗑️  Supprimé: collier-argent-pierre-de-lune/image-1.jpg (2031 bytes)
   🗑️  Supprimé: boucles-doreille-argent-avec-pierre-naturelle-onyx-noir/image-9.jpg (6949 bytes)
   🗑️  Supprimé: boucles-doreille-argent-avec-pierre-naturelle-onyx-noir/image-8.jpg (8346 bytes)
   🗑️  Supprimé: boucles-doreille-argent-avec-pierre-naturelle-onyx-noir/image-25.jpg (1920 bytes)
   🗑️  Supprimé: boucles-doreille-argent-avec-pierre-naturelle-onyx-noir/image-31.jpg (18584 bytes)
   🗑️  Supprimé: boucles-doreille-argent-avec-pierre-naturelle-onyx-noir/image-19.jpg (5045 bytes)
   🗑️  Supprimé: boucles-doreille-argent-avec-pierre-naturelle-onyx-noir/image-18.jpg (7311 bytes)
   🗑️  Supprimé: boucles-doreille-argent-avec-pierre-naturelle-onyx-noir/image-30.jpg (11125 bytes)
   🗑️  Supprimé: boucles-doreille-argent-avec-pierre-naturelle-onyx-noir/image-24.jpg (5411 bytes)
   🗑️  Supprimé: boucles-doreille-argent-avec-pierre-naturelle-onyx-noir/image-32.jpg (7612 bytes)
   🗑️  Supprimé: boucles-doreille-argent-avec-pierre-naturelle-onyx-noir/image-26.jpg (1699 bytes)
   🗑️  Supprimé: boucles-doreille-argent-avec-pierre-naturelle-onyx-noir/image-27.jpg (2050 bytes)
   🗑️  Supprimé: boucles-doreille-argent-avec-pierre-naturelle-onyx-noir/image-23.jpg (4734 bytes)
   🗑️  Supprimé: boucles-doreille-argent-avec-pierre-naturelle-onyx-noir/image-22.jpg (11859 bytes)
   🗑️  Supprimé: boucles-doreille-argent-avec-pierre-naturelle-onyx-noir/image-20.jpg (8277 bytes)
   🗑️  Supprimé: boucles-doreille-argent-avec-pierre-naturelle-onyx-noir/image-21.jpg (6512 bytes)
   🗑️  Supprimé: boucles-doreille-argent-avec-pierre-naturelle-onyx-noir/image-10.jpg (4482 bytes)
   🗑️  Supprimé: boucles-doreille-argent-avec-pierre-naturelle-onyx-noir/image-11.jpg (5292 bytes)
   🗑️  Supprimé: boucles-doreille-argent-avec-pierre-naturelle-onyx-noir/image-13.jpg (6777 bytes)
   🗑️  Supprimé: boucles-doreille-argent-avec-pierre-naturelle-onyx-noir/image-12.jpg (1516 bytes)
   🗑️  Supprimé: boucles-doreille-argent-avec-pierre-naturelle-onyx-noir/image-16.jpg (3628 bytes)
   🗑️  Supprimé: boucles-doreille-argent-avec-pierre-naturelle-onyx-noir/image-17.jpg (1695 bytes)
   🗑️  Supprimé: boucles-doreille-argent-avec-pierre-naturelle-onyx-noir/image-29.jpg (7473 bytes)
   🗑️  Supprimé: boucles-doreille-argent-avec-pierre-naturelle-onyx-noir/image-15.jpg (9124 bytes)
   🗑️  Supprimé: boucles-doreille-argent-avec-pierre-naturelle-onyx-noir/image-14.jpg (10629 bytes)
   🗑️  Supprimé: boucles-doreille-argent-avec-pierre-naturelle-onyx-noir/image-28.jpg (1724 bytes)
   🗑️  Supprimé: boucles-doreille-argent-avec-pierre-naturelle-onyx-noir/image-1.jpg (2031 bytes)
   🗑️  Supprimé: boucles-doreille-argent-avec-pierre-naturelle-onyx-noir/image-3.jpg (11052 bytes)
   🗑️  Supprimé: boucles-doreille-argent-avec-pierre-naturelle-onyx-noir/image-2.jpg (7054 bytes)
   🗑️  Supprimé: boucles-doreille-argent-avec-pierre-naturelle-onyx-noir/image-6.jpg (14639 bytes)
   🗑️  Supprimé: boucles-doreille-argent-avec-pierre-naturelle-onyx-noir/image-7.jpg (8932 bytes)
   🗑️  Supprimé: boucles-doreille-argent-avec-pierre-naturelle-onyx-noir/image-5.jpg (8006 bytes)
   🗑️  Supprimé: boucles-doreille-argent-avec-pierre-naturelle-onyx-noir/image-4.jpg (11630 bytes)
   🗑️  Supprimé: foulard-en-100soie-à-motifs-orange-et-fuchsia/image-9.jpg (1516 bytes)
   🗑️  Supprimé: foulard-en-100soie-à-motifs-orange-et-fuchsia/image-26.jpg (2050 bytes)
   🗑️  Supprimé: foulard-en-100soie-à-motifs-orange-et-fuchsia/image-27.jpg (1724 bytes)
   🗑️  Supprimé: foulard-en-100soie-à-motifs-orange-et-fuchsia/image-23.jpg (1699 bytes)
   🗑️  Supprimé: foulard-en-100soie-à-motifs-orange-et-fuchsia/image-22.jpg (1920 bytes)
   🗑️  Supprimé: foulard-en-100soie-à-motifs-orange-et-fuchsia/image-20.jpg (4734 bytes)
   🗑️  Supprimé: foulard-en-100soie-à-motifs-orange-et-fuchsia/image-13.jpg (3628 bytes)
   🗑️  Supprimé: foulard-en-100soie-à-motifs-orange-et-fuchsia/image-15.jpg (1695 bytes)
   🗑️  Supprimé: foulard-en-100soie-à-motifs-orange-et-fuchsia/image-2.jpg (2031 bytes)
   🗑️  Supprimé: bracelet-argent-amethyste/image-9.jpg (1695 bytes)
   🗑️  Supprimé: bracelet-argent-amethyste/image-8.jpg (3628 bytes)
   🗑️  Supprimé: bracelet-argent-amethyste/image-25.jpg (2050 bytes)
   🗑️  Supprimé: bracelet-argent-amethyste/image-24.jpg (1699 bytes)
   🗑️  Supprimé: bracelet-argent-amethyste/image-23.jpg (1920 bytes)
   🗑️  Supprimé: bracelet-argent-amethyste/image-22.jpg (4734 bytes)
   🗑️  Supprimé: bracelet-argent-amethyste/image-28.jpg (1724 bytes)
   🗑️  Supprimé: bracelet-argent-amethyste/image-1.jpg (2031 bytes)
   🗑️  Supprimé: bracelet-argent-amethyste/image-6.jpg (1516 bytes)
   🗑️  Supprimé: clous-doreilles-argent-onyx-vert/image-25.jpg (1699 bytes)
   🗑️  Supprimé: clous-doreilles-argent-onyx-vert/image-24.jpg (1920 bytes)
   🗑️  Supprimé: clous-doreilles-argent-onyx-vert/image-21.jpg (4734 bytes)
   🗑️  Supprimé: clous-doreilles-argent-onyx-vert/image-10.jpg (3628 bytes)
   🗑️  Supprimé: clous-doreilles-argent-onyx-vert/image-11.jpg (1695 bytes)
   🗑️  Supprimé: clous-doreilles-argent-onyx-vert/image-29.jpg (1724 bytes)
   🗑️  Supprimé: clous-doreilles-argent-onyx-vert/image-28.jpg (2050 bytes)
   🗑️  Supprimé: clous-doreilles-argent-onyx-vert/image-1.jpg (2031 bytes)
   🗑️  Supprimé: clous-doreilles-argent-onyx-vert/image-6.jpg (1516 bytes)
   🗑️  Supprimé: bracelet-argent-onyx-noir/image-8.jpg (1516 bytes)
   🗑️  Supprimé: bracelet-argent-onyx-noir/image-25.jpg (1699 bytes)
   🗑️  Supprimé: bracelet-argent-onyx-noir/image-24.jpg (1920 bytes)
   🗑️  Supprimé: bracelet-argent-onyx-noir/image-26.jpg (2050 bytes)
   🗑️  Supprimé: bracelet-argent-onyx-noir/image-27.jpg (1724 bytes)
   🗑️  Supprimé: bracelet-argent-onyx-noir/image-22.jpg (4734 bytes)
   🗑️  Supprimé: bracelet-argent-onyx-noir/image-16.jpg (1695 bytes)
   🗑️  Supprimé: bracelet-argent-onyx-noir/image-15.jpg (3628 bytes)
   🗑️  Supprimé: bracelet-argent-onyx-noir/image-1.jpg (2031 bytes)
   🗑️  Supprimé: bracelet-pierres-naturelles-agate-vert-nuancé/image-25.jpg (2050 bytes)
   🗑️  Supprimé: bracelet-pierres-naturelles-agate-vert-nuancé/image-24.jpg (1699 bytes)
   🗑️  Supprimé: bracelet-pierres-naturelles-agate-vert-nuancé/image-27.jpg (1724 bytes)
   🗑️  Supprimé: bracelet-pierres-naturelles-agate-vert-nuancé/image-23.jpg (1920 bytes)
   🗑️  Supprimé: bracelet-pierres-naturelles-agate-vert-nuancé/image-21.jpg (4734 bytes)
   🗑️  Supprimé: bracelet-pierres-naturelles-agate-vert-nuancé/image-11.jpg (3628 bytes)
   🗑️  Supprimé: bracelet-pierres-naturelles-agate-vert-nuancé/image-12.jpg (1695 bytes)
   🗑️  Supprimé: bracelet-pierres-naturelles-agate-vert-nuancé/image-1.jpg (2031 bytes)
   🗑️  Supprimé: bracelet-pierres-naturelles-agate-vert-nuancé/image-6.jpg (1516 bytes)
   🗑️  Supprimé: foulard-en-100soie-à-motifs-marron-orange-et-blanc/image-25.jpg (1699 bytes)
   🗑️  Supprimé: foulard-en-100soie-à-motifs-marron-orange-et-blanc/image-18.jpg (1695 bytes)
   🗑️  Supprimé: foulard-en-100soie-à-motifs-marron-orange-et-blanc/image-24.jpg (1920 bytes)
   🗑️  Supprimé: foulard-en-100soie-à-motifs-marron-orange-et-blanc/image-26.jpg (2050 bytes)
   🗑️  Supprimé: foulard-en-100soie-à-motifs-marron-orange-et-blanc/image-23.jpg (4734 bytes)
   🗑️  Supprimé: foulard-en-100soie-à-motifs-marron-orange-et-blanc/image-13.jpg (1516 bytes)
   🗑️  Supprimé: foulard-en-100soie-à-motifs-marron-orange-et-blanc/image-16.jpg (3628 bytes)
   🗑️  Supprimé: foulard-en-100soie-à-motifs-marron-orange-et-blanc/image-28.jpg (1724 bytes)
   🗑️  Supprimé: foulard-en-100soie-à-motifs-marron-orange-et-blanc/image-5.jpg (2031 bytes)
   🗑️  Supprimé: boucles-doreilles-argent-pierre-en-pierre-de-lune/image-9.jpg (1516 bytes)
   🗑️  Supprimé: boucles-doreilles-argent-pierre-en-pierre-de-lune/image-30.jpg (1724 bytes)
   🗑️  Supprimé: boucles-doreilles-argent-pierre-en-pierre-de-lune/image-26.jpg (1920 bytes)
   🗑️  Supprimé: boucles-doreilles-argent-pierre-en-pierre-de-lune/image-27.jpg (1699 bytes)
   🗑️  Supprimé: boucles-doreilles-argent-pierre-en-pierre-de-lune/image-23.jpg (4734 bytes)
   🗑️  Supprimé: boucles-doreilles-argent-pierre-en-pierre-de-lune/image-16.jpg (3628 bytes)
   🗑️  Supprimé: boucles-doreilles-argent-pierre-en-pierre-de-lune/image-17.jpg (1695 bytes)
   🗑️  Supprimé: boucles-doreilles-argent-pierre-en-pierre-de-lune/image-29.jpg (2050 bytes)
   🗑️  Supprimé: boucles-doreilles-argent-pierre-en-pierre-de-lune/image-1.jpg (2031 bytes)
   🗑️  Supprimé: bracelet-pierres-naturelles-multi-color/image-24.jpg (1699 bytes)
   🗑️  Supprimé: bracelet-pierres-naturelles-multi-color/image-26.jpg (2050 bytes)
   🗑️  Supprimé: bracelet-pierres-naturelles-multi-color/image-23.jpg (1920 bytes)
   🗑️  Supprimé: bracelet-pierres-naturelles-multi-color/image-21.jpg (4734 bytes)
   🗑️  Supprimé: bracelet-pierres-naturelles-multi-color/image-11.jpg (3628 bytes)
   🗑️  Supprimé: bracelet-pierres-naturelles-multi-color/image-12.jpg (1695 bytes)
   🗑️  Supprimé: bracelet-pierres-naturelles-multi-color/image-28.jpg (1724 bytes)
   🗑️  Supprimé: bracelet-pierres-naturelles-multi-color/image-2.jpg (2031 bytes)
   🗑️  Supprimé: bracelet-pierres-naturelles-multi-color/image-7.jpg (1516 bytes)
   🗑️  Supprimé: boucles-doreilles-argent-cornaline/image-25.jpg (1699 bytes)
   🗑️  Supprimé: boucles-doreilles-argent-cornaline/image-24.jpg (1920 bytes)
   🗑️  Supprimé: boucles-doreilles-argent-cornaline/image-26.jpg (2050 bytes)
   🗑️  Supprimé: boucles-doreilles-argent-cornaline/image-27.jpg (1724 bytes)
   🗑️  Supprimé: boucles-doreilles-argent-cornaline/image-22.jpg (4734 bytes)
   🗑️  Supprimé: boucles-doreilles-argent-cornaline/image-11.jpg (1516 bytes)
   🗑️  Supprimé: boucles-doreilles-argent-cornaline/image-15.jpg (1695 bytes)
   🗑️  Supprimé: boucles-doreilles-argent-cornaline/image-14.jpg (3628 bytes)
   🗑️  Supprimé: boucles-doreilles-argent-cornaline/image-28.jpg (4653 bytes)
   🗑️  Supprimé: boucles-doreilles-argent-cornaline/image-2.jpg (2031 bytes)
   🗑️  Supprimé: bague-argent-et-laiton-anneaux-anti-stresse/image-25.jpg (2050 bytes)
   🗑️  Supprimé: bague-argent-et-laiton-anneaux-anti-stresse/image-18.jpg (4734 bytes)
   🗑️  Supprimé: bague-argent-et-laiton-anneaux-anti-stresse/image-26.jpg (1724 bytes)
   🗑️  Supprimé: bague-argent-et-laiton-anneaux-anti-stresse/image-27.jpg (4562 bytes)
   🗑️  Supprimé: bague-argent-et-laiton-anneaux-anti-stresse/image-22.jpg (1699 bytes)
   🗑️  Supprimé: bague-argent-et-laiton-anneaux-anti-stresse/image-21.jpg (1920 bytes)
   🗑️  Supprimé: bague-argent-et-laiton-anneaux-anti-stresse/image-10.jpg (3628 bytes)
   🗑️  Supprimé: bague-argent-et-laiton-anneaux-anti-stresse/image-11.jpg (1695 bytes)
   🗑️  Supprimé: bague-argent-et-laiton-anneaux-anti-stresse/image-28.jpg (4653 bytes)
   🗑️  Supprimé: bague-argent-et-laiton-anneaux-anti-stresse/image-1.jpg (2031 bytes)
   🗑️  Supprimé: bague-argent-et-laiton-anneaux-anti-stresse/image-6.jpg (4482 bytes)
   🗑️  Supprimé: bague-argent-et-laiton-anneaux-anti-stresse/image-7.jpg (1516 bytes)
   🗑️  Supprimé: etole-verte-à-frise-motifs-cachemire-matière-naturelle-et-végétale/image-24.jpg (1699 bytes)
   🗑️  Supprimé: etole-verte-à-frise-motifs-cachemire-matière-naturelle-et-végétale/image-27.jpg (2050 bytes)
   🗑️  Supprimé: etole-verte-à-frise-motifs-cachemire-matière-naturelle-et-végétale/image-23.jpg (1920 bytes)
   🗑️  Supprimé: etole-verte-à-frise-motifs-cachemire-matière-naturelle-et-végétale/image-22.jpg (4734 bytes)
   🗑️  Supprimé: etole-verte-à-frise-motifs-cachemire-matière-naturelle-et-végétale/image-13.jpg (1516 bytes)
   🗑️  Supprimé: etole-verte-à-frise-motifs-cachemire-matière-naturelle-et-végétale/image-16.jpg (3628 bytes)
   🗑️  Supprimé: etole-verte-à-frise-motifs-cachemire-matière-naturelle-et-végétale/image-17.jpg (1695 bytes)
   🗑️  Supprimé: etole-verte-à-frise-motifs-cachemire-matière-naturelle-et-végétale/image-28.jpg (1724 bytes)
   🗑️  Supprimé: etole-verte-à-frise-motifs-cachemire-matière-naturelle-et-végétale/image-4.jpg (2031 bytes)
   🗑️  Supprimé: bracelet-pierres-naturelles-jaspe/image-8.jpg (1516 bytes)
   🗑️  Supprimé: bracelet-pierres-naturelles-jaspe/image-26.jpg (2050 bytes)
   🗑️  Supprimé: bracelet-pierres-naturelles-jaspe/image-23.jpg (1699 bytes)
   🗑️  Supprimé: bracelet-pierres-naturelles-jaspe/image-22.jpg (1920 bytes)
   🗑️  Supprimé: bracelet-pierres-naturelles-jaspe/image-21.jpg (4734 bytes)
   🗑️  Supprimé: bracelet-pierres-naturelles-jaspe/image-11.jpg (3628 bytes)
   🗑️  Supprimé: bracelet-pierres-naturelles-jaspe/image-29.jpg (1724 bytes)
   🗑️  Supprimé: bracelet-pierres-naturelles-jaspe/image-14.jpg (1695 bytes)
   🗑️  Supprimé: bracelet-pierres-naturelles-jaspe/image-1.jpg (2031 bytes)
   🗑️  Supprimé: chiffon-spécial-argent/image-8.jpg (4482 bytes)
   🗑️  Supprimé: chiffon-spécial-argent/image-25.jpg (1699 bytes)
   🗑️  Supprimé: chiffon-spécial-argent/image-30.jpg (4653 bytes)
   🗑️  Supprimé: chiffon-spécial-argent/image-24.jpg (1920 bytes)
   🗑️  Supprimé: chiffon-spécial-argent/image-27.jpg (2050 bytes)
   🗑️  Supprimé: chiffon-spécial-argent/image-23.jpg (4734 bytes)
   🗑️  Supprimé: chiffon-spécial-argent/image-10.jpg (1516 bytes)
   🗑️  Supprimé: chiffon-spécial-argent/image-13.jpg (3628 bytes)
   🗑️  Supprimé: chiffon-spécial-argent/image-14.jpg (1695 bytes)
   🗑️  Supprimé: chiffon-spécial-argent/image-28.jpg (1724 bytes)
   🗑️  Supprimé: chiffon-spécial-argent/image-1.jpg (2031 bytes)
   🗑️  Supprimé: foulard-bandana-bleu/image-25.jpg (1699 bytes)
   🗑️  Supprimé: foulard-bandana-bleu/image-19.jpg (1695 bytes)
   🗑️  Supprimé: foulard-bandana-bleu/image-18.jpg (3628 bytes)
   🗑️  Supprimé: foulard-bandana-bleu/image-24.jpg (1920 bytes)
   🗑️  Supprimé: foulard-bandana-bleu/image-27.jpg (2050 bytes)
   🗑️  Supprimé: foulard-bandana-bleu/image-23.jpg (4734 bytes)
   🗑️  Supprimé: foulard-bandana-bleu/image-15.jpg (1516 bytes)
   🗑️  Supprimé: foulard-bandana-bleu/image-28.jpg (1724 bytes)
   🗑️  Supprimé: foulard-bandana-bleu/image-5.jpg (2031 bytes)
   🗑️  Supprimé: chaine-de-chevilles-argentée-coeur/image-8.jpg (1516 bytes)
   🗑️  Supprimé: chaine-de-chevilles-argentée-coeur/image-19.jpg (4734 bytes)
   🗑️  Supprimé: chaine-de-chevilles-argentée-coeur/image-24.jpg (1699 bytes)
   🗑️  Supprimé: chaine-de-chevilles-argentée-coeur/image-27.jpg (2050 bytes)
   🗑️  Supprimé: chaine-de-chevilles-argentée-coeur/image-23.jpg (1920 bytes)
   🗑️  Supprimé: chaine-de-chevilles-argentée-coeur/image-13.jpg (3628 bytes)
   🗑️  Supprimé: chaine-de-chevilles-argentée-coeur/image-14.jpg (1695 bytes)
   🗑️  Supprimé: chaine-de-chevilles-argentée-coeur/image-28.jpg (1724 bytes)
   🗑️  Supprimé: chaine-de-chevilles-argentée-coeur/image-1.jpg (2031 bytes)
   🗑️  Supprimé: bracelet-1-rang-pierres-larimar-sur-fil-noir/image-9.jpg (1516 bytes)
   🗑️  Supprimé: bracelet-1-rang-pierres-larimar-sur-fil-noir/image-25.jpg (1699 bytes)
   🗑️  Supprimé: bracelet-1-rang-pierres-larimar-sur-fil-noir/image-24.jpg (1920 bytes)
   🗑️  Supprimé: bracelet-1-rang-pierres-larimar-sur-fil-noir/image-32.jpg (4668 bytes)
   🗑️  Supprimé: bracelet-1-rang-pierres-larimar-sur-fil-noir/image-26.jpg (2050 bytes)
   🗑️  Supprimé: bracelet-1-rang-pierres-larimar-sur-fil-noir/image-27.jpg (1724 bytes)
   🗑️  Supprimé: bracelet-1-rang-pierres-larimar-sur-fil-noir/image-23.jpg (4734 bytes)
   🗑️  Supprimé: bracelet-1-rang-pierres-larimar-sur-fil-noir/image-13.jpg (1695 bytes)
   🗑️  Supprimé: bracelet-1-rang-pierres-larimar-sur-fil-noir/image-12.jpg (3628 bytes)
   🗑️  Supprimé: bracelet-1-rang-pierres-larimar-sur-fil-noir/image-2.jpg (2031 bytes)
   🗑️  Supprimé: bracelet-tibetain-argenté-pierre-turquoise-corail-tête-de-bouddha/image-8.jpg (1516 bytes)
   🗑️  Supprimé: bracelet-tibetain-argenté-pierre-turquoise-corail-tête-de-bouddha/image-25.jpg (1699 bytes)
   🗑️  Supprimé: bracelet-tibetain-argenté-pierre-turquoise-corail-tête-de-bouddha/image-24.jpg (1920 bytes)
   🗑️  Supprimé: bracelet-tibetain-argenté-pierre-turquoise-corail-tête-de-bouddha/image-26.jpg (2050 bytes)
   🗑️  Supprimé: bracelet-tibetain-argenté-pierre-turquoise-corail-tête-de-bouddha/image-23.jpg (4741 bytes)
   🗑️  Supprimé: bracelet-tibetain-argenté-pierre-turquoise-corail-tête-de-bouddha/image-22.jpg (4734 bytes)
   🗑️  Supprimé: bracelet-tibetain-argenté-pierre-turquoise-corail-tête-de-bouddha/image-16.jpg (1695 bytes)
   🗑️  Supprimé: bracelet-tibetain-argenté-pierre-turquoise-corail-tête-de-bouddha/image-15.jpg (3628 bytes)
   🗑️  Supprimé: bracelet-tibetain-argenté-pierre-turquoise-corail-tête-de-bouddha/image-28.jpg (1724 bytes)
   🗑️  Supprimé: bracelet-tibetain-argenté-pierre-turquoise-corail-tête-de-bouddha/image-1.jpg (2031 bytes)
   🗑️  Supprimé: pashmina-100-cachemire-bleu-fonce/image-9.jpg (1516 bytes)
   🗑️  Supprimé: pashmina-100-cachemire-bleu-fonce/image-25.jpg (2050 bytes)
   🗑️  Supprimé: pashmina-100-cachemire-bleu-fonce/image-26.jpg (1724 bytes)
   🗑️  Supprimé: pashmina-100-cachemire-bleu-fonce/image-22.jpg (1699 bytes)
   🗑️  Supprimé: pashmina-100-cachemire-bleu-fonce/image-20.jpg (4734 bytes)
   🗑️  Supprimé: pashmina-100-cachemire-bleu-fonce/image-21.jpg (1920 bytes)
   🗑️  Supprimé: pashmina-100-cachemire-bleu-fonce/image-10.jpg (3628 bytes)
   🗑️  Supprimé: pashmina-100-cachemire-bleu-fonce/image-12.jpg (1695 bytes)
   🗑️  Supprimé: pashmina-100-cachemire-bleu-fonce/image-3.jpg (2031 bytes)
   🗑️  Supprimé: bracelet-de-guerison-en-pierres-naturelles-en-multi-stones/image-9.jpg (3628 bytes)
   🗑️  Supprimé: bracelet-de-guerison-en-pierres-naturelles-en-multi-stones/image-26.jpg (2050 bytes)
   🗑️  Supprimé: bracelet-de-guerison-en-pierres-naturelles-en-multi-stones/image-23.jpg (1699 bytes)
   🗑️  Supprimé: bracelet-de-guerison-en-pierres-naturelles-en-multi-stones/image-22.jpg (1920 bytes)
   🗑️  Supprimé: bracelet-de-guerison-en-pierres-naturelles-en-multi-stones/image-20.jpg (4734 bytes)
   🗑️  Supprimé: bracelet-de-guerison-en-pierres-naturelles-en-multi-stones/image-14.jpg (1695 bytes)
   🗑️  Supprimé: bracelet-de-guerison-en-pierres-naturelles-en-multi-stones/image-28.jpg (1724 bytes)
   🗑️  Supprimé: bracelet-de-guerison-en-pierres-naturelles-en-multi-stones/image-1.jpg (2031 bytes)
   🗑️  Supprimé: bracelet-de-guerison-en-pierres-naturelles-en-multi-stones/image-7.jpg (1516 bytes)
   🗑️  Supprimé: collier-pendentif-en-perles-de-bois-longue-chaîne-de-chandail-boho-sculpté/image-19.jpg (3628 bytes)
   🗑️  Supprimé: collier-pendentif-en-perles-de-bois-longue-chaîne-de-chandail-boho-sculpté/image-30.jpg (2050 bytes)
   🗑️  Supprimé: collier-pendentif-en-perles-de-bois-longue-chaîne-de-chandail-boho-sculpté/image-24.jpg (4868 bytes)
   🗑️  Supprimé: collier-pendentif-en-perles-de-bois-longue-chaîne-de-chandail-boho-sculpté/image-32.jpg (1724 bytes)
   🗑️  Supprimé: collier-pendentif-en-perles-de-bois-longue-chaîne-de-chandail-boho-sculpté/image-26.jpg (4734 bytes)
   🗑️  Supprimé: collier-pendentif-en-perles-de-bois-longue-chaîne-de-chandail-boho-sculpté/image-27.jpg (1920 bytes)
   🗑️  Supprimé: collier-pendentif-en-perles-de-bois-longue-chaîne-de-chandail-boho-sculpté/image-21.jpg (1695 bytes)
   🗑️  Supprimé: collier-pendentif-en-perles-de-bois-longue-chaîne-de-chandail-boho-sculpté/image-16.jpg (1516 bytes)
   🗑️  Supprimé: collier-pendentif-en-perles-de-bois-longue-chaîne-de-chandail-boho-sculpté/image-28.jpg (1699 bytes)
   🗑️  Supprimé: collier-pendentif-en-perles-de-bois-longue-chaîne-de-chandail-boho-sculpté/image-2.jpg (2031 bytes)
   🗑️  Supprimé: bracelet-chainette-argent-et-pierre-onyx-noir/image-8.jpg (1516 bytes)
   🗑️  Supprimé: bracelet-chainette-argent-et-pierre-onyx-noir/image-24.jpg (4741 bytes)
   🗑️  Supprimé: bracelet-chainette-argent-et-pierre-onyx-noir/image-32.jpg (4668 bytes)
   🗑️  Supprimé: bracelet-chainette-argent-et-pierre-onyx-noir/image-26.jpg (1920 bytes)
   🗑️  Supprimé: bracelet-chainette-argent-et-pierre-onyx-noir/image-27.jpg (1699 bytes)
   🗑️  Supprimé: bracelet-chainette-argent-et-pierre-onyx-noir/image-23.jpg (4734 bytes)
   🗑️  Supprimé: bracelet-chainette-argent-et-pierre-onyx-noir/image-13.jpg (3628 bytes)
   🗑️  Supprimé: bracelet-chainette-argent-et-pierre-onyx-noir/image-29.jpg (1724 bytes)
   🗑️  Supprimé: bracelet-chainette-argent-et-pierre-onyx-noir/image-14.jpg (1695 bytes)
   🗑️  Supprimé: bracelet-chainette-argent-et-pierre-onyx-noir/image-28.jpg (2050 bytes)
   🗑️  Supprimé: bracelet-chainette-argent-et-pierre-onyx-noir/image-2.jpg (2031 bytes)
   🗑️  Supprimé: foulard-en-100soie-à-motifs-verts-et-rouge/image-25.jpg (4734 bytes)
   🗑️  Supprimé: foulard-en-100soie-à-motifs-verts-et-rouge/image-19.jpg (1695 bytes)
   🗑️  Supprimé: foulard-en-100soie-à-motifs-verts-et-rouge/image-26.jpg (1920 bytes)
   🗑️  Supprimé: foulard-en-100soie-à-motifs-verts-et-rouge/image-27.jpg (1699 bytes)
   🗑️  Supprimé: foulard-en-100soie-à-motifs-verts-et-rouge/image-13.jpg (1516 bytes)
   🗑️  Supprimé: foulard-en-100soie-à-motifs-verts-et-rouge/image-16.jpg (3628 bytes)
   🗑️  Supprimé: foulard-en-100soie-à-motifs-verts-et-rouge/image-29.jpg (1724 bytes)
   🗑️  Supprimé: foulard-en-100soie-à-motifs-verts-et-rouge/image-28.jpg (2050 bytes)
   🗑️  Supprimé: foulard-en-100soie-à-motifs-verts-et-rouge/image-4.jpg (2031 bytes)
   🗑️  Supprimé: bracelet-argent-turquoise/image-8.jpg (1516 bytes)
   🗑️  Supprimé: bracelet-argent-turquoise/image-24.jpg (4734 bytes)
   🗑️  Supprimé: bracelet-argent-turquoise/image-26.jpg (1920 bytes)
   🗑️  Supprimé: bracelet-argent-turquoise/image-27.jpg (1699 bytes)
   🗑️  Supprimé: bracelet-argent-turquoise/image-13.jpg (3628 bytes)
   🗑️  Supprimé: bracelet-argent-turquoise/image-29.jpg (1724 bytes)
   🗑️  Supprimé: bracelet-argent-turquoise/image-14.jpg (1695 bytes)
   🗑️  Supprimé: bracelet-argent-turquoise/image-28.jpg (2050 bytes)
   🗑️  Supprimé: bracelet-argent-turquoise/image-3.jpg (2031 bytes)
   🗑️  Supprimé: fine-bague-argent-peridot/image-9.jpg (1516 bytes)
   🗑️  Supprimé: fine-bague-argent-peridot/image-25.jpg (2050 bytes)
   🗑️  Supprimé: fine-bague-argent-peridot/image-24.jpg (1699 bytes)
   🗑️  Supprimé: fine-bague-argent-peridot/image-23.jpg (1920 bytes)
   🗑️  Supprimé: fine-bague-argent-peridot/image-22.jpg (4734 bytes)
   🗑️  Supprimé: fine-bague-argent-peridot/image-11.jpg (3628 bytes)
   🗑️  Supprimé: fine-bague-argent-peridot/image-13.jpg (1695 bytes)
   🗑️  Supprimé: fine-bague-argent-peridot/image-28.jpg (1724 bytes)
   🗑️  Supprimé: fine-bague-argent-peridot/image-3.jpg (4712 bytes)
   🗑️  Supprimé: fine-bague-argent-peridot/image-2.jpg (2031 bytes)
   🗑️  Supprimé: bracelet-pierres-naturelles-obsidienne/image-25.jpg (4734 bytes)
   🗑️  Supprimé: bracelet-pierres-naturelles-obsidienne/image-30.jpg (1724 bytes)
   🗑️  Supprimé: bracelet-pierres-naturelles-obsidienne/image-26.jpg (1920 bytes)
   🗑️  Supprimé: bracelet-pierres-naturelles-obsidienne/image-27.jpg (1699 bytes)
   🗑️  Supprimé: bracelet-pierres-naturelles-obsidienne/image-11.jpg (3628 bytes)
   🗑️  Supprimé: bracelet-pierres-naturelles-obsidienne/image-14.jpg (1695 bytes)
   🗑️  Supprimé: bracelet-pierres-naturelles-obsidienne/image-28.jpg (2050 bytes)
   🗑️  Supprimé: bracelet-pierres-naturelles-obsidienne/image-2.jpg (2031 bytes)
   🗑️  Supprimé: bracelet-pierres-naturelles-obsidienne/image-6.jpg (1516 bytes)
   🗑️  Supprimé: boucles-doreilles-argent-ronde-et-péridot-taillé/image-9.jpg (4482 bytes)
   🗑️  Supprimé: boucles-doreilles-argent-ronde-et-péridot-taillé/image-25.jpg (1920 bytes)
   🗑️  Supprimé: boucles-doreilles-argent-ronde-et-péridot-taillé/image-30.jpg (4653 bytes)
   🗑️  Supprimé: boucles-doreilles-argent-ronde-et-péridot-taillé/image-24.jpg (4734 bytes)
   🗑️  Supprimé: boucles-doreilles-argent-ronde-et-péridot-taillé/image-26.jpg (1699 bytes)
   🗑️  Supprimé: boucles-doreilles-argent-ronde-et-péridot-taillé/image-10.jpg (1516 bytes)
   🗑️  Supprimé: boucles-doreilles-argent-ronde-et-péridot-taillé/image-29.jpg (1724 bytes)
   🗑️  Supprimé: boucles-doreilles-argent-ronde-et-péridot-taillé/image-15.jpg (1695 bytes)
   🗑️  Supprimé: boucles-doreilles-argent-ronde-et-péridot-taillé/image-14.jpg (3628 bytes)
   🗑️  Supprimé: boucles-doreilles-argent-ronde-et-péridot-taillé/image-28.jpg (2050 bytes)
   🗑️  Supprimé: boucles-doreilles-argent-ronde-et-péridot-taillé/image-2.jpg (2031 bytes)
   🗑️  Supprimé: bracelet-indien-pierre-labradorite/image-31.jpg (4668 bytes)
   🗑️  Supprimé: bracelet-indien-pierre-labradorite/image-24.jpg (2050 bytes)
   🗑️  Supprimé: bracelet-indien-pierre-labradorite/image-26.jpg (1724 bytes)
   🗑️  Supprimé: bracelet-indien-pierre-labradorite/image-23.jpg (1699 bytes)
   🗑️  Supprimé: bracelet-indien-pierre-labradorite/image-22.jpg (1920 bytes)
   🗑️  Supprimé: bracelet-indien-pierre-labradorite/image-21.jpg (4734 bytes)
   🗑️  Supprimé: bracelet-indien-pierre-labradorite/image-10.jpg (1516 bytes)
   🗑️  Supprimé: bracelet-indien-pierre-labradorite/image-13.jpg (1695 bytes)
   🗑️  Supprimé: bracelet-indien-pierre-labradorite/image-12.jpg (3628 bytes)
   🗑️  Supprimé: bracelet-indien-pierre-labradorite/image-2.jpg (2031 bytes)
   🗑️  Supprimé: boucles-doreilles-argentées-et-pierre-lapis-lazuli/image-8.jpg (1516 bytes)
   🗑️  Supprimé: boucles-doreilles-argentées-et-pierre-lapis-lazuli/image-19.jpg (4734 bytes)
   🗑️  Supprimé: boucles-doreilles-argentées-et-pierre-lapis-lazuli/image-26.jpg (2050 bytes)
   🗑️  Supprimé: boucles-doreilles-argentées-et-pierre-lapis-lazuli/image-23.jpg (1699 bytes)
   🗑️  Supprimé: boucles-doreilles-argentées-et-pierre-lapis-lazuli/image-22.jpg (1920 bytes)
   🗑️  Supprimé: boucles-doreilles-argentées-et-pierre-lapis-lazuli/image-13.jpg (3628 bytes)
   🗑️  Supprimé: boucles-doreilles-argentées-et-pierre-lapis-lazuli/image-14.jpg (1695 bytes)
   🗑️  Supprimé: boucles-doreilles-argentées-et-pierre-lapis-lazuli/image-28.jpg (1724 bytes)
   🗑️  Supprimé: boucles-doreilles-argentées-et-pierre-lapis-lazuli/image-1.jpg (2031 bytes)
   🗑️  Supprimé: boucles-doreilles-argentées-et-pierre-lapis-lazuli/image-6.jpg (4482 bytes)
   🗑️  Supprimé: chaine-de-chevilles-argentée-perles-noire-et-turquoise/image-25.jpg (1699 bytes)
   🗑️  Supprimé: chaine-de-chevilles-argentée-perles-noire-et-turquoise/image-24.jpg (1920 bytes)
   🗑️  Supprimé: chaine-de-chevilles-argentée-perles-noire-et-turquoise/image-27.jpg (2050 bytes)
   🗑️  Supprimé: chaine-de-chevilles-argentée-perles-noire-et-turquoise/image-23.jpg (4734 bytes)
   🗑️  Supprimé: chaine-de-chevilles-argentée-perles-noire-et-turquoise/image-21.jpg (4868 bytes)
   🗑️  Supprimé: chaine-de-chevilles-argentée-perles-noire-et-turquoise/image-13.jpg (1516 bytes)
   🗑️  Supprimé: chaine-de-chevilles-argentée-perles-noire-et-turquoise/image-16.jpg (3628 bytes)
   🗑️  Supprimé: chaine-de-chevilles-argentée-perles-noire-et-turquoise/image-17.jpg (1695 bytes)
   🗑️  Supprimé: chaine-de-chevilles-argentée-perles-noire-et-turquoise/image-28.jpg (1724 bytes)
   🗑️  Supprimé: chaine-de-chevilles-argentée-perles-noire-et-turquoise/image-2.jpg (2031 bytes)
   🗑️  Supprimé: collier-indien-en-bois-blanc/image-25.jpg (4734 bytes)
   🗑️  Supprimé: collier-indien-en-bois-blanc/image-31.jpg (1724 bytes)
   🗑️  Supprimé: collier-indien-en-bois-blanc/image-26.jpg (1920 bytes)
   🗑️  Supprimé: collier-indien-en-bois-blanc/image-27.jpg (1699 bytes)
   🗑️  Supprimé: collier-indien-en-bois-blanc/image-21.jpg (4868 bytes)
   🗑️  Supprimé: collier-indien-en-bois-blanc/image-11.jpg (1516 bytes)
   🗑️  Supprimé: collier-indien-en-bois-blanc/image-16.jpg (1695 bytes)
   🗑️  Supprimé: collier-indien-en-bois-blanc/image-15.jpg (3628 bytes)
   🗑️  Supprimé: collier-indien-en-bois-blanc/image-28.jpg (2050 bytes)
   🗑️  Supprimé: collier-indien-en-bois-blanc/image-1.jpg (2031 bytes)
   🗑️  Supprimé: collier-indien-en-bois-blanc/image-3.jpg (4712 bytes)
   🗑️  Supprimé: bague-réglable-dorée-pierre-en-quartz-rose/image-8.jpg (1516 bytes)
   🗑️  Supprimé: bague-réglable-dorée-pierre-en-quartz-rose/image-26.jpg (2050 bytes)
   🗑️  Supprimé: bague-réglable-dorée-pierre-en-quartz-rose/image-27.jpg (1724 bytes)
   🗑️  Supprimé: bague-réglable-dorée-pierre-en-quartz-rose/image-23.jpg (1699 bytes)
   🗑️  Supprimé: bague-réglable-dorée-pierre-en-quartz-rose/image-22.jpg (1920 bytes)
   🗑️  Supprimé: bague-réglable-dorée-pierre-en-quartz-rose/image-20.jpg (4734 bytes)
   🗑️  Supprimé: bague-réglable-dorée-pierre-en-quartz-rose/image-13.jpg (1695 bytes)
   🗑️  Supprimé: bague-réglable-dorée-pierre-en-quartz-rose/image-12.jpg (3628 bytes)
   🗑️  Supprimé: bague-réglable-dorée-pierre-en-quartz-rose/image-29.jpg (4653 bytes)
   🗑️  Supprimé: bague-réglable-dorée-pierre-en-quartz-rose/image-1.jpg (2031 bytes)
   🗑️  Supprimé: boucles-doreilles-argent-aigue-marine/image-9.jpg (1516 bytes)
   🗑️  Supprimé: boucles-doreilles-argent-aigue-marine/image-8.jpg (4482 bytes)
   🗑️  Supprimé: boucles-doreilles-argent-aigue-marine/image-19.jpg (4734 bytes)
   🗑️  Supprimé: boucles-doreilles-argent-aigue-marine/image-26.jpg (2050 bytes)
   🗑️  Supprimé: boucles-doreilles-argent-aigue-marine/image-27.jpg (1724 bytes)
   🗑️  Supprimé: boucles-doreilles-argent-aigue-marine/image-23.jpg (1699 bytes)
   🗑️  Supprimé: boucles-doreilles-argent-aigue-marine/image-22.jpg (1920 bytes)
   🗑️  Supprimé: boucles-doreilles-argent-aigue-marine/image-13.jpg (3628 bytes)
   🗑️  Supprimé: boucles-doreilles-argent-aigue-marine/image-14.jpg (1695 bytes)
   🗑️  Supprimé: boucles-doreilles-argent-aigue-marine/image-1.jpg (2031 bytes)
   🗑️  Supprimé: porte-clé-népalais-éléphant/image-9.jpg (1516 bytes)
   🗑️  Supprimé: porte-clé-népalais-éléphant/image-24.jpg (1699 bytes)
   🗑️  Supprimé: porte-clé-népalais-éléphant/image-26.jpg (2050 bytes)
   🗑️  Supprimé: porte-clé-népalais-éléphant/image-27.jpg (1724 bytes)
   🗑️  Supprimé: porte-clé-népalais-éléphant/image-23.jpg (1920 bytes)
   🗑️  Supprimé: porte-clé-népalais-éléphant/image-21.jpg (4734 bytes)
   🗑️  Supprimé: porte-clé-népalais-éléphant/image-11.jpg (3628 bytes)
   🗑️  Supprimé: porte-clé-népalais-éléphant/image-13.jpg (1695 bytes)
   🗑️  Supprimé: porte-clé-népalais-éléphant/image-3.jpg (2031 bytes)
   🗑️  Supprimé: pendentif-argent-onyx-vert-avec-son-cordon-en-cuir-noir/image-8.jpg (1516 bytes)
   🗑️  Supprimé: pendentif-argent-onyx-vert-avec-son-cordon-en-cuir-noir/image-25.jpg (1920 bytes)
   🗑️  Supprimé: pendentif-argent-onyx-vert-avec-son-cordon-en-cuir-noir/image-24.jpg (4734 bytes)
   🗑️  Supprimé: pendentif-argent-onyx-vert-avec-son-cordon-en-cuir-noir/image-26.jpg (1699 bytes)
   🗑️  Supprimé: pendentif-argent-onyx-vert-avec-son-cordon-en-cuir-noir/image-27.jpg (2050 bytes)
   🗑️  Supprimé: pendentif-argent-onyx-vert-avec-son-cordon-en-cuir-noir/image-13.jpg (3628 bytes)
   🗑️  Supprimé: pendentif-argent-onyx-vert-avec-son-cordon-en-cuir-noir/image-29.jpg (4653 bytes)
   🗑️  Supprimé: pendentif-argent-onyx-vert-avec-son-cordon-en-cuir-noir/image-14.jpg (1695 bytes)
   🗑️  Supprimé: pendentif-argent-onyx-vert-avec-son-cordon-en-cuir-noir/image-28.jpg (1724 bytes)
   🗑️  Supprimé: pendentif-argent-onyx-vert-avec-son-cordon-en-cuir-noir/image-1.jpg (2031 bytes)
   🗑️  Supprimé: bracelet-indien-fantaisie/image-8.jpg (1516 bytes)
   🗑️  Supprimé: bracelet-indien-fantaisie/image-32.jpg (4668 bytes)
   🗑️  Supprimé: bracelet-indien-fantaisie/image-26.jpg (1724 bytes)
   🗑️  Supprimé: bracelet-indien-fantaisie/image-23.jpg (2050 bytes)
   🗑️  Supprimé: bracelet-indien-fantaisie/image-22.jpg (1699 bytes)
   🗑️  Supprimé: bracelet-indien-fantaisie/image-20.jpg (4734 bytes)
   🗑️  Supprimé: bracelet-indien-fantaisie/image-21.jpg (1920 bytes)
   🗑️  Supprimé: bracelet-indien-fantaisie/image-13.jpg (1695 bytes)
   🗑️  Supprimé: bracelet-indien-fantaisie/image-12.jpg (3628 bytes)
   🗑️  Supprimé: bracelet-indien-fantaisie/image-2.jpg (2031 bytes)
   🗑️  Supprimé: bracelet-pierres-onyx-noir/image-9.jpg (3628 bytes)
   🗑️  Supprimé: bracelet-pierres-onyx-noir/image-18.jpg (4734 bytes)
   🗑️  Supprimé: bracelet-pierres-onyx-noir/image-26.jpg (2050 bytes)
   🗑️  Supprimé: bracelet-pierres-onyx-noir/image-27.jpg (1724 bytes)
   🗑️  Supprimé: bracelet-pierres-onyx-noir/image-22.jpg (1699 bytes)
   🗑️  Supprimé: bracelet-pierres-onyx-noir/image-21.jpg (1920 bytes)
   🗑️  Supprimé: bracelet-pierres-onyx-noir/image-11.jpg (1695 bytes)
   🗑️  Supprimé: bracelet-pierres-onyx-noir/image-1.jpg (2031 bytes)
   🗑️  Supprimé: bracelet-pierres-onyx-noir/image-4.jpg (1516 bytes)
   🗑️  Supprimé: bracelet-argent-et-petite-pierre-quartz-rose/image-26.jpg (1724 bytes)
   🗑️  Supprimé: bracelet-argent-et-petite-pierre-quartz-rose/image-23.jpg (2050 bytes)
   🗑️  Supprimé: bracelet-argent-et-petite-pierre-quartz-rose/image-22.jpg (1699 bytes)
   🗑️  Supprimé: bracelet-argent-et-petite-pierre-quartz-rose/image-20.jpg (4734 bytes)
   🗑️  Supprimé: bracelet-argent-et-petite-pierre-quartz-rose/image-21.jpg (1920 bytes)
   🗑️  Supprimé: bracelet-argent-et-petite-pierre-quartz-rose/image-10.jpg (3628 bytes)
   🗑️  Supprimé: bracelet-argent-et-petite-pierre-quartz-rose/image-11.jpg (1695 bytes)
   🗑️  Supprimé: bracelet-argent-et-petite-pierre-quartz-rose/image-1.jpg (2031 bytes)
   🗑️  Supprimé: bracelet-argent-et-petite-pierre-quartz-rose/image-7.jpg (1516 bytes)
   🗑️  Supprimé: bracelet-de-guerison-en-pierres-naturelles-en-agate-orange/image-9.jpg (1516 bytes)
   🗑️  Supprimé: bracelet-de-guerison-en-pierres-naturelles-en-agate-orange/image-25.jpg (1699 bytes)
   🗑️  Supprimé: bracelet-de-guerison-en-pierres-naturelles-en-agate-orange/image-30.jpg (1724 bytes)
   🗑️  Supprimé: bracelet-de-guerison-en-pierres-naturelles-en-agate-orange/image-24.jpg (1920 bytes)
   🗑️  Supprimé: bracelet-de-guerison-en-pierres-naturelles-en-agate-orange/image-23.jpg (4734 bytes)
   🗑️  Supprimé: bracelet-de-guerison-en-pierres-naturelles-en-agate-orange/image-11.jpg (3628 bytes)
   🗑️  Supprimé: bracelet-de-guerison-en-pierres-naturelles-en-agate-orange/image-13.jpg (1695 bytes)
   🗑️  Supprimé: bracelet-de-guerison-en-pierres-naturelles-en-agate-orange/image-28.jpg (2050 bytes)
   🗑️  Supprimé: bracelet-de-guerison-en-pierres-naturelles-en-agate-orange/image-2.jpg (2031 bytes)
   🗑️  Supprimé: boucles-doreilles-argent-turquoise-verte/image-8.jpg (1516 bytes)
   🗑️  Supprimé: boucles-doreilles-argent-turquoise-verte/image-25.jpg (1699 bytes)
   🗑️  Supprimé: boucles-doreilles-argent-turquoise-verte/image-24.jpg (1920 bytes)
   🗑️  Supprimé: boucles-doreilles-argent-turquoise-verte/image-27.jpg (2050 bytes)
   🗑️  Supprimé: boucles-doreilles-argent-turquoise-verte/image-22.jpg (4734 bytes)
   🗑️  Supprimé: boucles-doreilles-argent-turquoise-verte/image-11.jpg (3628 bytes)
   🗑️  Supprimé: boucles-doreilles-argent-turquoise-verte/image-12.jpg (1695 bytes)
   🗑️  Supprimé: boucles-doreilles-argent-turquoise-verte/image-28.jpg (1724 bytes)
   🗑️  Supprimé: boucles-doreilles-argent-turquoise-verte/image-1.jpg (2031 bytes)
   🗑️  Supprimé: boucles-doreilles-fleur-en-argent/image-9.jpg (1516 bytes)
   🗑️  Supprimé: boucles-doreilles-fleur-en-argent/image-24.jpg (4734 bytes)
   🗑️  Supprimé: boucles-doreilles-fleur-en-argent/image-26.jpg (1920 bytes)
   🗑️  Supprimé: boucles-doreilles-fleur-en-argent/image-27.jpg (1699 bytes)
   🗑️  Supprimé: boucles-doreilles-fleur-en-argent/image-13.jpg (1695 bytes)
   🗑️  Supprimé: boucles-doreilles-fleur-en-argent/image-12.jpg (3628 bytes)
   🗑️  Supprimé: boucles-doreilles-fleur-en-argent/image-29.jpg (1724 bytes)
   🗑️  Supprimé: boucles-doreilles-fleur-en-argent/image-28.jpg (2050 bytes)
   🗑️  Supprimé: boucles-doreilles-fleur-en-argent/image-1.jpg (2031 bytes)
   🗑️  Supprimé: boucles-doreilles-fleur-en-argent/image-7.jpg (4482 bytes)
   🗑️  Supprimé: bague-réglable-argent-pierre-en-améthyste/image-9.jpg (3628 bytes)
   🗑️  Supprimé: bague-réglable-argent-pierre-en-améthyste/image-25.jpg (1699 bytes)
   🗑️  Supprimé: bague-réglable-argent-pierre-en-améthyste/image-24.jpg (1920 bytes)
   🗑️  Supprimé: bague-réglable-argent-pierre-en-améthyste/image-20.jpg (4734 bytes)
   🗑️  Supprimé: bague-réglable-argent-pierre-en-améthyste/image-10.jpg (1695 bytes)
   🗑️  Supprimé: bague-réglable-argent-pierre-en-améthyste/image-29.jpg (1724 bytes)
   🗑️  Supprimé: bague-réglable-argent-pierre-en-améthyste/image-28.jpg (2050 bytes)
   🗑️  Supprimé: bague-réglable-argent-pierre-en-améthyste/image-1.jpg (2031 bytes)
   🗑️  Supprimé: bague-réglable-argent-pierre-en-améthyste/image-4.jpg (1516 bytes)
   🗑️  Supprimé: boucles-doreilles-argent-perodit/image-8.jpg (1516 bytes)
   🗑️  Supprimé: boucles-doreilles-argent-perodit/image-26.jpg (2050 bytes)
   🗑️  Supprimé: boucles-doreilles-argent-perodit/image-27.jpg (1724 bytes)
   🗑️  Supprimé: boucles-doreilles-argent-perodit/image-23.jpg (1699 bytes)
   🗑️  Supprimé: boucles-doreilles-argent-perodit/image-22.jpg (1920 bytes)
   🗑️  Supprimé: boucles-doreilles-argent-perodit/image-20.jpg (4734 bytes)
   🗑️  Supprimé: boucles-doreilles-argent-perodit/image-10.jpg (3628 bytes)
   🗑️  Supprimé: boucles-doreilles-argent-perodit/image-12.jpg (1695 bytes)
   🗑️  Supprimé: boucles-doreilles-argent-perodit/image-29.jpg (4653 bytes)
   🗑️  Supprimé: boucles-doreilles-argent-perodit/image-1.jpg (2031 bytes)
   🗑️  Supprimé: boucles-doreilles-argent-perodit/image-6.jpg (4482 bytes)
   🗑️  Supprimé: boucles-doreilles-argent-arbre-de-vie-onyx-noir/image-9.jpg (1516 bytes)
   🗑️  Supprimé: boucles-doreilles-argent-arbre-de-vie-onyx-noir/image-26.jpg (1920 bytes)
   🗑️  Supprimé: boucles-doreilles-argent-arbre-de-vie-onyx-noir/image-27.jpg (1699 bytes)
   🗑️  Supprimé: boucles-doreilles-argent-arbre-de-vie-onyx-noir/image-23.jpg (4734 bytes)
   🗑️  Supprimé: boucles-doreilles-argent-arbre-de-vie-onyx-noir/image-13.jpg (3628 bytes)
   🗑️  Supprimé: boucles-doreilles-argent-arbre-de-vie-onyx-noir/image-29.jpg (1724 bytes)
   🗑️  Supprimé: boucles-doreilles-argent-arbre-de-vie-onyx-noir/image-14.jpg (1695 bytes)
   🗑️  Supprimé: boucles-doreilles-argent-arbre-de-vie-onyx-noir/image-28.jpg (2050 bytes)
   🗑️  Supprimé: boucles-doreilles-argent-arbre-de-vie-onyx-noir/image-1.jpg (2031 bytes)
   🗑️  Supprimé: boucles-doreilles-argent-arbre-de-vie-onyx-noir/image-7.jpg (4482 bytes)
   🗑️  Supprimé: porte-clé-népalais-tête-de-bouddha/image-24.jpg (2050 bytes)
   🗑️  Supprimé: porte-clé-népalais-tête-de-bouddha/image-26.jpg (1724 bytes)
   🗑️  Supprimé: porte-clé-népalais-tête-de-bouddha/image-23.jpg (1699 bytes)
   🗑️  Supprimé: porte-clé-népalais-tête-de-bouddha/image-22.jpg (1920 bytes)
   🗑️  Supprimé: porte-clé-népalais-tête-de-bouddha/image-20.jpg (4734 bytes)
   🗑️  Supprimé: porte-clé-népalais-tête-de-bouddha/image-11.jpg (1516 bytes)
   🗑️  Supprimé: porte-clé-népalais-tête-de-bouddha/image-12.jpg (3628 bytes)
   🗑️  Supprimé: porte-clé-népalais-tête-de-bouddha/image-14.jpg (1695 bytes)
   🗑️  Supprimé: porte-clé-népalais-tête-de-bouddha/image-2.jpg (2031 bytes)
   🗑️  Supprimé: bracelet-doré-et-pierre-de-lune/image-31.jpg (4668 bytes)
   🗑️  Supprimé: bracelet-doré-et-pierre-de-lune/image-24.jpg (2050 bytes)
   🗑️  Supprimé: bracelet-doré-et-pierre-de-lune/image-26.jpg (1724 bytes)
   🗑️  Supprimé: bracelet-doré-et-pierre-de-lune/image-23.jpg (1699 bytes)
   🗑️  Supprimé: bracelet-doré-et-pierre-de-lune/image-22.jpg (1920 bytes)
   🗑️  Supprimé: bracelet-doré-et-pierre-de-lune/image-20.jpg (4734 bytes)
   🗑️  Supprimé: bracelet-doré-et-pierre-de-lune/image-13.jpg (1695 bytes)
   🗑️  Supprimé: bracelet-doré-et-pierre-de-lune/image-12.jpg (3628 bytes)
   🗑️  Supprimé: bracelet-doré-et-pierre-de-lune/image-2.jpg (2031 bytes)
   🗑️  Supprimé: bracelet-doré-et-pierre-de-lune/image-7.jpg (1516 bytes)
   🗑️  Supprimé: collier-pierres-jaspe/image-24.jpg (1699 bytes)
   🗑️  Supprimé: collier-pierres-jaspe/image-26.jpg (2050 bytes)
   🗑️  Supprimé: collier-pierres-jaspe/image-23.jpg (1920 bytes)
   🗑️  Supprimé: collier-pierres-jaspe/image-21.jpg (4734 bytes)
   🗑️  Supprimé: collier-pierres-jaspe/image-13.jpg (3628 bytes)
   🗑️  Supprimé: collier-pierres-jaspe/image-29.jpg (1724 bytes)
   🗑️  Supprimé: collier-pierres-jaspe/image-15.jpg (1695 bytes)
   🗑️  Supprimé: collier-pierres-jaspe/image-1.jpg (2031 bytes)
   🗑️  Supprimé: collier-pierres-jaspe/image-6.jpg (1516 bytes)
   🗑️  Supprimé: bracelet-pierre-cornalie-10mm-avec-cordon-réglable/image-31.jpg (1724 bytes)
   🗑️  Supprimé: bracelet-pierre-cornalie-10mm-avec-cordon-réglable/image-24.jpg (4734 bytes)
   🗑️  Supprimé: bracelet-pierre-cornalie-10mm-avec-cordon-réglable/image-26.jpg (1920 bytes)
   🗑️  Supprimé: bracelet-pierre-cornalie-10mm-avec-cordon-réglable/image-27.jpg (1699 bytes)
   🗑️  Supprimé: bracelet-pierre-cornalie-10mm-avec-cordon-réglable/image-11.jpg (3628 bytes)
   🗑️  Supprimé: bracelet-pierre-cornalie-10mm-avec-cordon-réglable/image-29.jpg (2050 bytes)
   🗑️  Supprimé: bracelet-pierre-cornalie-10mm-avec-cordon-réglable/image-14.jpg (1695 bytes)
   🗑️  Supprimé: bracelet-pierre-cornalie-10mm-avec-cordon-réglable/image-2.jpg (2031 bytes)
   🗑️  Supprimé: bracelet-pierre-cornalie-10mm-avec-cordon-réglable/image-7.jpg (1516 bytes)
   🗑️  Supprimé: pendentif-argent-filigrane-améthyste/image-25.jpg (1699 bytes)
   🗑️  Supprimé: pendentif-argent-filigrane-améthyste/image-30.jpg (4653 bytes)
   🗑️  Supprimé: pendentif-argent-filigrane-améthyste/image-24.jpg (1920 bytes)
   🗑️  Supprimé: pendentif-argent-filigrane-améthyste/image-27.jpg (2050 bytes)
   🗑️  Supprimé: pendentif-argent-filigrane-améthyste/image-20.jpg (4734 bytes)
   🗑️  Supprimé: pendentif-argent-filigrane-améthyste/image-10.jpg (3628 bytes)
   🗑️  Supprimé: pendentif-argent-filigrane-améthyste/image-11.jpg (1695 bytes)
   🗑️  Supprimé: pendentif-argent-filigrane-améthyste/image-28.jpg (1724 bytes)
   🗑️  Supprimé: pendentif-argent-filigrane-améthyste/image-1.jpg (2031 bytes)
   🗑️  Supprimé: pendentif-argent-filigrane-améthyste/image-6.jpg (4482 bytes)
   🗑️  Supprimé: pendentif-argent-filigrane-améthyste/image-7.jpg (1516 bytes)
   🗑️  Supprimé: bracelet-grandes-pierres-pierre-de-lune-et-quartz-rose-avec-cordon-réglable/image-8.jpg (1516 bytes)
   🗑️  Supprimé: bracelet-grandes-pierres-pierre-de-lune-et-quartz-rose-avec-cordon-réglable/image-25.jpg (1699 bytes)
   🗑️  Supprimé: bracelet-grandes-pierres-pierre-de-lune-et-quartz-rose-avec-cordon-réglable/image-30.jpg (1724 bytes)
   🗑️  Supprimé: bracelet-grandes-pierres-pierre-de-lune-et-quartz-rose-avec-cordon-réglable/image-24.jpg (1920 bytes)
   🗑️  Supprimé: bracelet-grandes-pierres-pierre-de-lune-et-quartz-rose-avec-cordon-réglable/image-23.jpg (4734 bytes)
   🗑️  Supprimé: bracelet-grandes-pierres-pierre-de-lune-et-quartz-rose-avec-cordon-réglable/image-12.jpg (3628 bytes)
   🗑️  Supprimé: bracelet-grandes-pierres-pierre-de-lune-et-quartz-rose-avec-cordon-réglable/image-14.jpg (1695 bytes)
   🗑️  Supprimé: bracelet-grandes-pierres-pierre-de-lune-et-quartz-rose-avec-cordon-réglable/image-28.jpg (2050 bytes)
   🗑️  Supprimé: bracelet-grandes-pierres-pierre-de-lune-et-quartz-rose-avec-cordon-réglable/image-2.jpg (2031 bytes)
   🗑️  Supprimé: collier-pierres-3mm-en-howlite/image-30.jpg (1724 bytes)
   🗑️  Supprimé: collier-pierres-3mm-en-howlite/image-24.jpg (1699 bytes)
   🗑️  Supprimé: collier-pierres-3mm-en-howlite/image-27.jpg (2050 bytes)
   🗑️  Supprimé: collier-pierres-3mm-en-howlite/image-23.jpg (1920 bytes)
   🗑️  Supprimé: collier-pierres-3mm-en-howlite/image-21.jpg (4734 bytes)
   🗑️  Supprimé: collier-pierres-3mm-en-howlite/image-10.jpg (3628 bytes)
   🗑️  Supprimé: collier-pierres-3mm-en-howlite/image-13.jpg (1695 bytes)
   🗑️  Supprimé: collier-pierres-3mm-en-howlite/image-2.jpg (2031 bytes)
   🗑️  Supprimé: collier-pierres-3mm-en-howlite/image-6.jpg (1516 bytes)
   🗑️  Supprimé: bracelet-souple-argent-fin-anneau/image-25.jpg (1724 bytes)
   🗑️  Supprimé: bracelet-souple-argent-fin-anneau/image-31.jpg (4668 bytes)
   🗑️  Supprimé: bracelet-souple-argent-fin-anneau/image-19.jpg (4741 bytes)
   🗑️  Supprimé: bracelet-souple-argent-fin-anneau/image-18.jpg (4734 bytes)
   🗑️  Supprimé: bracelet-souple-argent-fin-anneau/image-22.jpg (2050 bytes)
   🗑️  Supprimé: bracelet-souple-argent-fin-anneau/image-20.jpg (1920 bytes)
   🗑️  Supprimé: bracelet-souple-argent-fin-anneau/image-21.jpg (1699 bytes)
   🗑️  Supprimé: bracelet-souple-argent-fin-anneau/image-11.jpg (3628 bytes)
   🗑️  Supprimé: bracelet-souple-argent-fin-anneau/image-12.jpg (1695 bytes)
   🗑️  Supprimé: bracelet-souple-argent-fin-anneau/image-2.jpg (2031 bytes)
   🗑️  Supprimé: bracelet-souple-argent-fin-anneau/image-5.jpg (1516 bytes)
   🗑️  Supprimé: pashmina-vert-cachemire-et-soie/image-25.jpg (2050 bytes)
   🗑️  Supprimé: pashmina-vert-cachemire-et-soie/image-24.jpg (1699 bytes)
   🗑️  Supprimé: pashmina-vert-cachemire-et-soie/image-27.jpg (1724 bytes)
   🗑️  Supprimé: pashmina-vert-cachemire-et-soie/image-23.jpg (1920 bytes)
   🗑️  Supprimé: pashmina-vert-cachemire-et-soie/image-22.jpg (4734 bytes)
   🗑️  Supprimé: pashmina-vert-cachemire-et-soie/image-11.jpg (1516 bytes)
   🗑️  Supprimé: pashmina-vert-cachemire-et-soie/image-13.jpg (3628 bytes)
   🗑️  Supprimé: pashmina-vert-cachemire-et-soie/image-16.jpg (1695 bytes)
   🗑️  Supprimé: pashmina-vert-cachemire-et-soie/image-3.jpg (2031 bytes)
   🗑️  Supprimé: chaine-de-chevilles-argent/image-8.jpg (1516 bytes)
   🗑️  Supprimé: chaine-de-chevilles-argent/image-25.jpg (1699 bytes)
   🗑️  Supprimé: chaine-de-chevilles-argent/image-24.jpg (1920 bytes)
   🗑️  Supprimé: chaine-de-chevilles-argent/image-27.jpg (2050 bytes)
   🗑️  Supprimé: chaine-de-chevilles-argent/image-20.jpg (4734 bytes)
   🗑️  Supprimé: chaine-de-chevilles-argent/image-13.jpg (1695 bytes)
   🗑️  Supprimé: chaine-de-chevilles-argent/image-12.jpg (3628 bytes)
   🗑️  Supprimé: chaine-de-chevilles-argent/image-28.jpg (1724 bytes)
   🗑️  Supprimé: chaine-de-chevilles-argent/image-1.jpg (2031 bytes)
   🗑️  Supprimé: chaine-de-chevilles-argent/image-7.jpg (4482 bytes)
   🗑️  Supprimé: bracelet-pierre-agate-rose-avec-cordon-réglable/image-25.jpg (1699 bytes)
   🗑️  Supprimé: bracelet-pierre-agate-rose-avec-cordon-réglable/image-30.jpg (1724 bytes)
   🗑️  Supprimé: bracelet-pierre-agate-rose-avec-cordon-réglable/image-24.jpg (1920 bytes)
   🗑️  Supprimé: bracelet-pierre-agate-rose-avec-cordon-réglable/image-22.jpg (4734 bytes)
   🗑️  Supprimé: bracelet-pierre-agate-rose-avec-cordon-réglable/image-10.jpg (3628 bytes)
   🗑️  Supprimé: bracelet-pierre-agate-rose-avec-cordon-réglable/image-11.jpg (1695 bytes)
   🗑️  Supprimé: bracelet-pierre-agate-rose-avec-cordon-réglable/image-28.jpg (2050 bytes)
   🗑️  Supprimé: bracelet-pierre-agate-rose-avec-cordon-réglable/image-1.jpg (2031 bytes)
   🗑️  Supprimé: bracelet-pierre-agate-rose-avec-cordon-réglable/image-7.jpg (1516 bytes)
   🗑️  Supprimé: grande-bague-argent-ajustable-turquoise/image-9.jpg (1516 bytes)
   🗑️  Supprimé: grande-bague-argent-ajustable-turquoise/image-31.jpg (4653 bytes)
   🗑️  Supprimé: grande-bague-argent-ajustable-turquoise/image-30.jpg (1724 bytes)
   🗑️  Supprimé: grande-bague-argent-ajustable-turquoise/image-24.jpg (4734 bytes)
   🗑️  Supprimé: grande-bague-argent-ajustable-turquoise/image-26.jpg (1920 bytes)
   🗑️  Supprimé: grande-bague-argent-ajustable-turquoise/image-27.jpg (1699 bytes)
   🗑️  Supprimé: grande-bague-argent-ajustable-turquoise/image-13.jpg (3628 bytes)
   🗑️  Supprimé: grande-bague-argent-ajustable-turquoise/image-29.jpg (2050 bytes)
   🗑️  Supprimé: grande-bague-argent-ajustable-turquoise/image-14.jpg (1695 bytes)
   🗑️  Supprimé: grande-bague-argent-ajustable-turquoise/image-1.jpg (2031 bytes)
   🗑️  Supprimé: jonc-indien-en-bois-noir-paon/image-25.jpg (1920 bytes)
   🗑️  Supprimé: jonc-indien-en-bois-noir-paon/image-24.jpg (4741 bytes)
   🗑️  Supprimé: jonc-indien-en-bois-noir-paon/image-32.jpg (4668 bytes)
   🗑️  Supprimé: jonc-indien-en-bois-noir-paon/image-26.jpg (1699 bytes)
   🗑️  Supprimé: jonc-indien-en-bois-noir-paon/image-23.jpg (4734 bytes)
   🗑️  Supprimé: jonc-indien-en-bois-noir-paon/image-11.jpg (3628 bytes)
   🗑️  Supprimé: jonc-indien-en-bois-noir-paon/image-12.jpg (1695 bytes)
   🗑️  Supprimé: jonc-indien-en-bois-noir-paon/image-29.jpg (1724 bytes)
   🗑️  Supprimé: jonc-indien-en-bois-noir-paon/image-28.jpg (2050 bytes)
   🗑️  Supprimé: jonc-indien-en-bois-noir-paon/image-1.jpg (2031 bytes)
   🗑️  Supprimé: jonc-indien-en-bois-noir-paon/image-5.jpg (1516 bytes)
   🗑️  Supprimé: bracelet-pierre-quartz-rose-et-une-fleur-de-lotus/image-24.jpg (2050 bytes)
   🗑️  Supprimé: bracelet-pierre-quartz-rose-et-une-fleur-de-lotus/image-27.jpg (1724 bytes)
   🗑️  Supprimé: bracelet-pierre-quartz-rose-et-une-fleur-de-lotus/image-23.jpg (1699 bytes)
   🗑️  Supprimé: bracelet-pierre-quartz-rose-et-une-fleur-de-lotus/image-22.jpg (1920 bytes)
   🗑️  Supprimé: bracelet-pierre-quartz-rose-et-une-fleur-de-lotus/image-21.jpg (4734 bytes)
   🗑️  Supprimé: bracelet-pierre-quartz-rose-et-une-fleur-de-lotus/image-10.jpg (3628 bytes)
   🗑️  Supprimé: bracelet-pierre-quartz-rose-et-une-fleur-de-lotus/image-11.jpg (1695 bytes)
   🗑️  Supprimé: bracelet-pierre-quartz-rose-et-une-fleur-de-lotus/image-2.jpg (2031 bytes)
   🗑️  Supprimé: bracelet-pierre-quartz-rose-et-une-fleur-de-lotus/image-7.jpg (1516 bytes)
   🗑️  Supprimé: chaine-de-chevilles-argentée-papillon/image-9.jpg (1516 bytes)
   🗑️  Supprimé: chaine-de-chevilles-argentée-papillon/image-24.jpg (1699 bytes)
   🗑️  Supprimé: chaine-de-chevilles-argentée-papillon/image-27.jpg (2050 bytes)
   🗑️  Supprimé: chaine-de-chevilles-argentée-papillon/image-23.jpg (1920 bytes)
   🗑️  Supprimé: chaine-de-chevilles-argentée-papillon/image-21.jpg (4734 bytes)
   🗑️  Supprimé: chaine-de-chevilles-argentée-papillon/image-13.jpg (3628 bytes)
   🗑️  Supprimé: chaine-de-chevilles-argentée-papillon/image-15.jpg (1695 bytes)
   🗑️  Supprimé: chaine-de-chevilles-argentée-papillon/image-28.jpg (1724 bytes)
   🗑️  Supprimé: chaine-de-chevilles-argentée-papillon/image-1.jpg (2031 bytes)
   🗑️  Supprimé: bracelet-pierres-naturelles-en-jaspe-noirgris/image-25.jpg (2050 bytes)
   🗑️  Supprimé: bracelet-pierres-naturelles-en-jaspe-noirgris/image-23.jpg (1699 bytes)
   🗑️  Supprimé: bracelet-pierres-naturelles-en-jaspe-noirgris/image-22.jpg (1920 bytes)
   🗑️  Supprimé: bracelet-pierres-naturelles-en-jaspe-noirgris/image-21.jpg (4734 bytes)
   🗑️  Supprimé: bracelet-pierres-naturelles-en-jaspe-noirgris/image-11.jpg (3628 bytes)
   🗑️  Supprimé: bracelet-pierres-naturelles-en-jaspe-noirgris/image-14.jpg (1695 bytes)
   🗑️  Supprimé: bracelet-pierres-naturelles-en-jaspe-noirgris/image-28.jpg (1724 bytes)
   🗑️  Supprimé: bracelet-pierres-naturelles-en-jaspe-noirgris/image-2.jpg (2031 bytes)
   🗑️  Supprimé: bracelet-pierres-naturelles-en-jaspe-noirgris/image-7.jpg (1516 bytes)
   🗑️  Supprimé: bracelet-pierres-naturelles-en-lave-et-yin-yang/image-9.jpg (3628 bytes)
   🗑️  Supprimé: bracelet-pierres-naturelles-en-lave-et-yin-yang/image-24.jpg (1699 bytes)
   🗑️  Supprimé: bracelet-pierres-naturelles-en-lave-et-yin-yang/image-26.jpg (2050 bytes)
   🗑️  Supprimé: bracelet-pierres-naturelles-en-lave-et-yin-yang/image-27.jpg (1724 bytes)
   🗑️  Supprimé: bracelet-pierres-naturelles-en-lave-et-yin-yang/image-23.jpg (1920 bytes)
   🗑️  Supprimé: bracelet-pierres-naturelles-en-lave-et-yin-yang/image-22.jpg (4734 bytes)
   🗑️  Supprimé: bracelet-pierres-naturelles-en-lave-et-yin-yang/image-13.jpg (1695 bytes)
   🗑️  Supprimé: bracelet-pierres-naturelles-en-lave-et-yin-yang/image-1.jpg (2031 bytes)
   🗑️  Supprimé: bracelet-pierres-naturelles-en-lave-et-yin-yang/image-7.jpg (1516 bytes)
   🗑️  Supprimé: joli-collier-tibetain-turquoise-et-corail/image-18.jpg (4734 bytes)
   🗑️  Supprimé: joli-collier-tibetain-turquoise-et-corail/image-24.jpg (1724 bytes)
   🗑️  Supprimé: joli-collier-tibetain-turquoise-et-corail/image-27.jpg (4653 bytes)
   🗑️  Supprimé: joli-collier-tibetain-turquoise-et-corail/image-23.jpg (2050 bytes)
   🗑️  Supprimé: joli-collier-tibetain-turquoise-et-corail/image-20.jpg (1920 bytes)
   🗑️  Supprimé: joli-collier-tibetain-turquoise-et-corail/image-21.jpg (1699 bytes)
   🗑️  Supprimé: joli-collier-tibetain-turquoise-et-corail/image-10.jpg (3628 bytes)
   🗑️  Supprimé: joli-collier-tibetain-turquoise-et-corail/image-11.jpg (1695 bytes)
   🗑️  Supprimé: joli-collier-tibetain-turquoise-et-corail/image-1.jpg (2031 bytes)
   🗑️  Supprimé: joli-collier-tibetain-turquoise-et-corail/image-7.jpg (1516 bytes)
   🗑️  Supprimé: pashmina-100-cachemire-rose/image-9.jpg (1516 bytes)
   🗑️  Supprimé: pashmina-100-cachemire-rose/image-24.jpg (2050 bytes)
   🗑️  Supprimé: pashmina-100-cachemire-rose/image-26.jpg (1724 bytes)
   🗑️  Supprimé: pashmina-100-cachemire-rose/image-23.jpg (1699 bytes)
   🗑️  Supprimé: pashmina-100-cachemire-rose/image-22.jpg (1920 bytes)
   🗑️  Supprimé: pashmina-100-cachemire-rose/image-21.jpg (4734 bytes)
   🗑️  Supprimé: pashmina-100-cachemire-rose/image-11.jpg (3628 bytes)
   🗑️  Supprimé: pashmina-100-cachemire-rose/image-14.jpg (1695 bytes)
   🗑️  Supprimé: pashmina-100-cachemire-rose/image-2.jpg (2031 bytes)
   🗑️  Supprimé: marque-page-en-bois-décor-oiseau/image-25.jpg (1699 bytes)
   🗑️  Supprimé: marque-page-en-bois-décor-oiseau/image-24.jpg (1920 bytes)
   🗑️  Supprimé: marque-page-en-bois-décor-oiseau/image-26.jpg (2050 bytes)
   🗑️  Supprimé: marque-page-en-bois-décor-oiseau/image-22.jpg (4734 bytes)
   🗑️  Supprimé: marque-page-en-bois-décor-oiseau/image-11.jpg (1516 bytes)
   🗑️  Supprimé: marque-page-en-bois-décor-oiseau/image-16.jpg (1695 bytes)
   🗑️  Supprimé: marque-page-en-bois-décor-oiseau/image-15.jpg (3628 bytes)
   🗑️  Supprimé: marque-page-en-bois-décor-oiseau/image-28.jpg (1724 bytes)
   🗑️  Supprimé: marque-page-en-bois-décor-oiseau/image-4.jpg (2031 bytes)
   🗑️  Supprimé: porte-clé-népalais-arbre-de-vie/image-24.jpg (1699 bytes)
   🗑️  Supprimé: porte-clé-népalais-arbre-de-vie/image-26.jpg (2050 bytes)
   🗑️  Supprimé: porte-clé-népalais-arbre-de-vie/image-27.jpg (1724 bytes)
   🗑️  Supprimé: porte-clé-népalais-arbre-de-vie/image-22.jpg (1920 bytes)
   🗑️  Supprimé: porte-clé-népalais-arbre-de-vie/image-21.jpg (4734 bytes)
   🗑️  Supprimé: porte-clé-népalais-arbre-de-vie/image-10.jpg (1516 bytes)
   🗑️  Supprimé: porte-clé-népalais-arbre-de-vie/image-12.jpg (3628 bytes)
   🗑️  Supprimé: porte-clé-népalais-arbre-de-vie/image-15.jpg (1695 bytes)
   🗑️  Supprimé: porte-clé-népalais-arbre-de-vie/image-3.jpg (2031 bytes)
   🗑️  Supprimé: collier-indien-en-bois-naturel/image-25.jpg (1920 bytes)
   🗑️  Supprimé: collier-indien-en-bois-naturel/image-19.jpg (4868 bytes)
   🗑️  Supprimé: collier-indien-en-bois-naturel/image-26.jpg (1699 bytes)
   🗑️  Supprimé: collier-indien-en-bois-naturel/image-27.jpg (2050 bytes)
   🗑️  Supprimé: collier-indien-en-bois-naturel/image-23.jpg (4734 bytes)
   🗑️  Supprimé: collier-indien-en-bois-naturel/image-12.jpg (1516 bytes)
   🗑️  Supprimé: collier-indien-en-bois-naturel/image-29.jpg (1724 bytes)
   🗑️  Supprimé: collier-indien-en-bois-naturel/image-15.jpg (1695 bytes)
   🗑️  Supprimé: collier-indien-en-bois-naturel/image-14.jpg (3628 bytes)
   🗑️  Supprimé: collier-indien-en-bois-naturel/image-1.jpg (2031 bytes)
   🗑️  Supprimé: collier-indien-en-bois-naturel/image-2.jpg (4712 bytes)
   🗑️  Supprimé: boucles-doreilles-argent-filigrane-en-pierre-de-lune/image-25.jpg (1920 bytes)
   🗑️  Supprimé: boucles-doreilles-argent-filigrane-en-pierre-de-lune/image-30.jpg (4653 bytes)
   🗑️  Supprimé: boucles-doreilles-argent-filigrane-en-pierre-de-lune/image-26.jpg (1699 bytes)
   🗑️  Supprimé: boucles-doreilles-argent-filigrane-en-pierre-de-lune/image-27.jpg (2050 bytes)
   🗑️  Supprimé: boucles-doreilles-argent-filigrane-en-pierre-de-lune/image-22.jpg (4734 bytes)
   🗑️  Supprimé: boucles-doreilles-argent-filigrane-en-pierre-de-lune/image-10.jpg (4482 bytes)
   🗑️  Supprimé: boucles-doreilles-argent-filigrane-en-pierre-de-lune/image-11.jpg (1516 bytes)
   🗑️  Supprimé: boucles-doreilles-argent-filigrane-en-pierre-de-lune/image-16.jpg (1695 bytes)
   🗑️  Supprimé: boucles-doreilles-argent-filigrane-en-pierre-de-lune/image-15.jpg (3628 bytes)
   🗑️  Supprimé: boucles-doreilles-argent-filigrane-en-pierre-de-lune/image-28.jpg (1724 bytes)
   🗑️  Supprimé: boucles-doreilles-argent-filigrane-en-pierre-de-lune/image-1.jpg (2031 bytes)
   🗑️  Supprimé: bracelet-pierre-agate/image-8.jpg (3628 bytes)
   🗑️  Supprimé: bracelet-pierre-agate/image-25.jpg (1699 bytes)
   🗑️  Supprimé: bracelet-pierre-agate/image-24.jpg (1920 bytes)
   🗑️  Supprimé: bracelet-pierre-agate/image-27.jpg (2050 bytes)
   🗑️  Supprimé: bracelet-pierre-agate/image-22.jpg (4734 bytes)
   🗑️  Supprimé: bracelet-pierre-agate/image-10.jpg (1695 bytes)
   🗑️  Supprimé: bracelet-pierre-agate/image-29.jpg (1724 bytes)
   🗑️  Supprimé: bracelet-pierre-agate/image-2.jpg (2031 bytes)
   🗑️  Supprimé: bracelet-pierre-agate/image-5.jpg (1516 bytes)
   🗑️  Supprimé: collier-indien-en-pierres-naturelles-calcédoine/image-9.jpg (4482 bytes)
   🗑️  Supprimé: collier-indien-en-pierres-naturelles-calcédoine/image-25.jpg (1699 bytes)
   🗑️  Supprimé: collier-indien-en-pierres-naturelles-calcédoine/image-24.jpg (1920 bytes)
   🗑️  Supprimé: collier-indien-en-pierres-naturelles-calcédoine/image-27.jpg (2050 bytes)
   🗑️  Supprimé: collier-indien-en-pierres-naturelles-calcédoine/image-23.jpg (4734 bytes)
   🗑️  Supprimé: collier-indien-en-pierres-naturelles-calcédoine/image-11.jpg (1516 bytes)
   🗑️  Supprimé: collier-indien-en-pierres-naturelles-calcédoine/image-16.jpg (1695 bytes)
   🗑️  Supprimé: collier-indien-en-pierres-naturelles-calcédoine/image-14.jpg (3628 bytes)
   🗑️  Supprimé: collier-indien-en-pierres-naturelles-calcédoine/image-28.jpg (1724 bytes)
   🗑️  Supprimé: collier-indien-en-pierres-naturelles-calcédoine/image-1.jpg (2031 bytes)
   🗑️  Supprimé: foulard-bleu-en-100soie-à-motifs-verts-et-noir/image-9.jpg (1516 bytes)
   🗑️  Supprimé: foulard-bleu-en-100soie-à-motifs-verts-et-noir/image-25.jpg (2050 bytes)
   🗑️  Supprimé: foulard-bleu-en-100soie-à-motifs-verts-et-noir/image-26.jpg (1724 bytes)
   🗑️  Supprimé: foulard-bleu-en-100soie-à-motifs-verts-et-noir/image-23.jpg (1699 bytes)
   🗑️  Supprimé: foulard-bleu-en-100soie-à-motifs-verts-et-noir/image-22.jpg (1920 bytes)
   🗑️  Supprimé: foulard-bleu-en-100soie-à-motifs-verts-et-noir/image-21.jpg (4734 bytes)
   🗑️  Supprimé: foulard-bleu-en-100soie-à-motifs-verts-et-noir/image-12.jpg (3628 bytes)
   🗑️  Supprimé: foulard-bleu-en-100soie-à-motifs-verts-et-noir/image-15.jpg (1695 bytes)
   🗑️  Supprimé: foulard-bleu-en-100soie-à-motifs-verts-et-noir/image-4.jpg (2031 bytes)
   🗑️  Supprimé: bracelet-pierre-triple-protection-obsidiennehematiteoeil-du-tigre-8-mm/image-8.jpg (1516 bytes)
   🗑️  Supprimé: bracelet-pierre-triple-protection-obsidiennehematiteoeil-du-tigre-8-mm/image-24.jpg (1699 bytes)
   🗑️  Supprimé: bracelet-pierre-triple-protection-obsidiennehematiteoeil-du-tigre-8-mm/image-27.jpg (2050 bytes)
   🗑️  Supprimé: bracelet-pierre-triple-protection-obsidiennehematiteoeil-du-tigre-8-mm/image-23.jpg (1920 bytes)
   🗑️  Supprimé: bracelet-pierre-triple-protection-obsidiennehematiteoeil-du-tigre-8-mm/image-22.jpg (4734 bytes)
   🗑️  Supprimé: bracelet-pierre-triple-protection-obsidiennehematiteoeil-du-tigre-8-mm/image-11.jpg (3628 bytes)
   🗑️  Supprimé: bracelet-pierre-triple-protection-obsidiennehematiteoeil-du-tigre-8-mm/image-13.jpg (1695 bytes)
   🗑️  Supprimé: bracelet-pierre-triple-protection-obsidiennehematiteoeil-du-tigre-8-mm/image-29.jpg (1724 bytes)
   🗑️  Supprimé: bracelet-pierre-triple-protection-obsidiennehematiteoeil-du-tigre-8-mm/image-2.jpg (2031 bytes)
   🗑️  Supprimé: bague-fleur-réglable-dorée-turquoise/image-24.jpg (1699 bytes)
   🗑️  Supprimé: bague-fleur-réglable-dorée-turquoise/image-26.jpg (2050 bytes)
   🗑️  Supprimé: bague-fleur-réglable-dorée-turquoise/image-27.jpg (1724 bytes)
   🗑️  Supprimé: bague-fleur-réglable-dorée-turquoise/image-23.jpg (1920 bytes)
   🗑️  Supprimé: bague-fleur-réglable-dorée-turquoise/image-20.jpg (4734 bytes)
   🗑️  Supprimé: bague-fleur-réglable-dorée-turquoise/image-10.jpg (1516 bytes)
   🗑️  Supprimé: bague-fleur-réglable-dorée-turquoise/image-13.jpg (1695 bytes)
   🗑️  Supprimé: bague-fleur-réglable-dorée-turquoise/image-12.jpg (3628 bytes)
   🗑️  Supprimé: bague-fleur-réglable-dorée-turquoise/image-1.jpg (2031 bytes)
   🗑️  Supprimé: collier-pierres-agate-blanc/image-25.jpg (2050 bytes)
   🗑️  Supprimé: collier-pierres-agate-blanc/image-27.jpg (1724 bytes)
   🗑️  Supprimé: collier-pierres-agate-blanc/image-22.jpg (1699 bytes)
   🗑️  Supprimé: collier-pierres-agate-blanc/image-20.jpg (4734 bytes)
   🗑️  Supprimé: collier-pierres-agate-blanc/image-21.jpg (1920 bytes)
   🗑️  Supprimé: collier-pierres-agate-blanc/image-10.jpg (1695 bytes)
   🗑️  Supprimé: collier-pierres-agate-blanc/image-1.jpg (2031 bytes)
   🗑️  Supprimé: collier-pierres-agate-blanc/image-7.jpg (3628 bytes)
   🗑️  Supprimé: collier-pierres-agate-blanc/image-4.jpg (1516 bytes)
   🗑️  Supprimé: bracelet-souple-argent-pierre-lapis-lazuli/image-9.jpg (1516 bytes)
   🗑️  Supprimé: bracelet-souple-argent-pierre-lapis-lazuli/image-25.jpg (1699 bytes)
   🗑️  Supprimé: bracelet-souple-argent-pierre-lapis-lazuli/image-24.jpg (1920 bytes)
   🗑️  Supprimé: bracelet-souple-argent-pierre-lapis-lazuli/image-26.jpg (2050 bytes)
   🗑️  Supprimé: bracelet-souple-argent-pierre-lapis-lazuli/image-23.jpg (4741 bytes)
   🗑️  Supprimé: bracelet-souple-argent-pierre-lapis-lazuli/image-22.jpg (4734 bytes)
   🗑️  Supprimé: bracelet-souple-argent-pierre-lapis-lazuli/image-13.jpg (1695 bytes)
   🗑️  Supprimé: bracelet-souple-argent-pierre-lapis-lazuli/image-12.jpg (3628 bytes)
   🗑️  Supprimé: bracelet-souple-argent-pierre-lapis-lazuli/image-28.jpg (1724 bytes)
   🗑️  Supprimé: bracelet-souple-argent-pierre-lapis-lazuli/image-2.jpg (2031 bytes)
   🗑️  Supprimé: collier-tibétain-avec-des-petites-perles-en-onyx-noir-et-turquoise/image-25.jpg (1699 bytes)
   🗑️  Supprimé: collier-tibétain-avec-des-petites-perles-en-onyx-noir-et-turquoise/image-18.jpg (4868 bytes)
   🗑️  Supprimé: collier-tibétain-avec-des-petites-perles-en-onyx-noir-et-turquoise/image-26.jpg (2050 bytes)
   🗑️  Supprimé: collier-tibétain-avec-des-petites-perles-en-onyx-noir-et-turquoise/image-23.jpg (1920 bytes)
   🗑️  Supprimé: collier-tibétain-avec-des-petites-perles-en-onyx-noir-et-turquoise/image-22.jpg (4734 bytes)
   🗑️  Supprimé: collier-tibétain-avec-des-petites-perles-en-onyx-noir-et-turquoise/image-10.jpg (1516 bytes)
   🗑️  Supprimé: collier-tibétain-avec-des-petites-perles-en-onyx-noir-et-turquoise/image-13.jpg (3628 bytes)
   🗑️  Supprimé: collier-tibétain-avec-des-petites-perles-en-onyx-noir-et-turquoise/image-29.jpg (1724 bytes)
   🗑️  Supprimé: collier-tibétain-avec-des-petites-perles-en-onyx-noir-et-turquoise/image-14.jpg (1695 bytes)
   🗑️  Supprimé: collier-tibétain-avec-des-petites-perles-en-onyx-noir-et-turquoise/image-2.jpg (2031 bytes)
   🗑️  Supprimé: pochette-brodée-patchwork/image-9.jpg (1516 bytes)
   🗑️  Supprimé: pochette-brodée-patchwork/image-25.jpg (2050 bytes)
   🗑️  Supprimé: pochette-brodée-patchwork/image-26.jpg (1724 bytes)
   🗑️  Supprimé: pochette-brodée-patchwork/image-22.jpg (1699 bytes)
   🗑️  Supprimé: pochette-brodée-patchwork/image-20.jpg (4734 bytes)
   🗑️  Supprimé: pochette-brodée-patchwork/image-21.jpg (1920 bytes)
   🗑️  Supprimé: pochette-brodée-patchwork/image-13.jpg (3628 bytes)
   🗑️  Supprimé: pochette-brodée-patchwork/image-14.jpg (1695 bytes)
   🗑️  Supprimé: pochette-brodée-patchwork/image-2.jpg (2031 bytes)
   🗑️  Supprimé: étole-mauve-100-coton-avec-nuance-de-couleur/image-25.jpg (2050 bytes)
   🗑️  Supprimé: étole-mauve-100-coton-avec-nuance-de-couleur/image-18.jpg (1695 bytes)
   🗑️  Supprimé: étole-mauve-100-coton-avec-nuance-de-couleur/image-24.jpg (1699 bytes)
   🗑️  Supprimé: étole-mauve-100-coton-avec-nuance-de-couleur/image-27.jpg (1724 bytes)
   🗑️  Supprimé: étole-mauve-100-coton-avec-nuance-de-couleur/image-23.jpg (1920 bytes)
   🗑️  Supprimé: étole-mauve-100-coton-avec-nuance-de-couleur/image-22.jpg (4734 bytes)
   🗑️  Supprimé: étole-mauve-100-coton-avec-nuance-de-couleur/image-13.jpg (1516 bytes)
   🗑️  Supprimé: étole-mauve-100-coton-avec-nuance-de-couleur/image-17.jpg (3628 bytes)
   🗑️  Supprimé: étole-mauve-100-coton-avec-nuance-de-couleur/image-4.jpg (2031 bytes)
   🗑️  Supprimé: pashmina-turquoisenoir-100-cachemire/image-8.jpg (3628 bytes)
   🗑️  Supprimé: pashmina-turquoisenoir-100-cachemire/image-25.jpg (2050 bytes)
   🗑️  Supprimé: pashmina-turquoisenoir-100-cachemire/image-19.jpg (4734 bytes)
   🗑️  Supprimé: pashmina-turquoisenoir-100-cachemire/image-26.jpg (1724 bytes)
   🗑️  Supprimé: pashmina-turquoisenoir-100-cachemire/image-22.jpg (1699 bytes)
   🗑️  Supprimé: pashmina-turquoisenoir-100-cachemire/image-21.jpg (1920 bytes)
   🗑️  Supprimé: pashmina-turquoisenoir-100-cachemire/image-10.jpg (1695 bytes)
   🗑️  Supprimé: pashmina-turquoisenoir-100-cachemire/image-2.jpg (2031 bytes)
   🗑️  Supprimé: pashmina-turquoisenoir-100-cachemire/image-6.jpg (1516 bytes)
   🗑️  Supprimé: sac-soie-et-coton-usage-facile/image-25.jpg (2050 bytes)
   🗑️  Supprimé: sac-soie-et-coton-usage-facile/image-24.jpg (1699 bytes)
   🗑️  Supprimé: sac-soie-et-coton-usage-facile/image-27.jpg (1724 bytes)
   🗑️  Supprimé: sac-soie-et-coton-usage-facile/image-23.jpg (1920 bytes)
   🗑️  Supprimé: sac-soie-et-coton-usage-facile/image-22.jpg (4734 bytes)
   🗑️  Supprimé: sac-soie-et-coton-usage-facile/image-10.jpg (1516 bytes)
   🗑️  Supprimé: sac-soie-et-coton-usage-facile/image-13.jpg (3628 bytes)
   🗑️  Supprimé: sac-soie-et-coton-usage-facile/image-14.jpg (1695 bytes)
   🗑️  Supprimé: sac-soie-et-coton-usage-facile/image-2.jpg (2031 bytes)
   🗑️  Supprimé: collier-mala-tibétain-agate-bleu-avec-des-pierres-6mm/image-26.jpg (2050 bytes)
   🗑️  Supprimé: collier-mala-tibétain-agate-bleu-avec-des-pierres-6mm/image-22.jpg (1699 bytes)
   🗑️  Supprimé: collier-mala-tibétain-agate-bleu-avec-des-pierres-6mm/image-20.jpg (4734 bytes)
   🗑️  Supprimé: collier-mala-tibétain-agate-bleu-avec-des-pierres-6mm/image-21.jpg (1920 bytes)
   🗑️  Supprimé: collier-mala-tibétain-agate-bleu-avec-des-pierres-6mm/image-11.jpg (3628 bytes)
   🗑️  Supprimé: collier-mala-tibétain-agate-bleu-avec-des-pierres-6mm/image-12.jpg (1695 bytes)
   🗑️  Supprimé: collier-mala-tibétain-agate-bleu-avec-des-pierres-6mm/image-29.jpg (1724 bytes)
   🗑️  Supprimé: collier-mala-tibétain-agate-bleu-avec-des-pierres-6mm/image-2.jpg (2031 bytes)
   🗑️  Supprimé: collier-mala-tibétain-agate-bleu-avec-des-pierres-6mm/image-7.jpg (1516 bytes)
   🗑️  Supprimé: bracelet-jonc-argente-avec-1-pierre-de-lune/image-8.jpg (1516 bytes)
   🗑️  Supprimé: bracelet-jonc-argente-avec-1-pierre-de-lune/image-25.jpg (1699 bytes)
   🗑️  Supprimé: bracelet-jonc-argente-avec-1-pierre-de-lune/image-24.jpg (1920 bytes)
   🗑️  Supprimé: bracelet-jonc-argente-avec-1-pierre-de-lune/image-26.jpg (2050 bytes)
   🗑️  Supprimé: bracelet-jonc-argente-avec-1-pierre-de-lune/image-22.jpg (4734 bytes)
   🗑️  Supprimé: bracelet-jonc-argente-avec-1-pierre-de-lune/image-29.jpg (1724 bytes)
   🗑️  Supprimé: bracelet-jonc-argente-avec-1-pierre-de-lune/image-15.jpg (1695 bytes)
   🗑️  Supprimé: bracelet-jonc-argente-avec-1-pierre-de-lune/image-14.jpg (3628 bytes)
   🗑️  Supprimé: bracelet-jonc-argente-avec-1-pierre-de-lune/image-1.jpg (2031 bytes)
   🗑️  Supprimé: bracelet-pierres-naturelles-agate-multicolor/image-30.jpg (1724 bytes)
   🗑️  Supprimé: bracelet-pierres-naturelles-agate-multicolor/image-24.jpg (1699 bytes)
   🗑️  Supprimé: bracelet-pierres-naturelles-agate-multicolor/image-23.jpg (1920 bytes)
   🗑️  Supprimé: bracelet-pierres-naturelles-agate-multicolor/image-22.jpg (4734 bytes)
   🗑️  Supprimé: bracelet-pierres-naturelles-agate-multicolor/image-13.jpg (1695 bytes)
   🗑️  Supprimé: bracelet-pierres-naturelles-agate-multicolor/image-12.jpg (3628 bytes)
   🗑️  Supprimé: bracelet-pierres-naturelles-agate-multicolor/image-28.jpg (2050 bytes)
   🗑️  Supprimé: bracelet-pierres-naturelles-agate-multicolor/image-2.jpg (2031 bytes)
   🗑️  Supprimé: bracelet-pierres-naturelles-agate-multicolor/image-7.jpg (1516 bytes)
   🗑️  Supprimé: bracelet-pierres-naturelles-7-chakras/image-9.jpg (3628 bytes)
   🗑️  Supprimé: bracelet-pierres-naturelles-7-chakras/image-25.jpg (1699 bytes)
   🗑️  Supprimé: bracelet-pierres-naturelles-7-chakras/image-24.jpg (1920 bytes)
   🗑️  Supprimé: bracelet-pierres-naturelles-7-chakras/image-27.jpg (2050 bytes)
   🗑️  Supprimé: bracelet-pierres-naturelles-7-chakras/image-23.jpg (4734 bytes)
   🗑️  Supprimé: bracelet-pierres-naturelles-7-chakras/image-12.jpg (1695 bytes)
   🗑️  Supprimé: bracelet-pierres-naturelles-7-chakras/image-29.jpg (1724 bytes)
   🗑️  Supprimé: bracelet-pierres-naturelles-7-chakras/image-1.jpg (2031 bytes)
   🗑️  Supprimé: bracelet-pierres-naturelles-7-chakras/image-5.jpg (1516 bytes)
   🗑️  Supprimé: bague-élastique-avec-perles-3mm-grenat/image-19.jpg (4734 bytes)
   🗑️  Supprimé: bague-élastique-avec-perles-3mm-grenat/image-24.jpg (2050 bytes)
   🗑️  Supprimé: bague-élastique-avec-perles-3mm-grenat/image-26.jpg (1724 bytes)
   🗑️  Supprimé: bague-élastique-avec-perles-3mm-grenat/image-22.jpg (1699 bytes)
   🗑️  Supprimé: bague-élastique-avec-perles-3mm-grenat/image-21.jpg (1920 bytes)
   🗑️  Supprimé: bague-élastique-avec-perles-3mm-grenat/image-10.jpg (3628 bytes)
   🗑️  Supprimé: bague-élastique-avec-perles-3mm-grenat/image-11.jpg (1695 bytes)
   🗑️  Supprimé: bague-élastique-avec-perles-3mm-grenat/image-1.jpg (2031 bytes)
   🗑️  Supprimé: bague-élastique-avec-perles-3mm-grenat/image-7.jpg (1516 bytes)
   🗑️  Supprimé: collier-metal-argente-ras-du-cou/image-25.jpg (1699 bytes)
   🗑️  Supprimé: collier-metal-argente-ras-du-cou/image-24.jpg (1920 bytes)
   🗑️  Supprimé: collier-metal-argente-ras-du-cou/image-22.jpg (4734 bytes)
   🗑️  Supprimé: collier-metal-argente-ras-du-cou/image-10.jpg (4482 bytes)
   🗑️  Supprimé: collier-metal-argente-ras-du-cou/image-11.jpg (1516 bytes)
   🗑️  Supprimé: collier-metal-argente-ras-du-cou/image-29.jpg (1724 bytes)
   🗑️  Supprimé: collier-metal-argente-ras-du-cou/image-15.jpg (1695 bytes)
   🗑️  Supprimé: collier-metal-argente-ras-du-cou/image-14.jpg (3628 bytes)
   🗑️  Supprimé: collier-metal-argente-ras-du-cou/image-28.jpg (2050 bytes)
   🗑️  Supprimé: collier-metal-argente-ras-du-cou/image-1.jpg (2031 bytes)
   🗑️  Supprimé: bracelet-pierre-du-soleil/image-24.jpg (1699 bytes)
   🗑️  Supprimé: bracelet-pierre-du-soleil/image-26.jpg (2050 bytes)
   🗑️  Supprimé: bracelet-pierre-du-soleil/image-23.jpg (1920 bytes)
   🗑️  Supprimé: bracelet-pierre-du-soleil/image-21.jpg (4734 bytes)
   🗑️  Supprimé: bracelet-pierre-du-soleil/image-10.jpg (3628 bytes)
   🗑️  Supprimé: bracelet-pierre-du-soleil/image-11.jpg (1695 bytes)
   🗑️  Supprimé: bracelet-pierre-du-soleil/image-29.jpg (1724 bytes)
   🗑️  Supprimé: bracelet-pierre-du-soleil/image-1.jpg (2031 bytes)
   🗑️  Supprimé: bracelet-pierre-du-soleil/image-6.jpg (1516 bytes)
   🗑️  Supprimé: collier-indien-en-bois-noir/image-25.jpg (1699 bytes)
   🗑️  Supprimé: collier-indien-en-bois-noir/image-30.jpg (1724 bytes)
   🗑️  Supprimé: collier-indien-en-bois-noir/image-24.jpg (1920 bytes)
   🗑️  Supprimé: collier-indien-en-bois-noir/image-23.jpg (4734 bytes)
   🗑️  Supprimé: collier-indien-en-bois-noir/image-11.jpg (1516 bytes)
   🗑️  Supprimé: collier-indien-en-bois-noir/image-15.jpg (1695 bytes)
   🗑️  Supprimé: collier-indien-en-bois-noir/image-14.jpg (3628 bytes)
   🗑️  Supprimé: collier-indien-en-bois-noir/image-28.jpg (2050 bytes)
   🗑️  Supprimé: collier-indien-en-bois-noir/image-1.jpg (2031 bytes)
   🗑️  Supprimé: collier-indien-en-bois-noir/image-2.jpg (4712 bytes)
   🗑️  Supprimé: bracelet-pierres-naturelles-agate-vert/image-25.jpg (1699 bytes)
   🗑️  Supprimé: bracelet-pierres-naturelles-agate-vert/image-24.jpg (1920 bytes)
   🗑️  Supprimé: bracelet-pierres-naturelles-agate-vert/image-26.jpg (2050 bytes)
   🗑️  Supprimé: bracelet-pierres-naturelles-agate-vert/image-23.jpg (4734 bytes)
   🗑️  Supprimé: bracelet-pierres-naturelles-agate-vert/image-12.jpg (3628 bytes)
   🗑️  Supprimé: bracelet-pierres-naturelles-agate-vert/image-15.jpg (1695 bytes)
   🗑️  Supprimé: bracelet-pierres-naturelles-agate-vert/image-28.jpg (1724 bytes)
   🗑️  Supprimé: bracelet-pierres-naturelles-agate-vert/image-1.jpg (2031 bytes)
   🗑️  Supprimé: bracelet-pierres-naturelles-agate-vert/image-6.jpg (1516 bytes)
   🗑️  Supprimé: boucles-doreille-argent-avec-pierre-naturelle-saphir/image-9.jpg (1516 bytes)
   🗑️  Supprimé: boucles-doreille-argent-avec-pierre-naturelle-saphir/image-8.jpg (4482 bytes)
   🗑️  Supprimé: boucles-doreille-argent-avec-pierre-naturelle-saphir/image-25.jpg (7087 bytes)
   🗑️  Supprimé: boucles-doreille-argent-avec-pierre-naturelle-saphir/image-31.jpg (8663 bytes)
   🗑️  Supprimé: boucles-doreille-argent-avec-pierre-naturelle-saphir/image-19.jpg (7201 bytes)
   🗑️  Supprimé: boucles-doreille-argent-avec-pierre-naturelle-saphir/image-18.jpg (6551 bytes)
   🗑️  Supprimé: boucles-doreille-argent-avec-pierre-naturelle-saphir/image-30.jpg (4653 bytes)
   🗑️  Supprimé: boucles-doreille-argent-avec-pierre-naturelle-saphir/image-24.jpg (1699 bytes)
   🗑️  Supprimé: boucles-doreille-argent-avec-pierre-naturelle-saphir/image-32.jpg (8399 bytes)
   🗑️  Supprimé: boucles-doreille-argent-avec-pierre-naturelle-saphir/image-26.jpg (5862 bytes)
   🗑️  Supprimé: boucles-doreille-argent-avec-pierre-naturelle-saphir/image-27.jpg (2050 bytes)
   🗑️  Supprimé: boucles-doreille-argent-avec-pierre-naturelle-saphir/image-23.jpg (1920 bytes)
   🗑️  Supprimé: boucles-doreille-argent-avec-pierre-naturelle-saphir/image-22.jpg (5411 bytes)
   🗑️  Supprimé: boucles-doreille-argent-avec-pierre-naturelle-saphir/image-20.jpg (4734 bytes)
   🗑️  Supprimé: boucles-doreille-argent-avec-pierre-naturelle-saphir/image-21.jpg (8472 bytes)
   🗑️  Supprimé: boucles-doreille-argent-avec-pierre-naturelle-saphir/image-10.jpg (7531 bytes)
   🗑️  Supprimé: boucles-doreille-argent-avec-pierre-naturelle-saphir/image-11.jpg (12781 bytes)
   🗑️  Supprimé: boucles-doreille-argent-avec-pierre-naturelle-saphir/image-13.jpg (3628 bytes)
   🗑️  Supprimé: boucles-doreille-argent-avec-pierre-naturelle-saphir/image-12.jpg (9124 bytes)
   🗑️  Supprimé: boucles-doreille-argent-avec-pierre-naturelle-saphir/image-16.jpg (19332 bytes)
   🗑️  Supprimé: boucles-doreille-argent-avec-pierre-naturelle-saphir/image-17.jpg (5786 bytes)
   🗑️  Supprimé: boucles-doreille-argent-avec-pierre-naturelle-saphir/image-29.jpg (7473 bytes)
   🗑️  Supprimé: boucles-doreille-argent-avec-pierre-naturelle-saphir/image-15.jpg (7311 bytes)
   🗑️  Supprimé: boucles-doreille-argent-avec-pierre-naturelle-saphir/image-14.jpg (1695 bytes)
   🗑️  Supprimé: boucles-doreille-argent-avec-pierre-naturelle-saphir/image-28.jpg (1724 bytes)
   🗑️  Supprimé: boucles-doreille-argent-avec-pierre-naturelle-saphir/image-1.jpg (2031 bytes)
   🗑️  Supprimé: boucles-doreille-argent-avec-pierre-naturelle-saphir/image-3.jpg (7042 bytes)
   🗑️  Supprimé: boucles-doreille-argent-avec-pierre-naturelle-saphir/image-2.jpg (7054 bytes)
   🗑️  Supprimé: boucles-doreille-argent-avec-pierre-naturelle-saphir/image-6.jpg (14639 bytes)
   🗑️  Supprimé: boucles-doreille-argent-avec-pierre-naturelle-saphir/image-7.jpg (6949 bytes)
   🗑️  Supprimé: boucles-doreille-argent-avec-pierre-naturelle-saphir/image-5.jpg (8006 bytes)
   🗑️  Supprimé: boucles-doreille-argent-avec-pierre-naturelle-saphir/image-4.jpg (11052 bytes)
   🗑️  Supprimé: boucles-doreilles-meenakari-noires-et-rouges/image-25.jpg (4478 bytes)
   🗑️  Supprimé: boucles-doreilles-meenakari-noires-et-rouges/image-31.jpg (1724 bytes)
   🗑️  Supprimé: boucles-doreilles-meenakari-noires-et-rouges/image-24.jpg (4734 bytes)
   🗑️  Supprimé: boucles-doreilles-meenakari-noires-et-rouges/image-26.jpg (1920 bytes)
   🗑️  Supprimé: boucles-doreilles-meenakari-noires-et-rouges/image-27.jpg (1699 bytes)
   🗑️  Supprimé: boucles-doreilles-meenakari-noires-et-rouges/image-10.jpg (1516 bytes)
   🗑️  Supprimé: boucles-doreilles-meenakari-noires-et-rouges/image-16.jpg (1695 bytes)
   🗑️  Supprimé: boucles-doreilles-meenakari-noires-et-rouges/image-29.jpg (2050 bytes)
   🗑️  Supprimé: boucles-doreilles-meenakari-noires-et-rouges/image-15.jpg (3628 bytes)
   🗑️  Supprimé: boucles-doreilles-meenakari-noires-et-rouges/image-1.jpg (2031 bytes)
   🗑️  Supprimé: boucles-doreilles-meenakari-noires-et-rouges/image-2.jpg (4712 bytes)
   🗑️  Supprimé: etole-bleue-et-jaune/image-25.jpg (2050 bytes)
   🗑️  Supprimé: etole-bleue-et-jaune/image-24.jpg (1699 bytes)
   🗑️  Supprimé: etole-bleue-et-jaune/image-27.jpg (1724 bytes)
   🗑️  Supprimé: etole-bleue-et-jaune/image-23.jpg (1920 bytes)
   🗑️  Supprimé: etole-bleue-et-jaune/image-22.jpg (4734 bytes)
   🗑️  Supprimé: etole-bleue-et-jaune/image-10.jpg (1516 bytes)
   🗑️  Supprimé: etole-bleue-et-jaune/image-12.jpg (3628 bytes)
   🗑️  Supprimé: etole-bleue-et-jaune/image-15.jpg (1695 bytes)
   🗑️  Supprimé: etole-bleue-et-jaune/image-4.jpg (2031 bytes)
   🗑️  Supprimé: bague-fine-plaqué-argent-et-agate-verte/image-9.jpg (1516 bytes)
   🗑️  Supprimé: bague-fine-plaqué-argent-et-agate-verte/image-8.jpg (4482 bytes)
   🗑️  Supprimé: bague-fine-plaqué-argent-et-agate-verte/image-25.jpg (1699 bytes)
   🗑️  Supprimé: bague-fine-plaqué-argent-et-agate-verte/image-24.jpg (1920 bytes)
   🗑️  Supprimé: bague-fine-plaqué-argent-et-agate-verte/image-23.jpg (4820 bytes)
   🗑️  Supprimé: bague-fine-plaqué-argent-et-agate-verte/image-20.jpg (4734 bytes)
   🗑️  Supprimé: bague-fine-plaqué-argent-et-agate-verte/image-29.jpg (1724 bytes)
   🗑️  Supprimé: bague-fine-plaqué-argent-et-agate-verte/image-15.jpg (1695 bytes)
   🗑️  Supprimé: bague-fine-plaqué-argent-et-agate-verte/image-14.jpg (3628 bytes)
   🗑️  Supprimé: bague-fine-plaqué-argent-et-agate-verte/image-28.jpg (2050 bytes)
   🗑️  Supprimé: bague-fine-plaqué-argent-et-agate-verte/image-1.jpg (2031 bytes)
   🗑️  Supprimé: boucles-doreille-tibétaines-colorées/image-25.jpg (1699 bytes)
   🗑️  Supprimé: boucles-doreille-tibétaines-colorées/image-24.jpg (1920 bytes)
   🗑️  Supprimé: boucles-doreille-tibétaines-colorées/image-27.jpg (2050 bytes)
   🗑️  Supprimé: boucles-doreille-tibétaines-colorées/image-22.jpg (4734 bytes)
   🗑️  Supprimé: boucles-doreille-tibétaines-colorées/image-12.jpg (1516 bytes)
   🗑️  Supprimé: boucles-doreille-tibétaines-colorées/image-29.jpg (1724 bytes)
   🗑️  Supprimé: boucles-doreille-tibétaines-colorées/image-15.jpg (1695 bytes)
   🗑️  Supprimé: boucles-doreille-tibétaines-colorées/image-14.jpg (3628 bytes)
   🗑️  Supprimé: boucles-doreille-tibétaines-colorées/image-1.jpg (2031 bytes)
   🗑️  Supprimé: boucles-doreille-tibétaines-colorées/image-2.jpg (4712 bytes)
   🗑️  Supprimé: bracelet-en-pierres-pierre-de-lune/image-25.jpg (1699 bytes)
   🗑️  Supprimé: bracelet-en-pierres-pierre-de-lune/image-24.jpg (1920 bytes)
   🗑️  Supprimé: bracelet-en-pierres-pierre-de-lune/image-26.jpg (2050 bytes)
   🗑️  Supprimé: bracelet-en-pierres-pierre-de-lune/image-27.jpg (1724 bytes)
   🗑️  Supprimé: bracelet-en-pierres-pierre-de-lune/image-23.jpg (4734 bytes)
   🗑️  Supprimé: bracelet-en-pierres-pierre-de-lune/image-11.jpg (3628 bytes)
   🗑️  Supprimé: bracelet-en-pierres-pierre-de-lune/image-13.jpg (1695 bytes)
   🗑️  Supprimé: bracelet-en-pierres-pierre-de-lune/image-2.jpg (2031 bytes)
   🗑️  Supprimé: bracelet-en-pierres-pierre-de-lune/image-7.jpg (1516 bytes)
   🗑️  Supprimé: boucles-doreilles-dorées-créoles-spirale/image-25.jpg (1920 bytes)
   🗑️  Supprimé: boucles-doreilles-dorées-créoles-spirale/image-30.jpg (1724 bytes)
   🗑️  Supprimé: boucles-doreilles-dorées-créoles-spirale/image-26.jpg (1699 bytes)
   🗑️  Supprimé: boucles-doreilles-dorées-créoles-spirale/image-22.jpg (4734 bytes)
   🗑️  Supprimé: boucles-doreilles-dorées-créoles-spirale/image-20.jpg (4868 bytes)
   🗑️  Supprimé: boucles-doreilles-dorées-créoles-spirale/image-13.jpg (1516 bytes)
   🗑️  Supprimé: boucles-doreilles-dorées-créoles-spirale/image-16.jpg (1695 bytes)
   🗑️  Supprimé: boucles-doreilles-dorées-créoles-spirale/image-15.jpg (3628 bytes)
   🗑️  Supprimé: boucles-doreilles-dorées-créoles-spirale/image-28.jpg (2050 bytes)
   🗑️  Supprimé: boucles-doreilles-dorées-créoles-spirale/image-3.jpg (4712 bytes)
   🗑️  Supprimé: boucles-doreilles-dorées-créoles-spirale/image-2.jpg (2031 bytes)
   🗑️  Supprimé: boucles-doreilles-argent-triangle-et-péridot-taillé/image-9.jpg (4482 bytes)
   🗑️  Supprimé: boucles-doreilles-argent-triangle-et-péridot-taillé/image-24.jpg (4734 bytes)
   🗑️  Supprimé: boucles-doreilles-argent-triangle-et-péridot-taillé/image-26.jpg (1920 bytes)
   🗑️  Supprimé: boucles-doreilles-argent-triangle-et-péridot-taillé/image-27.jpg (1699 bytes)
   🗑️  Supprimé: boucles-doreilles-argent-triangle-et-péridot-taillé/image-10.jpg (1516 bytes)
   🗑️  Supprimé: boucles-doreilles-argent-triangle-et-péridot-taillé/image-29.jpg (1724 bytes)
   🗑️  Supprimé: boucles-doreilles-argent-triangle-et-péridot-taillé/image-15.jpg (1695 bytes)
   🗑️  Supprimé: boucles-doreilles-argent-triangle-et-péridot-taillé/image-14.jpg (3628 bytes)
   🗑️  Supprimé: boucles-doreilles-argent-triangle-et-péridot-taillé/image-28.jpg (2050 bytes)
   🗑️  Supprimé: boucles-doreilles-argent-triangle-et-péridot-taillé/image-1.jpg (2031 bytes)
   🗑️  Supprimé: bague-fine-argent-2-topazes-taillées/image-25.jpg (2050 bytes)
   🗑️  Supprimé: bague-fine-argent-2-topazes-taillées/image-18.jpg (4734 bytes)
   🗑️  Supprimé: bague-fine-argent-2-topazes-taillées/image-27.jpg (1724 bytes)
   🗑️  Supprimé: bague-fine-argent-2-topazes-taillées/image-23.jpg (1699 bytes)
   🗑️  Supprimé: bague-fine-argent-2-topazes-taillées/image-22.jpg (1920 bytes)
   🗑️  Supprimé: bague-fine-argent-2-topazes-taillées/image-10.jpg (4482 bytes)
   🗑️  Supprimé: bague-fine-argent-2-topazes-taillées/image-13.jpg (3628 bytes)
   🗑️  Supprimé: bague-fine-argent-2-topazes-taillées/image-12.jpg (1516 bytes)
   🗑️  Supprimé: bague-fine-argent-2-topazes-taillées/image-29.jpg (4653 bytes)
   🗑️  Supprimé: bague-fine-argent-2-topazes-taillées/image-14.jpg (1695 bytes)
   🗑️  Supprimé: bague-fine-argent-2-topazes-taillées/image-1.jpg (2031 bytes)
   🗑️  Supprimé: bracelet-en-pierres-naturelles-en-cornaline/image-9.jpg (3628 bytes)
   🗑️  Supprimé: bracelet-en-pierres-naturelles-en-cornaline/image-26.jpg (2050 bytes)
   🗑️  Supprimé: bracelet-en-pierres-naturelles-en-cornaline/image-22.jpg (1699 bytes)
   🗑️  Supprimé: bracelet-en-pierres-naturelles-en-cornaline/image-20.jpg (4734 bytes)
   🗑️  Supprimé: bracelet-en-pierres-naturelles-en-cornaline/image-21.jpg (1920 bytes)
   🗑️  Supprimé: bracelet-en-pierres-naturelles-en-cornaline/image-11.jpg (1695 bytes)
   🗑️  Supprimé: bracelet-en-pierres-naturelles-en-cornaline/image-29.jpg (1724 bytes)
   🗑️  Supprimé: bracelet-en-pierres-naturelles-en-cornaline/image-2.jpg (2031 bytes)
   🗑️  Supprimé: bracelet-en-pierres-naturelles-en-cornaline/image-7.jpg (1516 bytes)
   🗑️  Supprimé: bracelet-argent-onyx-vert/image-25.jpg (1699 bytes)
   🗑️  Supprimé: bracelet-argent-onyx-vert/image-31.jpg (4668 bytes)
   🗑️  Supprimé: bracelet-argent-onyx-vert/image-24.jpg (1920 bytes)
   🗑️  Supprimé: bracelet-argent-onyx-vert/image-26.jpg (2050 bytes)
   🗑️  Supprimé: bracelet-argent-onyx-vert/image-22.jpg (4734 bytes)
   🗑️  Supprimé: bracelet-argent-onyx-vert/image-10.jpg (3628 bytes)
   🗑️  Supprimé: bracelet-argent-onyx-vert/image-11.jpg (1695 bytes)
   🗑️  Supprimé: bracelet-argent-onyx-vert/image-28.jpg (1724 bytes)
   🗑️  Supprimé: bracelet-argent-onyx-vert/image-2.jpg (2031 bytes)
   🗑️  Supprimé: bracelet-argent-onyx-vert/image-6.jpg (1516 bytes)
   🗑️  Supprimé: grandes-boucles-doreilles-argent-en-pierre-de-lune/image-9.jpg (1516 bytes)
   🗑️  Supprimé: grandes-boucles-doreilles-argent-en-pierre-de-lune/image-26.jpg (2050 bytes)
   🗑️  Supprimé: grandes-boucles-doreilles-argent-en-pierre-de-lune/image-27.jpg (1724 bytes)
   🗑️  Supprimé: grandes-boucles-doreilles-argent-en-pierre-de-lune/image-23.jpg (1699 bytes)
   🗑️  Supprimé: grandes-boucles-doreilles-argent-en-pierre-de-lune/image-22.jpg (1920 bytes)
   🗑️  Supprimé: grandes-boucles-doreilles-argent-en-pierre-de-lune/image-20.jpg (4734 bytes)
   🗑️  Supprimé: grandes-boucles-doreilles-argent-en-pierre-de-lune/image-13.jpg (1695 bytes)
   🗑️  Supprimé: grandes-boucles-doreilles-argent-en-pierre-de-lune/image-12.jpg (3628 bytes)
   🗑️  Supprimé: grandes-boucles-doreilles-argent-en-pierre-de-lune/image-1.jpg (2031 bytes)
   🗑️  Supprimé: boucles-doreilles-argent-avec-pierre-en-turquoise/image-8.jpg (1516 bytes)
   🗑️  Supprimé: boucles-doreilles-argent-avec-pierre-en-turquoise/image-24.jpg (1699 bytes)
   🗑️  Supprimé: boucles-doreilles-argent-avec-pierre-en-turquoise/image-27.jpg (2050 bytes)
   🗑️  Supprimé: boucles-doreilles-argent-avec-pierre-en-turquoise/image-23.jpg (1920 bytes)
   🗑️  Supprimé: boucles-doreilles-argent-avec-pierre-en-turquoise/image-20.jpg (4734 bytes)
   🗑️  Supprimé: boucles-doreilles-argent-avec-pierre-en-turquoise/image-10.jpg (3628 bytes)
   🗑️  Supprimé: boucles-doreilles-argent-avec-pierre-en-turquoise/image-11.jpg (1695 bytes)
   🗑️  Supprimé: boucles-doreilles-argent-avec-pierre-en-turquoise/image-28.jpg (1724 bytes)
   🗑️  Supprimé: boucles-doreilles-argent-avec-pierre-en-turquoise/image-1.jpg (2031 bytes)
   🗑️  Supprimé: bracelet-pierre-en-turquoise-sur-macramé/image-25.jpg (4734 bytes)
   🗑️  Supprimé: bracelet-pierre-en-turquoise-sur-macramé/image-30.jpg (1724 bytes)
   🗑️  Supprimé: bracelet-pierre-en-turquoise-sur-macramé/image-27.jpg (1920 bytes)
   🗑️  Supprimé: bracelet-pierre-en-turquoise-sur-macramé/image-29.jpg (2050 bytes)
   🗑️  Supprimé: bracelet-pierre-en-turquoise-sur-macramé/image-15.jpg (1695 bytes)
   🗑️  Supprimé: bracelet-pierre-en-turquoise-sur-macramé/image-14.jpg (3628 bytes)
   🗑️  Supprimé: bracelet-pierre-en-turquoise-sur-macramé/image-28.jpg (1699 bytes)
   🗑️  Supprimé: bracelet-pierre-en-turquoise-sur-macramé/image-1.jpg (2031 bytes)
   🗑️  Supprimé: bracelet-pierre-en-turquoise-sur-macramé/image-7.jpg (1516 bytes)
   🗑️  Supprimé: etole-100-coton-blanc-à-fleurs/image-24.jpg (1699 bytes)
   🗑️  Supprimé: etole-100-coton-blanc-à-fleurs/image-26.jpg (2050 bytes)
   🗑️  Supprimé: etole-100-coton-blanc-à-fleurs/image-27.jpg (1724 bytes)
   🗑️  Supprimé: etole-100-coton-blanc-à-fleurs/image-23.jpg (1920 bytes)
   🗑️  Supprimé: etole-100-coton-blanc-à-fleurs/image-22.jpg (4734 bytes)
   🗑️  Supprimé: etole-100-coton-blanc-à-fleurs/image-11.jpg (1516 bytes)
   🗑️  Supprimé: etole-100-coton-blanc-à-fleurs/image-17.jpg (1695 bytes)
   🗑️  Supprimé: etole-100-coton-blanc-à-fleurs/image-14.jpg (3628 bytes)
   🗑️  Supprimé: etole-100-coton-blanc-à-fleurs/image-4.jpg (2031 bytes)
   🗑️  Supprimé: pendentif-argent-grenat-avec-son-cordon-en-cuir-noir/image-25.jpg (1699 bytes)
   🗑️  Supprimé: pendentif-argent-grenat-avec-son-cordon-en-cuir-noir/image-30.jpg (4653 bytes)
   🗑️  Supprimé: pendentif-argent-grenat-avec-son-cordon-en-cuir-noir/image-24.jpg (1920 bytes)
   🗑️  Supprimé: pendentif-argent-grenat-avec-son-cordon-en-cuir-noir/image-26.jpg (2050 bytes)
   🗑️  Supprimé: pendentif-argent-grenat-avec-son-cordon-en-cuir-noir/image-27.jpg (1724 bytes)
   🗑️  Supprimé: pendentif-argent-grenat-avec-son-cordon-en-cuir-noir/image-21.jpg (4734 bytes)
   🗑️  Supprimé: pendentif-argent-grenat-avec-son-cordon-en-cuir-noir/image-13.jpg (1695 bytes)
   🗑️  Supprimé: pendentif-argent-grenat-avec-son-cordon-en-cuir-noir/image-12.jpg (3628 bytes)
   🗑️  Supprimé: pendentif-argent-grenat-avec-son-cordon-en-cuir-noir/image-1.jpg (2031 bytes)
   🗑️  Supprimé: pendentif-argent-grenat-avec-son-cordon-en-cuir-noir/image-7.jpg (1516 bytes)
   🗑️  Supprimé: chaine-de-chevilles-argentée/image-25.jpg (1699 bytes)
   🗑️  Supprimé: chaine-de-chevilles-argentée/image-24.jpg (1920 bytes)
   🗑️  Supprimé: chaine-de-chevilles-argentée/image-27.jpg (2050 bytes)
   🗑️  Supprimé: chaine-de-chevilles-argentée/image-22.jpg (4734 bytes)
   🗑️  Supprimé: chaine-de-chevilles-argentée/image-10.jpg (4482 bytes)
   🗑️  Supprimé: chaine-de-chevilles-argentée/image-11.jpg (1516 bytes)
   🗑️  Supprimé: chaine-de-chevilles-argentée/image-16.jpg (1695 bytes)
   🗑️  Supprimé: chaine-de-chevilles-argentée/image-15.jpg (3628 bytes)
   🗑️  Supprimé: chaine-de-chevilles-argentée/image-28.jpg (1724 bytes)
   🗑️  Supprimé: chaine-de-chevilles-argentée/image-1.jpg (2031 bytes)
   🗑️  Supprimé: bracelet-tibetain-turquoise/image-9.jpg (1516 bytes)
   🗑️  Supprimé: bracelet-tibetain-turquoise/image-25.jpg (1699 bytes)
   🗑️  Supprimé: bracelet-tibetain-turquoise/image-24.jpg (1920 bytes)
   🗑️  Supprimé: bracelet-tibetain-turquoise/image-32.jpg (4668 bytes)
   🗑️  Supprimé: bracelet-tibetain-turquoise/image-26.jpg (2050 bytes)
   🗑️  Supprimé: bracelet-tibetain-turquoise/image-23.jpg (4734 bytes)
   🗑️  Supprimé: bracelet-tibetain-turquoise/image-13.jpg (3628 bytes)
   🗑️  Supprimé: bracelet-tibetain-turquoise/image-29.jpg (1724 bytes)
   🗑️  Supprimé: bracelet-tibetain-turquoise/image-14.jpg (1695 bytes)
   🗑️  Supprimé: bracelet-tibetain-turquoise/image-2.jpg (2031 bytes)
   🗑️  Supprimé: foulard-bleu-marine-à-fleurs-en-coton/image-9.jpg (1516 bytes)
   🗑️  Supprimé: foulard-bleu-marine-à-fleurs-en-coton/image-19.jpg (1920 bytes)
   🗑️  Supprimé: foulard-bleu-marine-à-fleurs-en-coton/image-18.jpg (4734 bytes)
   🗑️  Supprimé: foulard-bleu-marine-à-fleurs-en-coton/image-24.jpg (1724 bytes)
   🗑️  Supprimé: foulard-bleu-marine-à-fleurs-en-coton/image-23.jpg (2050 bytes)
   🗑️  Supprimé: foulard-bleu-marine-à-fleurs-en-coton/image-20.jpg (1699 bytes)
   🗑️  Supprimé: foulard-bleu-marine-à-fleurs-en-coton/image-13.jpg (1695 bytes)
   🗑️  Supprimé: foulard-bleu-marine-à-fleurs-en-coton/image-12.jpg (3628 bytes)
   🗑️  Supprimé: foulard-bleu-marine-à-fleurs-en-coton/image-3.jpg (2031 bytes)
   🗑️  Supprimé: elegant-collier-argent-et-glass-stone-cristal/image-8.jpg (1516 bytes)
   🗑️  Supprimé: elegant-collier-argent-et-glass-stone-cristal/image-30.jpg (4653 bytes)
   🗑️  Supprimé: elegant-collier-argent-et-glass-stone-cristal/image-26.jpg (2050 bytes)
   🗑️  Supprimé: elegant-collier-argent-et-glass-stone-cristal/image-27.jpg (1724 bytes)
   🗑️  Supprimé: elegant-collier-argent-et-glass-stone-cristal/image-23.jpg (1699 bytes)
   🗑️  Supprimé: elegant-collier-argent-et-glass-stone-cristal/image-22.jpg (1920 bytes)
   🗑️  Supprimé: elegant-collier-argent-et-glass-stone-cristal/image-20.jpg (4734 bytes)
   🗑️  Supprimé: elegant-collier-argent-et-glass-stone-cristal/image-10.jpg (3628 bytes)
   🗑️  Supprimé: elegant-collier-argent-et-glass-stone-cristal/image-11.jpg (1695 bytes)
   🗑️  Supprimé: elegant-collier-argent-et-glass-stone-cristal/image-1.jpg (2031 bytes)
   🗑️  Supprimé: porte-clé-népalais-rond-argenté-et-coloré-symbole-aum/image-9.jpg (1516 bytes)
   🗑️  Supprimé: porte-clé-népalais-rond-argenté-et-coloré-symbole-aum/image-24.jpg (1699 bytes)
   🗑️  Supprimé: porte-clé-népalais-rond-argenté-et-coloré-symbole-aum/image-27.jpg (2050 bytes)
   🗑️  Supprimé: porte-clé-népalais-rond-argenté-et-coloré-symbole-aum/image-23.jpg (1920 bytes)
   🗑️  Supprimé: porte-clé-népalais-rond-argenté-et-coloré-symbole-aum/image-20.jpg (4734 bytes)
   🗑️  Supprimé: porte-clé-népalais-rond-argenté-et-coloré-symbole-aum/image-13.jpg (1695 bytes)
   🗑️  Supprimé: porte-clé-népalais-rond-argenté-et-coloré-symbole-aum/image-12.jpg (3628 bytes)
   🗑️  Supprimé: porte-clé-népalais-rond-argenté-et-coloré-symbole-aum/image-28.jpg (1724 bytes)
   🗑️  Supprimé: porte-clé-népalais-rond-argenté-et-coloré-symbole-aum/image-3.jpg (2031 bytes)
   🗑️  Supprimé: chaine-de-chevilles-argentée-perles-de-couleur-et-ponpon/image-25.jpg (1699 bytes)
   🗑️  Supprimé: chaine-de-chevilles-argentée-perles-de-couleur-et-ponpon/image-31.jpg (1724 bytes)
   🗑️  Supprimé: chaine-de-chevilles-argentée-perles-de-couleur-et-ponpon/image-24.jpg (1920 bytes)
   🗑️  Supprimé: chaine-de-chevilles-argentée-perles-de-couleur-et-ponpon/image-22.jpg (4734 bytes)
   🗑️  Supprimé: chaine-de-chevilles-argentée-perles-de-couleur-et-ponpon/image-11.jpg (1516 bytes)
   🗑️  Supprimé: chaine-de-chevilles-argentée-perles-de-couleur-et-ponpon/image-16.jpg (3628 bytes)
   🗑️  Supprimé: chaine-de-chevilles-argentée-perles-de-couleur-et-ponpon/image-17.jpg (1695 bytes)
   🗑️  Supprimé: chaine-de-chevilles-argentée-perles-de-couleur-et-ponpon/image-29.jpg (2050 bytes)
   🗑️  Supprimé: chaine-de-chevilles-argentée-perles-de-couleur-et-ponpon/image-1.jpg (2031 bytes)
   🗑️  Supprimé: chaine-de-chevilles-argentée-perles-de-couleur-et-ponpon/image-2.jpg (4712 bytes)
   🗑️  Supprimé: bague-réglable-argentée-pierre-en-onyx-noir/image-9.jpg (1516 bytes)
   🗑️  Supprimé: bague-réglable-argentée-pierre-en-onyx-noir/image-24.jpg (1699 bytes)
   🗑️  Supprimé: bague-réglable-argentée-pierre-en-onyx-noir/image-23.jpg (1920 bytes)
   🗑️  Supprimé: bague-réglable-argentée-pierre-en-onyx-noir/image-22.jpg (4734 bytes)
   🗑️  Supprimé: bague-réglable-argentée-pierre-en-onyx-noir/image-16.jpg (1695 bytes)
   🗑️  Supprimé: bague-réglable-argentée-pierre-en-onyx-noir/image-29.jpg (1724 bytes)
   🗑️  Supprimé: bague-réglable-argentée-pierre-en-onyx-noir/image-15.jpg (3628 bytes)
   🗑️  Supprimé: bague-réglable-argentée-pierre-en-onyx-noir/image-28.jpg (2050 bytes)
   🗑️  Supprimé: bague-réglable-argentée-pierre-en-onyx-noir/image-1.jpg (2031 bytes)
   🗑️  Supprimé: collier-argent-amazonite/image-8.jpg (1516 bytes)
   🗑️  Supprimé: collier-argent-amazonite/image-25.jpg (1920 bytes)
   🗑️  Supprimé: collier-argent-amazonite/image-30.jpg (4653 bytes)
   🗑️  Supprimé: collier-argent-amazonite/image-26.jpg (1699 bytes)
   🗑️  Supprimé: collier-argent-amazonite/image-27.jpg (2050 bytes)
   🗑️  Supprimé: collier-argent-amazonite/image-20.jpg (4734 bytes)
   🗑️  Supprimé: collier-argent-amazonite/image-13.jpg (1695 bytes)
   🗑️  Supprimé: collier-argent-amazonite/image-12.jpg (3628 bytes)
   🗑️  Supprimé: collier-argent-amazonite/image-28.jpg (1724 bytes)
   🗑️  Supprimé: collier-argent-amazonite/image-1.jpg (2031 bytes)
   🗑️  Supprimé: collier-argent-amazonite/image-6.jpg (4482 bytes)
   🗑️  Supprimé: bracelet-pierres-agate-orange/image-9.jpg (1516 bytes)
   🗑️  Supprimé: bracelet-pierres-agate-orange/image-25.jpg (1699 bytes)
   🗑️  Supprimé: bracelet-pierres-agate-orange/image-24.jpg (1920 bytes)
   🗑️  Supprimé: bracelet-pierres-agate-orange/image-27.jpg (2050 bytes)
   🗑️  Supprimé: bracelet-pierres-agate-orange/image-22.jpg (4734 bytes)
   🗑️  Supprimé: bracelet-pierres-agate-orange/image-13.jpg (3628 bytes)
   🗑️  Supprimé: bracelet-pierres-agate-orange/image-29.jpg (1724 bytes)
   🗑️  Supprimé: bracelet-pierres-agate-orange/image-14.jpg (1695 bytes)
   🗑️  Supprimé: bracelet-pierres-agate-orange/image-2.jpg (2031 bytes)
   🗑️  Supprimé: bracelet-fin-et-rigide-en-laiton/image-8.jpg (1516 bytes)
   🗑️  Supprimé: bracelet-fin-et-rigide-en-laiton/image-25.jpg (1699 bytes)
   🗑️  Supprimé: bracelet-fin-et-rigide-en-laiton/image-31.jpg (4668 bytes)
   🗑️  Supprimé: bracelet-fin-et-rigide-en-laiton/image-24.jpg (1920 bytes)
   🗑️  Supprimé: bracelet-fin-et-rigide-en-laiton/image-26.jpg (2050 bytes)
   🗑️  Supprimé: bracelet-fin-et-rigide-en-laiton/image-23.jpg (4734 bytes)
   🗑️  Supprimé: bracelet-fin-et-rigide-en-laiton/image-29.jpg (1724 bytes)
   🗑️  Supprimé: bracelet-fin-et-rigide-en-laiton/image-15.jpg (1695 bytes)
   🗑️  Supprimé: bracelet-fin-et-rigide-en-laiton/image-14.jpg (3628 bytes)
   🗑️  Supprimé: bracelet-fin-et-rigide-en-laiton/image-2.jpg (2031 bytes)
   🗑️  Supprimé: collier-pierres-en-oeil-du-tigre/image-9.jpg (3628 bytes)
   🗑️  Supprimé: collier-pierres-en-oeil-du-tigre/image-25.jpg (2050 bytes)
   🗑️  Supprimé: collier-pierres-en-oeil-du-tigre/image-27.jpg (1724 bytes)
   🗑️  Supprimé: collier-pierres-en-oeil-du-tigre/image-22.jpg (1699 bytes)
   🗑️  Supprimé: collier-pierres-en-oeil-du-tigre/image-20.jpg (4734 bytes)
   🗑️  Supprimé: collier-pierres-en-oeil-du-tigre/image-21.jpg (1920 bytes)
   🗑️  Supprimé: collier-pierres-en-oeil-du-tigre/image-13.jpg (1695 bytes)
   🗑️  Supprimé: collier-pierres-en-oeil-du-tigre/image-1.jpg (2031 bytes)
   🗑️  Supprimé: collier-pierres-en-oeil-du-tigre/image-7.jpg (1516 bytes)
   🗑️  Supprimé: pendentif-argent-malachite/image-30.jpg (4653 bytes)
   🗑️  Supprimé: pendentif-argent-malachite/image-24.jpg (4734 bytes)
   🗑️  Supprimé: pendentif-argent-malachite/image-26.jpg (1920 bytes)
   🗑️  Supprimé: pendentif-argent-malachite/image-27.jpg (1699 bytes)
   🗑️  Supprimé: pendentif-argent-malachite/image-10.jpg (1516 bytes)
   🗑️  Supprimé: pendentif-argent-malachite/image-16.jpg (1695 bytes)
   🗑️  Supprimé: pendentif-argent-malachite/image-29.jpg (1724 bytes)
   🗑️  Supprimé: pendentif-argent-malachite/image-14.jpg (3628 bytes)
   🗑️  Supprimé: pendentif-argent-malachite/image-28.jpg (2050 bytes)
   🗑️  Supprimé: pendentif-argent-malachite/image-1.jpg (2031 bytes)
   🗑️  Supprimé: bracelet-pierres-naturelles-agate-vertviolet-nuancé/image-9.jpg (3628 bytes)
   🗑️  Supprimé: bracelet-pierres-naturelles-agate-vertviolet-nuancé/image-30.jpg (1724 bytes)
   🗑️  Supprimé: bracelet-pierres-naturelles-agate-vertviolet-nuancé/image-24.jpg (1699 bytes)
   🗑️  Supprimé: bracelet-pierres-naturelles-agate-vertviolet-nuancé/image-23.jpg (1920 bytes)
   🗑️  Supprimé: bracelet-pierres-naturelles-agate-vertviolet-nuancé/image-21.jpg (4734 bytes)
   🗑️  Supprimé: bracelet-pierres-naturelles-agate-vertviolet-nuancé/image-11.jpg (1695 bytes)
   🗑️  Supprimé: bracelet-pierres-naturelles-agate-vertviolet-nuancé/image-29.jpg (2050 bytes)
   🗑️  Supprimé: bracelet-pierres-naturelles-agate-vertviolet-nuancé/image-2.jpg (2031 bytes)
   🗑️  Supprimé: bracelet-pierres-naturelles-agate-vertviolet-nuancé/image-7.jpg (1516 bytes)
   🗑️  Supprimé: créoles-en-laiton-tune-pierre-naturelle-oeil-du-tigre/image-25.jpg (4734 bytes)
   🗑️  Supprimé: créoles-en-laiton-tune-pierre-naturelle-oeil-du-tigre/image-31.jpg (1724 bytes)
   🗑️  Supprimé: créoles-en-laiton-tune-pierre-naturelle-oeil-du-tigre/image-27.jpg (1920 bytes)
   🗑️  Supprimé: créoles-en-laiton-tune-pierre-naturelle-oeil-du-tigre/image-22.jpg (4868 bytes)
   🗑️  Supprimé: créoles-en-laiton-tune-pierre-naturelle-oeil-du-tigre/image-12.jpg (1516 bytes)
   🗑️  Supprimé: créoles-en-laiton-tune-pierre-naturelle-oeil-du-tigre/image-16.jpg (3628 bytes)
   🗑️  Supprimé: créoles-en-laiton-tune-pierre-naturelle-oeil-du-tigre/image-17.jpg (1695 bytes)
   🗑️  Supprimé: créoles-en-laiton-tune-pierre-naturelle-oeil-du-tigre/image-29.jpg (2050 bytes)
   🗑️  Supprimé: créoles-en-laiton-tune-pierre-naturelle-oeil-du-tigre/image-28.jpg (1699 bytes)
   🗑️  Supprimé: créoles-en-laiton-tune-pierre-naturelle-oeil-du-tigre/image-1.jpg (2031 bytes)
   🗑️  Supprimé: pendentif-style-boho-motif-fleur/image-25.jpg (1920 bytes)
   🗑️  Supprimé: pendentif-style-boho-motif-fleur/image-30.jpg (1724 bytes)
   🗑️  Supprimé: pendentif-style-boho-motif-fleur/image-24.jpg (4734 bytes)
   🗑️  Supprimé: pendentif-style-boho-motif-fleur/image-26.jpg (1699 bytes)
   🗑️  Supprimé: pendentif-style-boho-motif-fleur/image-11.jpg (1516 bytes)
   🗑️  Supprimé: pendentif-style-boho-motif-fleur/image-13.jpg (3628 bytes)
   🗑️  Supprimé: pendentif-style-boho-motif-fleur/image-29.jpg (2050 bytes)
   🗑️  Supprimé: pendentif-style-boho-motif-fleur/image-14.jpg (1695 bytes)
   🗑️  Supprimé: pendentif-style-boho-motif-fleur/image-1.jpg (2031 bytes)
   🗑️  Supprimé: pendentif-style-boho-motif-fleur/image-2.jpg (4712 bytes)
   🗑️  Supprimé: foulard-bleu-foncé-en-100soie-à-motifs-éléphants/image-8.jpg (1516 bytes)
   🗑️  Supprimé: foulard-bleu-foncé-en-100soie-à-motifs-éléphants/image-24.jpg (1699 bytes)
   🗑️  Supprimé: foulard-bleu-foncé-en-100soie-à-motifs-éléphants/image-26.jpg (2050 bytes)
   🗑️  Supprimé: foulard-bleu-foncé-en-100soie-à-motifs-éléphants/image-27.jpg (1724 bytes)
   🗑️  Supprimé: foulard-bleu-foncé-en-100soie-à-motifs-éléphants/image-23.jpg (1920 bytes)
   🗑️  Supprimé: foulard-bleu-foncé-en-100soie-à-motifs-éléphants/image-21.jpg (4734 bytes)
   🗑️  Supprimé: foulard-bleu-foncé-en-100soie-à-motifs-éléphants/image-10.jpg (3628 bytes)
   🗑️  Supprimé: foulard-bleu-foncé-en-100soie-à-motifs-éléphants/image-11.jpg (1695 bytes)
   🗑️  Supprimé: foulard-bleu-foncé-en-100soie-à-motifs-éléphants/image-3.jpg (2031 bytes)
   🗑️  Supprimé: bracelet-onyx-noir-bouddha/image-9.jpg (1695 bytes)
   🗑️  Supprimé: bracelet-onyx-noir-bouddha/image-19.jpg (1699 bytes)
   🗑️  Supprimé: bracelet-onyx-noir-bouddha/image-18.jpg (1920 bytes)
   🗑️  Supprimé: bracelet-onyx-noir-bouddha/image-27.jpg (1724 bytes)
   🗑️  Supprimé: bracelet-onyx-noir-bouddha/image-23.jpg (2050 bytes)
   🗑️  Supprimé: bracelet-onyx-noir-bouddha/image-17.jpg (4734 bytes)
   🗑️  Supprimé: bracelet-onyx-noir-bouddha/image-1.jpg (2031 bytes)
   🗑️  Supprimé: bracelet-onyx-noir-bouddha/image-7.jpg (3628 bytes)
   🗑️  Supprimé: bracelet-onyx-noir-bouddha/image-5.jpg (1516 bytes)
   🗑️  Supprimé: bracelet-cauri-et-perles-turquoises/image-8.jpg (1516 bytes)
   🗑️  Supprimé: bracelet-cauri-et-perles-turquoises/image-31.jpg (4668 bytes)
   🗑️  Supprimé: bracelet-cauri-et-perles-turquoises/image-24.jpg (2050 bytes)
   🗑️  Supprimé: bracelet-cauri-et-perles-turquoises/image-26.jpg (1724 bytes)
   🗑️  Supprimé: bracelet-cauri-et-perles-turquoises/image-23.jpg (1699 bytes)
   🗑️  Supprimé: bracelet-cauri-et-perles-turquoises/image-22.jpg (1920 bytes)
   🗑️  Supprimé: bracelet-cauri-et-perles-turquoises/image-21.jpg (4734 bytes)
   🗑️  Supprimé: bracelet-cauri-et-perles-turquoises/image-13.jpg (1695 bytes)
   🗑️  Supprimé: bracelet-cauri-et-perles-turquoises/image-12.jpg (3628 bytes)
   🗑️  Supprimé: bracelet-cauri-et-perles-turquoises/image-3.jpg (4712 bytes)
   🗑️  Supprimé: bracelet-cauri-et-perles-turquoises/image-2.jpg (2031 bytes)
   🗑️  Supprimé: etole-turquoise-à-frise-rouge-motifs-cachemire-matière-naturelle-et-végétale/image-25.jpg (4734 bytes)
   🗑️  Supprimé: etole-turquoise-à-frise-rouge-motifs-cachemire-matière-naturelle-et-végétale/image-18.jpg (1695 bytes)
   🗑️  Supprimé: etole-turquoise-à-frise-rouge-motifs-cachemire-matière-naturelle-et-végétale/image-26.jpg (1920 bytes)
   🗑️  Supprimé: etole-turquoise-à-frise-rouge-motifs-cachemire-matière-naturelle-et-végétale/image-27.jpg (1699 bytes)
   🗑️  Supprimé: etole-turquoise-à-frise-rouge-motifs-cachemire-matière-naturelle-et-végétale/image-16.jpg (3628 bytes)
   🗑️  Supprimé: etole-turquoise-à-frise-rouge-motifs-cachemire-matière-naturelle-et-végétale/image-29.jpg (1724 bytes)
   🗑️  Supprimé: etole-turquoise-à-frise-rouge-motifs-cachemire-matière-naturelle-et-végétale/image-14.jpg (1516 bytes)
   🗑️  Supprimé: etole-turquoise-à-frise-rouge-motifs-cachemire-matière-naturelle-et-végétale/image-28.jpg (2050 bytes)
   🗑️  Supprimé: etole-turquoise-à-frise-rouge-motifs-cachemire-matière-naturelle-et-végétale/image-6.jpg (2031 bytes)
   🗑️  Supprimé: pendentif-argent-lapis-lazuli-avec-son-cordon-en-cuir-noir/image-9.jpg (1516 bytes)
   🗑️  Supprimé: pendentif-argent-lapis-lazuli-avec-son-cordon-en-cuir-noir/image-24.jpg (1699 bytes)
   🗑️  Supprimé: pendentif-argent-lapis-lazuli-avec-son-cordon-en-cuir-noir/image-26.jpg (2050 bytes)
   🗑️  Supprimé: pendentif-argent-lapis-lazuli-avec-son-cordon-en-cuir-noir/image-27.jpg (1724 bytes)
   🗑️  Supprimé: pendentif-argent-lapis-lazuli-avec-son-cordon-en-cuir-noir/image-23.jpg (1920 bytes)
   🗑️  Supprimé: pendentif-argent-lapis-lazuli-avec-son-cordon-en-cuir-noir/image-22.jpg (4734 bytes)
   🗑️  Supprimé: pendentif-argent-lapis-lazuli-avec-son-cordon-en-cuir-noir/image-13.jpg (1695 bytes)
   🗑️  Supprimé: pendentif-argent-lapis-lazuli-avec-son-cordon-en-cuir-noir/image-12.jpg (3628 bytes)
   🗑️  Supprimé: pendentif-argent-lapis-lazuli-avec-son-cordon-en-cuir-noir/image-29.jpg (4653 bytes)
   🗑️  Supprimé: pendentif-argent-lapis-lazuli-avec-son-cordon-en-cuir-noir/image-2.jpg (2031 bytes)
   🗑️  Supprimé: bracelet-souple-argent-zircon/image-19.jpg (4734 bytes)
   🗑️  Supprimé: bracelet-souple-argent-zircon/image-24.jpg (2050 bytes)
   🗑️  Supprimé: bracelet-souple-argent-zircon/image-27.jpg (1724 bytes)
   🗑️  Supprimé: bracelet-souple-argent-zircon/image-23.jpg (1699 bytes)
   🗑️  Supprimé: bracelet-souple-argent-zircon/image-20.jpg (4741 bytes)
   🗑️  Supprimé: bracelet-souple-argent-zircon/image-21.jpg (1920 bytes)
   🗑️  Supprimé: bracelet-souple-argent-zircon/image-10.jpg (3628 bytes)
   🗑️  Supprimé: bracelet-souple-argent-zircon/image-11.jpg (1695 bytes)
   🗑️  Supprimé: bracelet-souple-argent-zircon/image-1.jpg (2031 bytes)
   🗑️  Supprimé: bracelet-souple-argent-zircon/image-5.jpg (1516 bytes)
   🗑️  Supprimé: collier-mala-tibétain-pierres-naturelles-agate-et-howlite-de-108-perles/image-8.jpg (3628 bytes)
   🗑️  Supprimé: collier-mala-tibétain-pierres-naturelles-agate-et-howlite-de-108-perles/image-24.jpg (1699 bytes)
   🗑️  Supprimé: collier-mala-tibétain-pierres-naturelles-agate-et-howlite-de-108-perles/image-26.jpg (2050 bytes)
   🗑️  Supprimé: collier-mala-tibétain-pierres-naturelles-agate-et-howlite-de-108-perles/image-23.jpg (1920 bytes)
   🗑️  Supprimé: collier-mala-tibétain-pierres-naturelles-agate-et-howlite-de-108-perles/image-22.jpg (4734 bytes)
   🗑️  Supprimé: collier-mala-tibétain-pierres-naturelles-agate-et-howlite-de-108-perles/image-11.jpg (1695 bytes)
   🗑️  Supprimé: collier-mala-tibétain-pierres-naturelles-agate-et-howlite-de-108-perles/image-28.jpg (1724 bytes)
   🗑️  Supprimé: collier-mala-tibétain-pierres-naturelles-agate-et-howlite-de-108-perles/image-1.jpg (2031 bytes)
   🗑️  Supprimé: collier-mala-tibétain-pierres-naturelles-agate-et-howlite-de-108-perles/image-5.jpg (1516 bytes)
   🗑️  Supprimé: bague-fantaisie-ethnique-turquoise-réglable/image-25.jpg (1920 bytes)
   🗑️  Supprimé: bague-fantaisie-ethnique-turquoise-réglable/image-31.jpg (1724 bytes)
   🗑️  Supprimé: bague-fantaisie-ethnique-turquoise-réglable/image-18.jpg (1695 bytes)
   🗑️  Supprimé: bague-fantaisie-ethnique-turquoise-réglable/image-24.jpg (4734 bytes)
   🗑️  Supprimé: bague-fantaisie-ethnique-turquoise-réglable/image-26.jpg (1699 bytes)
   🗑️  Supprimé: bague-fantaisie-ethnique-turquoise-réglable/image-13.jpg (1516 bytes)
   🗑️  Supprimé: bague-fantaisie-ethnique-turquoise-réglable/image-17.jpg (3628 bytes)
   🗑️  Supprimé: bague-fantaisie-ethnique-turquoise-réglable/image-29.jpg (2050 bytes)
   🗑️  Supprimé: bague-fantaisie-ethnique-turquoise-réglable/image-3.jpg (4712 bytes)
   🗑️  Supprimé: bague-fantaisie-ethnique-turquoise-réglable/image-2.jpg (2031 bytes)
   🗑️  Supprimé: pochette-en-coton-blanc-et-noir/image-25.jpg (1724 bytes)
   🗑️  Supprimé: pochette-en-coton-blanc-et-noir/image-24.jpg (2050 bytes)
   🗑️  Supprimé: pochette-en-coton-blanc-et-noir/image-23.jpg (1699 bytes)
   🗑️  Supprimé: pochette-en-coton-blanc-et-noir/image-22.jpg (1920 bytes)
   🗑️  Supprimé: pochette-en-coton-blanc-et-noir/image-21.jpg (4734 bytes)
   🗑️  Supprimé: pochette-en-coton-blanc-et-noir/image-10.jpg (1516 bytes)
   🗑️  Supprimé: pochette-en-coton-blanc-et-noir/image-15.jpg (1695 bytes)
   🗑️  Supprimé: pochette-en-coton-blanc-et-noir/image-14.jpg (3628 bytes)
   🗑️  Supprimé: pochette-en-coton-blanc-et-noir/image-2.jpg (2031 bytes)
   🗑️  Supprimé: bracelet-avec-pierre-onyx-noir/image-25.jpg (2050 bytes)
   🗑️  Supprimé: bracelet-avec-pierre-onyx-noir/image-24.jpg (1699 bytes)
   🗑️  Supprimé: bracelet-avec-pierre-onyx-noir/image-32.jpg (4668 bytes)
   🗑️  Supprimé: bracelet-avec-pierre-onyx-noir/image-23.jpg (1920 bytes)
   🗑️  Supprimé: bracelet-avec-pierre-onyx-noir/image-22.jpg (4734 bytes)
   🗑️  Supprimé: bracelet-avec-pierre-onyx-noir/image-10.jpg (3628 bytes)
   🗑️  Supprimé: bracelet-avec-pierre-onyx-noir/image-11.jpg (1695 bytes)
   🗑️  Supprimé: bracelet-avec-pierre-onyx-noir/image-28.jpg (1724 bytes)
   🗑️  Supprimé: bracelet-avec-pierre-onyx-noir/image-1.jpg (2031 bytes)
   🗑️  Supprimé: bracelet-avec-pierre-onyx-noir/image-5.jpg (1516 bytes)
   🗑️  Supprimé: créoles-ethniques-argente-et-pierre-turquoise/image-25.jpg (1699 bytes)
   🗑️  Supprimé: créoles-ethniques-argente-et-pierre-turquoise/image-30.jpg (4653 bytes)
   🗑️  Supprimé: créoles-ethniques-argente-et-pierre-turquoise/image-24.jpg (1920 bytes)
   🗑️  Supprimé: créoles-ethniques-argente-et-pierre-turquoise/image-27.jpg (2050 bytes)
   🗑️  Supprimé: créoles-ethniques-argente-et-pierre-turquoise/image-22.jpg (4734 bytes)
   🗑️  Supprimé: créoles-ethniques-argente-et-pierre-turquoise/image-11.jpg (3628 bytes)
   🗑️  Supprimé: créoles-ethniques-argente-et-pierre-turquoise/image-12.jpg (1695 bytes)
   🗑️  Supprimé: créoles-ethniques-argente-et-pierre-turquoise/image-28.jpg (1724 bytes)
   🗑️  Supprimé: créoles-ethniques-argente-et-pierre-turquoise/image-1.jpg (2031 bytes)
   🗑️  Supprimé: créoles-ethniques-argente-et-pierre-turquoise/image-7.jpg (1516 bytes)
   🗑️  Supprimé: collier-fantaisie-metal-argenté-galet-blanc/image-30.jpg (1724 bytes)
   🗑️  Supprimé: collier-fantaisie-metal-argenté-galet-blanc/image-24.jpg (1699 bytes)
   🗑️  Supprimé: collier-fantaisie-metal-argenté-galet-blanc/image-27.jpg (2050 bytes)
   🗑️  Supprimé: collier-fantaisie-metal-argenté-galet-blanc/image-23.jpg (1920 bytes)
   🗑️  Supprimé: collier-fantaisie-metal-argenté-galet-blanc/image-20.jpg (4734 bytes)
   🗑️  Supprimé: collier-fantaisie-metal-argenté-galet-blanc/image-11.jpg (1516 bytes)
   🗑️  Supprimé: collier-fantaisie-metal-argenté-galet-blanc/image-15.jpg (1695 bytes)
   🗑️  Supprimé: collier-fantaisie-metal-argenté-galet-blanc/image-14.jpg (3628 bytes)
   🗑️  Supprimé: collier-fantaisie-metal-argenté-galet-blanc/image-2.jpg (2031 bytes)
   🗑️  Supprimé: grande-bague-en-argent-argent-ajustable-sertie-dune-pierre-en-onyx-vert/image-25.jpg (1920 bytes)
   🗑️  Supprimé: grande-bague-en-argent-argent-ajustable-sertie-dune-pierre-en-onyx-vert/image-26.jpg (1699 bytes)
   🗑️  Supprimé: grande-bague-en-argent-argent-ajustable-sertie-dune-pierre-en-onyx-vert/image-27.jpg (2050 bytes)
   🗑️  Supprimé: grande-bague-en-argent-argent-ajustable-sertie-dune-pierre-en-onyx-vert/image-23.jpg (4734 bytes)
   🗑️  Supprimé: grande-bague-en-argent-argent-ajustable-sertie-dune-pierre-en-onyx-vert/image-13.jpg (3628 bytes)
   🗑️  Supprimé: grande-bague-en-argent-argent-ajustable-sertie-dune-pierre-en-onyx-vert/image-14.jpg (1695 bytes)
   🗑️  Supprimé: grande-bague-en-argent-argent-ajustable-sertie-dune-pierre-en-onyx-vert/image-28.jpg (1724 bytes)
   🗑️  Supprimé: grande-bague-en-argent-argent-ajustable-sertie-dune-pierre-en-onyx-vert/image-1.jpg (2031 bytes)
   🗑️  Supprimé: grande-bague-en-argent-argent-ajustable-sertie-dune-pierre-en-onyx-vert/image-7.jpg (1516 bytes)
   🗑️  Supprimé: grande-bague-en-argent-argent-ajustable-sertie-dune-pierre-en-onyx-vert/image-5.jpg (4482 bytes)
   🗑️  Supprimé: petites-créoles-argent-grenat/image-31.jpg (4653 bytes)
   🗑️  Supprimé: petites-créoles-argent-grenat/image-24.jpg (1699 bytes)
   🗑️  Supprimé: petites-créoles-argent-grenat/image-27.jpg (2050 bytes)
   🗑️  Supprimé: petites-créoles-argent-grenat/image-23.jpg (1920 bytes)
   🗑️  Supprimé: petites-créoles-argent-grenat/image-21.jpg (4734 bytes)
   🗑️  Supprimé: petites-créoles-argent-grenat/image-10.jpg (1516 bytes)
   🗑️  Supprimé: petites-créoles-argent-grenat/image-15.jpg (1695 bytes)
   🗑️  Supprimé: petites-créoles-argent-grenat/image-14.jpg (3628 bytes)
   🗑️  Supprimé: petites-créoles-argent-grenat/image-28.jpg (1724 bytes)
   🗑️  Supprimé: petites-créoles-argent-grenat/image-1.jpg (2031 bytes)
   🗑️  Supprimé: foulard-écru-en-100soie-à-motifs-fleuris/image-25.jpg (1699 bytes)
   🗑️  Supprimé: foulard-écru-en-100soie-à-motifs-fleuris/image-18.jpg (1695 bytes)
   🗑️  Supprimé: foulard-écru-en-100soie-à-motifs-fleuris/image-24.jpg (1920 bytes)
   🗑️  Supprimé: foulard-écru-en-100soie-à-motifs-fleuris/image-27.jpg (2050 bytes)
   🗑️  Supprimé: foulard-écru-en-100soie-à-motifs-fleuris/image-22.jpg (4734 bytes)
   🗑️  Supprimé: foulard-écru-en-100soie-à-motifs-fleuris/image-12.jpg (1516 bytes)
   🗑️  Supprimé: foulard-écru-en-100soie-à-motifs-fleuris/image-16.jpg (3628 bytes)
   🗑️  Supprimé: foulard-écru-en-100soie-à-motifs-fleuris/image-28.jpg (1724 bytes)
   🗑️  Supprimé: foulard-écru-en-100soie-à-motifs-fleuris/image-2.jpg (2031 bytes)
   🗑️  Supprimé: boucles-doreilles-argent-quartz-rose/image-9.jpg (1516 bytes)
   🗑️  Supprimé: boucles-doreilles-argent-quartz-rose/image-25.jpg (1699 bytes)
   🗑️  Supprimé: boucles-doreilles-argent-quartz-rose/image-24.jpg (1920 bytes)
   🗑️  Supprimé: boucles-doreilles-argent-quartz-rose/image-20.jpg (4734 bytes)
   🗑️  Supprimé: boucles-doreilles-argent-quartz-rose/image-13.jpg (1695 bytes)
   🗑️  Supprimé: boucles-doreilles-argent-quartz-rose/image-12.jpg (3628 bytes)
   🗑️  Supprimé: boucles-doreilles-argent-quartz-rose/image-29.jpg (1724 bytes)
   🗑️  Supprimé: boucles-doreilles-argent-quartz-rose/image-28.jpg (2050 bytes)
   🗑️  Supprimé: boucles-doreilles-argent-quartz-rose/image-1.jpg (2031 bytes)
   🗑️  Supprimé: pashmina-cachemire-et-soie-multicolore/image-9.jpg (1516 bytes)
   🗑️  Supprimé: pashmina-cachemire-et-soie-multicolore/image-19.jpg (4734 bytes)
   🗑️  Supprimé: pashmina-cachemire-et-soie-multicolore/image-24.jpg (1724 bytes)
   🗑️  Supprimé: pashmina-cachemire-et-soie-multicolore/image-22.jpg (2050 bytes)
   🗑️  Supprimé: pashmina-cachemire-et-soie-multicolore/image-20.jpg (1920 bytes)
   🗑️  Supprimé: pashmina-cachemire-et-soie-multicolore/image-21.jpg (1699 bytes)
   🗑️  Supprimé: pashmina-cachemire-et-soie-multicolore/image-13.jpg (1695 bytes)
   🗑️  Supprimé: pashmina-cachemire-et-soie-multicolore/image-12.jpg (3628 bytes)
   🗑️  Supprimé: pashmina-cachemire-et-soie-multicolore/image-2.jpg (2031 bytes)
   🗑️  Supprimé: clous-doreilles-argent-lapis-lazuli-bijou-facile-à-porter/image-9.jpg (1516 bytes)
   🗑️  Supprimé: clous-doreilles-argent-lapis-lazuli-bijou-facile-à-porter/image-8.jpg (4482 bytes)
   🗑️  Supprimé: clous-doreilles-argent-lapis-lazuli-bijou-facile-à-porter/image-19.jpg (4734 bytes)
   🗑️  Supprimé: clous-doreilles-argent-lapis-lazuli-bijou-facile-à-porter/image-24.jpg (1699 bytes)
   🗑️  Supprimé: clous-doreilles-argent-lapis-lazuli-bijou-facile-à-porter/image-26.jpg (2050 bytes)
   🗑️  Supprimé: clous-doreilles-argent-lapis-lazuli-bijou-facile-à-porter/image-27.jpg (1724 bytes)
   🗑️  Supprimé: clous-doreilles-argent-lapis-lazuli-bijou-facile-à-porter/image-23.jpg (1920 bytes)
   🗑️  Supprimé: clous-doreilles-argent-lapis-lazuli-bijou-facile-à-porter/image-15.jpg (1695 bytes)
   🗑️  Supprimé: clous-doreilles-argent-lapis-lazuli-bijou-facile-à-porter/image-14.jpg (3628 bytes)
   🗑️  Supprimé: clous-doreilles-argent-lapis-lazuli-bijou-facile-à-porter/image-1.jpg (2031 bytes)
   🗑️  Supprimé: boucles-doreilles-argent-turquoise/image-8.jpg (4482 bytes)
   🗑️  Supprimé: boucles-doreilles-argent-turquoise/image-25.jpg (1920 bytes)
   🗑️  Supprimé: boucles-doreilles-argent-turquoise/image-26.jpg (1699 bytes)
   🗑️  Supprimé: boucles-doreilles-argent-turquoise/image-27.jpg (2050 bytes)
   🗑️  Supprimé: boucles-doreilles-argent-turquoise/image-23.jpg (4734 bytes)
   🗑️  Supprimé: boucles-doreilles-argent-turquoise/image-10.jpg (1516 bytes)
   🗑️  Supprimé: boucles-doreilles-argent-turquoise/image-16.jpg (1695 bytes)
   🗑️  Supprimé: boucles-doreilles-argent-turquoise/image-15.jpg (3628 bytes)
   🗑️  Supprimé: boucles-doreilles-argent-turquoise/image-28.jpg (1724 bytes)
   🗑️  Supprimé: boucles-doreilles-argent-turquoise/image-1.jpg (2031 bytes)
   🗑️  Supprimé: boucles-doreilles-créoles-dorées-en-laiton/image-30.jpg (1724 bytes)
   🗑️  Supprimé: boucles-doreilles-créoles-dorées-en-laiton/image-26.jpg (4734 bytes)
   🗑️  Supprimé: boucles-doreilles-créoles-dorées-en-laiton/image-27.jpg (1920 bytes)
   🗑️  Supprimé: boucles-doreilles-créoles-dorées-en-laiton/image-10.jpg (1516 bytes)
   🗑️  Supprimé: boucles-doreilles-créoles-dorées-en-laiton/image-16.jpg (1695 bytes)
   🗑️  Supprimé: boucles-doreilles-créoles-dorées-en-laiton/image-29.jpg (2050 bytes)
   🗑️  Supprimé: boucles-doreilles-créoles-dorées-en-laiton/image-14.jpg (3628 bytes)
   🗑️  Supprimé: boucles-doreilles-créoles-dorées-en-laiton/image-28.jpg (1699 bytes)
   🗑️  Supprimé: boucles-doreilles-créoles-dorées-en-laiton/image-1.jpg (2031 bytes)
   🗑️  Supprimé: bracelet-pierres-naturelles-sable-bleu/image-25.jpg (2050 bytes)
   🗑️  Supprimé: bracelet-pierres-naturelles-sable-bleu/image-26.jpg (1724 bytes)
   🗑️  Supprimé: bracelet-pierres-naturelles-sable-bleu/image-23.jpg (1699 bytes)
   🗑️  Supprimé: bracelet-pierres-naturelles-sable-bleu/image-22.jpg (1920 bytes)
   🗑️  Supprimé: bracelet-pierres-naturelles-sable-bleu/image-20.jpg (4734 bytes)
   🗑️  Supprimé: bracelet-pierres-naturelles-sable-bleu/image-11.jpg (3628 bytes)
   🗑️  Supprimé: bracelet-pierres-naturelles-sable-bleu/image-12.jpg (1695 bytes)
   🗑️  Supprimé: bracelet-pierres-naturelles-sable-bleu/image-1.jpg (2031 bytes)
   🗑️  Supprimé: bracelet-pierres-naturelles-sable-bleu/image-5.jpg (1516 bytes)
   🗑️  Supprimé: pochette-brodée-de-tissus-brodés-à-la-main-avec-une-lanière/image-8.jpg (1516 bytes)
   🗑️  Supprimé: pochette-brodée-de-tissus-brodés-à-la-main-avec-une-lanière/image-26.jpg (2050 bytes)
   🗑️  Supprimé: pochette-brodée-de-tissus-brodés-à-la-main-avec-une-lanière/image-27.jpg (1724 bytes)
   🗑️  Supprimé: pochette-brodée-de-tissus-brodés-à-la-main-avec-une-lanière/image-22.jpg (1699 bytes)
   🗑️  Supprimé: pochette-brodée-de-tissus-brodés-à-la-main-avec-une-lanière/image-20.jpg (4734 bytes)
   🗑️  Supprimé: pochette-brodée-de-tissus-brodés-à-la-main-avec-une-lanière/image-21.jpg (1920 bytes)
   🗑️  Supprimé: pochette-brodée-de-tissus-brodés-à-la-main-avec-une-lanière/image-10.jpg (3628 bytes)
   🗑️  Supprimé: pochette-brodée-de-tissus-brodés-à-la-main-avec-une-lanière/image-13.jpg (1695 bytes)
   🗑️  Supprimé: pochette-brodée-de-tissus-brodés-à-la-main-avec-une-lanière/image-3.jpg (2031 bytes)
   🗑️  Supprimé: collier-argent-et-pierres-onyx-bleu/image-25.jpg (1920 bytes)
   🗑️  Supprimé: collier-argent-et-pierres-onyx-bleu/image-30.jpg (1724 bytes)
   🗑️  Supprimé: collier-argent-et-pierres-onyx-bleu/image-26.jpg (1699 bytes)
   🗑️  Supprimé: collier-argent-et-pierres-onyx-bleu/image-21.jpg (4734 bytes)
   🗑️  Supprimé: collier-argent-et-pierres-onyx-bleu/image-12.jpg (1516 bytes)
   🗑️  Supprimé: collier-argent-et-pierres-onyx-bleu/image-16.jpg (1695 bytes)
   🗑️  Supprimé: collier-argent-et-pierres-onyx-bleu/image-29.jpg (2050 bytes)
   🗑️  Supprimé: collier-argent-et-pierres-onyx-bleu/image-15.jpg (3628 bytes)
   🗑️  Supprimé: collier-argent-et-pierres-onyx-bleu/image-1.jpg (2031 bytes)
   🗑️  Supprimé: bracelet-souple-en-argent/image-9.jpg (1516 bytes)
   🗑️  Supprimé: bracelet-souple-en-argent/image-25.jpg (1920 bytes)
   🗑️  Supprimé: bracelet-souple-en-argent/image-24.jpg (4741 bytes)
   🗑️  Supprimé: bracelet-souple-en-argent/image-32.jpg (4668 bytes)
   🗑️  Supprimé: bracelet-souple-en-argent/image-26.jpg (1699 bytes)
   🗑️  Supprimé: bracelet-souple-en-argent/image-27.jpg (2050 bytes)
   🗑️  Supprimé: bracelet-souple-en-argent/image-23.jpg (4734 bytes)
   🗑️  Supprimé: bracelet-souple-en-argent/image-13.jpg (3628 bytes)
   🗑️  Supprimé: bracelet-souple-en-argent/image-14.jpg (1695 bytes)
   🗑️  Supprimé: bracelet-souple-en-argent/image-28.jpg (1724 bytes)
   🗑️  Supprimé: bracelet-souple-en-argent/image-2.jpg (2031 bytes)
   🗑️  Supprimé: boucles-doreilles-en-turquoise/image-9.jpg (1516 bytes)
   🗑️  Supprimé: boucles-doreilles-en-turquoise/image-25.jpg (1699 bytes)
   🗑️  Supprimé: boucles-doreilles-en-turquoise/image-24.jpg (1920 bytes)
   🗑️  Supprimé: boucles-doreilles-en-turquoise/image-27.jpg (2050 bytes)
   🗑️  Supprimé: boucles-doreilles-en-turquoise/image-21.jpg (4734 bytes)
   🗑️  Supprimé: boucles-doreilles-en-turquoise/image-13.jpg (1695 bytes)
   🗑️  Supprimé: boucles-doreilles-en-turquoise/image-12.jpg (3628 bytes)
   🗑️  Supprimé: boucles-doreilles-en-turquoise/image-29.jpg (1724 bytes)
   🗑️  Supprimé: boucles-doreilles-en-turquoise/image-1.jpg (2031 bytes)
   🗑️  Supprimé: bague-argent-onyx-noir/image-9.jpg (4482 bytes)
   🗑️  Supprimé: bague-argent-onyx-noir/image-25.jpg (1699 bytes)
   🗑️  Supprimé: bague-argent-onyx-noir/image-24.jpg (1920 bytes)
   🗑️  Supprimé: bague-argent-onyx-noir/image-26.jpg (2050 bytes)
   🗑️  Supprimé: bague-argent-onyx-noir/image-27.jpg (1724 bytes)
   🗑️  Supprimé: bague-argent-onyx-noir/image-22.jpg (4734 bytes)
   🗑️  Supprimé: bague-argent-onyx-noir/image-11.jpg (1516 bytes)
   🗑️  Supprimé: bague-argent-onyx-noir/image-16.jpg (3628 bytes)
   🗑️  Supprimé: bague-argent-onyx-noir/image-17.jpg (1695 bytes)
   🗑️  Supprimé: bague-argent-onyx-noir/image-1.jpg (2031 bytes)
   🗑️  Supprimé: bague-argent-onyx-noir/image-4.jpg (4582 bytes)
   🗑️  Supprimé: bracelet-jonc-argente/image-9.jpg (1516 bytes)
   🗑️  Supprimé: bracelet-jonc-argente/image-25.jpg (2050 bytes)
   🗑️  Supprimé: bracelet-jonc-argente/image-31.jpg (4668 bytes)
   🗑️  Supprimé: bracelet-jonc-argente/image-24.jpg (1699 bytes)
   🗑️  Supprimé: bracelet-jonc-argente/image-27.jpg (1724 bytes)
   🗑️  Supprimé: bracelet-jonc-argente/image-23.jpg (1920 bytes)
   🗑️  Supprimé: bracelet-jonc-argente/image-22.jpg (4741 bytes)
   🗑️  Supprimé: bracelet-jonc-argente/image-21.jpg (4734 bytes)
   🗑️  Supprimé: bracelet-jonc-argente/image-17.jpg (1695 bytes)
   🗑️  Supprimé: bracelet-jonc-argente/image-15.jpg (3628 bytes)
   🗑️  Supprimé: bracelet-jonc-argente/image-1.jpg (2031 bytes)
   🗑️  Supprimé: pashmina-100-cachemire-vertgrisocre/image-9.jpg (1516 bytes)
   🗑️  Supprimé: pashmina-100-cachemire-vertgrisocre/image-24.jpg (1699 bytes)
   🗑️  Supprimé: pashmina-100-cachemire-vertgrisocre/image-27.jpg (2050 bytes)
   🗑️  Supprimé: pashmina-100-cachemire-vertgrisocre/image-23.jpg (1920 bytes)
   🗑️  Supprimé: pashmina-100-cachemire-vertgrisocre/image-22.jpg (4734 bytes)
   🗑️  Supprimé: pashmina-100-cachemire-vertgrisocre/image-12.jpg (3628 bytes)
   🗑️  Supprimé: pashmina-100-cachemire-vertgrisocre/image-15.jpg (1695 bytes)
   🗑️  Supprimé: pashmina-100-cachemire-vertgrisocre/image-28.jpg (1724 bytes)
   🗑️  Supprimé: pashmina-100-cachemire-vertgrisocre/image-4.jpg (2031 bytes)
   🗑️  Supprimé: boucles-doreilles-argent-et-petite-pierre-emeraude/image-25.jpg (1920 bytes)
   🗑️  Supprimé: boucles-doreilles-argent-et-petite-pierre-emeraude/image-26.jpg (1699 bytes)
   🗑️  Supprimé: boucles-doreilles-argent-et-petite-pierre-emeraude/image-27.jpg (2050 bytes)
   🗑️  Supprimé: boucles-doreilles-argent-et-petite-pierre-emeraude/image-23.jpg (4734 bytes)
   🗑️  Supprimé: boucles-doreilles-argent-et-petite-pierre-emeraude/image-11.jpg (1516 bytes)
   🗑️  Supprimé: boucles-doreilles-argent-et-petite-pierre-emeraude/image-16.jpg (1695 bytes)
   🗑️  Supprimé: boucles-doreilles-argent-et-petite-pierre-emeraude/image-15.jpg (3628 bytes)
   🗑️  Supprimé: boucles-doreilles-argent-et-petite-pierre-emeraude/image-28.jpg (1724 bytes)
   🗑️  Supprimé: boucles-doreilles-argent-et-petite-pierre-emeraude/image-1.jpg (2031 bytes)
   🗑️  Supprimé: bague-argent-amethyste/image-24.jpg (1699 bytes)
   🗑️  Supprimé: bague-argent-amethyste/image-26.jpg (2050 bytes)
   🗑️  Supprimé: bague-argent-amethyste/image-27.jpg (1724 bytes)
   🗑️  Supprimé: bague-argent-amethyste/image-23.jpg (1920 bytes)
   🗑️  Supprimé: bague-argent-amethyste/image-21.jpg (4734 bytes)
   🗑️  Supprimé: bague-argent-amethyste/image-10.jpg (1516 bytes)
   🗑️  Supprimé: bague-argent-amethyste/image-13.jpg (3628 bytes)
   🗑️  Supprimé: bague-argent-amethyste/image-15.jpg (1695 bytes)
   🗑️  Supprimé: bague-argent-amethyste/image-28.jpg (4653 bytes)
   🗑️  Supprimé: bague-argent-amethyste/image-1.jpg (2031 bytes)
   🗑️  Supprimé: bague-argent-amethyste/image-7.jpg (4482 bytes)
   🗑️  Supprimé: bracelet-jonc-réglable/image-18.jpg (4734 bytes)
   🗑️  Supprimé: bracelet-jonc-réglable/image-32.jpg (4668 bytes)
   🗑️  Supprimé: bracelet-jonc-réglable/image-26.jpg (1724 bytes)
   🗑️  Supprimé: bracelet-jonc-réglable/image-23.jpg (2050 bytes)
   🗑️  Supprimé: bracelet-jonc-réglable/image-22.jpg (1699 bytes)
   🗑️  Supprimé: bracelet-jonc-réglable/image-21.jpg (1920 bytes)
   🗑️  Supprimé: bracelet-jonc-réglable/image-11.jpg (3628 bytes)
   🗑️  Supprimé: bracelet-jonc-réglable/image-12.jpg (1695 bytes)
   🗑️  Supprimé: bracelet-jonc-réglable/image-1.jpg (2031 bytes)
   🗑️  Supprimé: bracelet-jonc-réglable/image-7.jpg (1516 bytes)
   🗑️  Supprimé: collier-tibétain-avec-des-perles-taillées-et-pierres-turquoise-et-lapis-lazuli/image-31.jpg (1724 bytes)
   🗑️  Supprimé: collier-tibétain-avec-des-perles-taillées-et-pierres-turquoise-et-lapis-lazuli/image-24.jpg (4734 bytes)
   🗑️  Supprimé: collier-tibétain-avec-des-perles-taillées-et-pierres-turquoise-et-lapis-lazuli/image-26.jpg (1920 bytes)
   🗑️  Supprimé: collier-tibétain-avec-des-perles-taillées-et-pierres-turquoise-et-lapis-lazuli/image-27.jpg (1699 bytes)
   🗑️  Supprimé: collier-tibétain-avec-des-perles-taillées-et-pierres-turquoise-et-lapis-lazuli/image-22.jpg (4868 bytes)
   🗑️  Supprimé: collier-tibétain-avec-des-perles-taillées-et-pierres-turquoise-et-lapis-lazuli/image-13.jpg (1516 bytes)
   🗑️  Supprimé: collier-tibétain-avec-des-perles-taillées-et-pierres-turquoise-et-lapis-lazuli/image-16.jpg (3628 bytes)
   🗑️  Supprimé: collier-tibétain-avec-des-perles-taillées-et-pierres-turquoise-et-lapis-lazuli/image-17.jpg (1695 bytes)
   🗑️  Supprimé: collier-tibétain-avec-des-perles-taillées-et-pierres-turquoise-et-lapis-lazuli/image-29.jpg (2050 bytes)
   🗑️  Supprimé: collier-tibétain-avec-des-perles-taillées-et-pierres-turquoise-et-lapis-lazuli/image-1.jpg (2031 bytes)
   🗑️  Supprimé: collier-tibétain-avec-des-perles-taillées-et-pierres-turquoise-et-lapis-lazuli/image-2.jpg (4712 bytes)
   🗑️  Supprimé: bracelet-inscriptions-tibétaines-et-main-de-fatma/image-25.jpg (2050 bytes)
   🗑️  Supprimé: bracelet-inscriptions-tibétaines-et-main-de-fatma/image-22.jpg (1699 bytes)
   🗑️  Supprimé: bracelet-inscriptions-tibétaines-et-main-de-fatma/image-20.jpg (4734 bytes)
   🗑️  Supprimé: bracelet-inscriptions-tibétaines-et-main-de-fatma/image-21.jpg (1920 bytes)
   🗑️  Supprimé: bracelet-inscriptions-tibétaines-et-main-de-fatma/image-10.jpg (3628 bytes)
   🗑️  Supprimé: bracelet-inscriptions-tibétaines-et-main-de-fatma/image-14.jpg (1695 bytes)
   🗑️  Supprimé: bracelet-inscriptions-tibétaines-et-main-de-fatma/image-28.jpg (1724 bytes)
   🗑️  Supprimé: bracelet-inscriptions-tibétaines-et-main-de-fatma/image-2.jpg (2031 bytes)
   🗑️  Supprimé: bracelet-inscriptions-tibétaines-et-main-de-fatma/image-7.jpg (1516 bytes)
   🗑️  Supprimé: boucles-doreilles-dorées-pompon-jaune/image-25.jpg (1699 bytes)
   🗑️  Supprimé: boucles-doreilles-dorées-pompon-jaune/image-30.jpg (1724 bytes)
   🗑️  Supprimé: boucles-doreilles-dorées-pompon-jaune/image-24.jpg (1920 bytes)
   🗑️  Supprimé: boucles-doreilles-dorées-pompon-jaune/image-27.jpg (2050 bytes)
   🗑️  Supprimé: boucles-doreilles-dorées-pompon-jaune/image-23.jpg (4734 bytes)
   🗑️  Supprimé: boucles-doreilles-dorées-pompon-jaune/image-20.jpg (4868 bytes)
   🗑️  Supprimé: boucles-doreilles-dorées-pompon-jaune/image-16.jpg (3628 bytes)
   🗑️  Supprimé: boucles-doreilles-dorées-pompon-jaune/image-17.jpg (1695 bytes)
   🗑️  Supprimé: boucles-doreilles-dorées-pompon-jaune/image-14.jpg (1516 bytes)
   🗑️  Supprimé: boucles-doreilles-dorées-pompon-jaune/image-2.jpg (2031 bytes)
   🗑️  Supprimé: bracelet-pierres-naturelles-en-lapis-lazuli/image-25.jpg (2050 bytes)
   🗑️  Supprimé: bracelet-pierres-naturelles-en-lapis-lazuli/image-24.jpg (1699 bytes)
   🗑️  Supprimé: bracelet-pierres-naturelles-en-lapis-lazuli/image-27.jpg (1724 bytes)
   🗑️  Supprimé: bracelet-pierres-naturelles-en-lapis-lazuli/image-23.jpg (1920 bytes)
   🗑️  Supprimé: bracelet-pierres-naturelles-en-lapis-lazuli/image-21.jpg (4734 bytes)
   🗑️  Supprimé: bracelet-pierres-naturelles-en-lapis-lazuli/image-10.jpg (3628 bytes)
   🗑️  Supprimé: bracelet-pierres-naturelles-en-lapis-lazuli/image-12.jpg (1695 bytes)
   🗑️  Supprimé: bracelet-pierres-naturelles-en-lapis-lazuli/image-1.jpg (2031 bytes)
   🗑️  Supprimé: bracelet-pierres-naturelles-en-lapis-lazuli/image-7.jpg (1516 bytes)
   🗑️  Supprimé: boucles-doreilles-argent-arbre-de-vie-pierre-de-lune/image-8.jpg (4482 bytes)
   🗑️  Supprimé: boucles-doreilles-argent-arbre-de-vie-pierre-de-lune/image-25.jpg (1699 bytes)
   🗑️  Supprimé: boucles-doreilles-argent-arbre-de-vie-pierre-de-lune/image-24.jpg (1920 bytes)
   🗑️  Supprimé: boucles-doreilles-argent-arbre-de-vie-pierre-de-lune/image-27.jpg (2050 bytes)
   🗑️  Supprimé: boucles-doreilles-argent-arbre-de-vie-pierre-de-lune/image-22.jpg (4734 bytes)
   🗑️  Supprimé: boucles-doreilles-argent-arbre-de-vie-pierre-de-lune/image-10.jpg (1516 bytes)
   🗑️  Supprimé: boucles-doreilles-argent-arbre-de-vie-pierre-de-lune/image-13.jpg (3628 bytes)
   🗑️  Supprimé: boucles-doreilles-argent-arbre-de-vie-pierre-de-lune/image-29.jpg (1724 bytes)
   🗑️  Supprimé: boucles-doreilles-argent-arbre-de-vie-pierre-de-lune/image-14.jpg (1695 bytes)
   🗑️  Supprimé: boucles-doreilles-argent-arbre-de-vie-pierre-de-lune/image-1.jpg (2031 bytes)
   🗑️  Supprimé: collier-avec-chainette-dorée-et-aqua-marine/image-31.jpg (1724 bytes)
   🗑️  Supprimé: collier-avec-chainette-dorée-et-aqua-marine/image-24.jpg (4734 bytes)
   🗑️  Supprimé: collier-avec-chainette-dorée-et-aqua-marine/image-26.jpg (1920 bytes)
   🗑️  Supprimé: collier-avec-chainette-dorée-et-aqua-marine/image-27.jpg (1699 bytes)
   🗑️  Supprimé: collier-avec-chainette-dorée-et-aqua-marine/image-21.jpg (4868 bytes)
   🗑️  Supprimé: collier-avec-chainette-dorée-et-aqua-marine/image-12.jpg (1516 bytes)
   🗑️  Supprimé: collier-avec-chainette-dorée-et-aqua-marine/image-17.jpg (1695 bytes)
   🗑️  Supprimé: collier-avec-chainette-dorée-et-aqua-marine/image-29.jpg (2050 bytes)
   🗑️  Supprimé: collier-avec-chainette-dorée-et-aqua-marine/image-15.jpg (3628 bytes)
   🗑️  Supprimé: collier-avec-chainette-dorée-et-aqua-marine/image-2.jpg (2031 bytes)
   🗑️  Supprimé: collier-pierres-onyx-noir/image-9.jpg (3628 bytes)
   🗑️  Supprimé: collier-pierres-onyx-noir/image-25.jpg (1699 bytes)
   🗑️  Supprimé: collier-pierres-onyx-noir/image-24.jpg (1920 bytes)
   🗑️  Supprimé: collier-pierres-onyx-noir/image-26.jpg (2050 bytes)
   🗑️  Supprimé: collier-pierres-onyx-noir/image-22.jpg (4734 bytes)
   🗑️  Supprimé: collier-pierres-onyx-noir/image-10.jpg (1695 bytes)
   🗑️  Supprimé: collier-pierres-onyx-noir/image-28.jpg (1724 bytes)
   🗑️  Supprimé: collier-pierres-onyx-noir/image-2.jpg (2031 bytes)
   🗑️  Supprimé: collier-pierres-onyx-noir/image-5.jpg (1516 bytes)
   🗑️  Supprimé: collier-argent-ambre/image-25.jpg (2050 bytes)
   🗑️  Supprimé: collier-argent-ambre/image-30.jpg (4668 bytes)
   🗑️  Supprimé: collier-argent-ambre/image-24.jpg (1699 bytes)
   🗑️  Supprimé: collier-argent-ambre/image-26.jpg (1724 bytes)
   🗑️  Supprimé: collier-argent-ambre/image-23.jpg (1920 bytes)
   🗑️  Supprimé: collier-argent-ambre/image-20.jpg (4734 bytes)
   🗑️  Supprimé: collier-argent-ambre/image-10.jpg (1516 bytes)
   🗑️  Supprimé: collier-argent-ambre/image-15.jpg (1695 bytes)
   🗑️  Supprimé: collier-argent-ambre/image-14.jpg (3628 bytes)
   🗑️  Supprimé: collier-argent-ambre/image-1.jpg (2031 bytes)
   🗑️  Supprimé: collier-argent-ambre/image-7.jpg (4482 bytes)
   🗑️  Supprimé: bracelet-pierres-naturelles-agate-blanche/image-9.jpg (3628 bytes)
   🗑️  Supprimé: bracelet-pierres-naturelles-agate-blanche/image-24.jpg (2050 bytes)
   🗑️  Supprimé: bracelet-pierres-naturelles-agate-blanche/image-27.jpg (1724 bytes)
   🗑️  Supprimé: bracelet-pierres-naturelles-agate-blanche/image-22.jpg (1699 bytes)
   🗑️  Supprimé: bracelet-pierres-naturelles-agate-blanche/image-20.jpg (4734 bytes)
   🗑️  Supprimé: bracelet-pierres-naturelles-agate-blanche/image-21.jpg (1920 bytes)
   🗑️  Supprimé: bracelet-pierres-naturelles-agate-blanche/image-13.jpg (1695 bytes)
   🗑️  Supprimé: bracelet-pierres-naturelles-agate-blanche/image-2.jpg (2031 bytes)
   🗑️  Supprimé: bracelet-pierres-naturelles-agate-blanche/image-6.jpg (1516 bytes)
   🗑️  Supprimé: anneau-ethnique-travaillé-en-métal-argenté/image-25.jpg (1920 bytes)
   🗑️  Supprimé: anneau-ethnique-travaillé-en-métal-argenté/image-30.jpg (4653 bytes)
   🗑️  Supprimé: anneau-ethnique-travaillé-en-métal-argenté/image-26.jpg (1699 bytes)
   🗑️  Supprimé: anneau-ethnique-travaillé-en-métal-argenté/image-22.jpg (4734 bytes)
   🗑️  Supprimé: anneau-ethnique-travaillé-en-métal-argenté/image-10.jpg (1516 bytes)
   🗑️  Supprimé: anneau-ethnique-travaillé-en-métal-argenté/image-16.jpg (1695 bytes)
   🗑️  Supprimé: anneau-ethnique-travaillé-en-métal-argenté/image-29.jpg (1724 bytes)
   🗑️  Supprimé: anneau-ethnique-travaillé-en-métal-argenté/image-15.jpg (3628 bytes)
   🗑️  Supprimé: anneau-ethnique-travaillé-en-métal-argenté/image-28.jpg (2050 bytes)
   🗑️  Supprimé: anneau-ethnique-travaillé-en-métal-argenté/image-1.jpg (2031 bytes)
   🗑️  Supprimé: grandes-créoles-bouddha-en-argent/image-24.jpg (1699 bytes)
   🗑️  Supprimé: grandes-créoles-bouddha-en-argent/image-23.jpg (1920 bytes)
   🗑️  Supprimé: grandes-créoles-bouddha-en-argent/image-21.jpg (4734 bytes)
   🗑️  Supprimé: grandes-créoles-bouddha-en-argent/image-10.jpg (3628 bytes)
   🗑️  Supprimé: grandes-créoles-bouddha-en-argent/image-11.jpg (1695 bytes)
   🗑️  Supprimé: grandes-créoles-bouddha-en-argent/image-29.jpg (1724 bytes)
   🗑️  Supprimé: grandes-créoles-bouddha-en-argent/image-28.jpg (2050 bytes)
   🗑️  Supprimé: grandes-créoles-bouddha-en-argent/image-1.jpg (2031 bytes)
   🗑️  Supprimé: grandes-créoles-bouddha-en-argent/image-6.jpg (4482 bytes)
   🗑️  Supprimé: grandes-créoles-bouddha-en-argent/image-7.jpg (1516 bytes)
   🗑️  Supprimé: bracelet-pierres-naturelles-en-onyx-noir-7-chakras/image-30.jpg (1724 bytes)
   🗑️  Supprimé: bracelet-pierres-naturelles-en-onyx-noir-7-chakras/image-24.jpg (1920 bytes)
   🗑️  Supprimé: bracelet-pierres-naturelles-en-onyx-noir-7-chakras/image-26.jpg (1699 bytes)
   🗑️  Supprimé: bracelet-pierres-naturelles-en-onyx-noir-7-chakras/image-22.jpg (4734 bytes)
   🗑️  Supprimé: bracelet-pierres-naturelles-en-onyx-noir-7-chakras/image-12.jpg (3628 bytes)
   🗑️  Supprimé: bracelet-pierres-naturelles-en-onyx-noir-7-chakras/image-14.jpg (1695 bytes)
   🗑️  Supprimé: bracelet-pierres-naturelles-en-onyx-noir-7-chakras/image-28.jpg (2050 bytes)
   🗑️  Supprimé: bracelet-pierres-naturelles-en-onyx-noir-7-chakras/image-2.jpg (2031 bytes)
   🗑️  Supprimé: bracelet-pierres-naturelles-en-onyx-noir-7-chakras/image-7.jpg (1516 bytes)
   🗑️  Supprimé: collier-ras-de-cou-en-topaze-bleue/image-9.jpg (1516 bytes)
   🗑️  Supprimé: collier-ras-de-cou-en-topaze-bleue/image-26.jpg (2050 bytes)
   🗑️  Supprimé: collier-ras-de-cou-en-topaze-bleue/image-23.jpg (1699 bytes)
   🗑️  Supprimé: collier-ras-de-cou-en-topaze-bleue/image-22.jpg (1920 bytes)
   🗑️  Supprimé: collier-ras-de-cou-en-topaze-bleue/image-20.jpg (4734 bytes)
   🗑️  Supprimé: collier-ras-de-cou-en-topaze-bleue/image-15.jpg (1695 bytes)
   🗑️  Supprimé: collier-ras-de-cou-en-topaze-bleue/image-14.jpg (3628 bytes)
   🗑️  Supprimé: collier-ras-de-cou-en-topaze-bleue/image-28.jpg (1724 bytes)
   🗑️  Supprimé: collier-ras-de-cou-en-topaze-bleue/image-2.jpg (2031 bytes)
   🗑️  Supprimé: pashmina-cotoncachemire-orange-motif-éléphant/image-25.jpg (1699 bytes)
   🗑️  Supprimé: pashmina-cotoncachemire-orange-motif-éléphant/image-24.jpg (1920 bytes)
   🗑️  Supprimé: pashmina-cotoncachemire-orange-motif-éléphant/image-23.jpg (4734 bytes)
   🗑️  Supprimé: pashmina-cotoncachemire-orange-motif-éléphant/image-11.jpg (1516 bytes)
   🗑️  Supprimé: pashmina-cotoncachemire-orange-motif-éléphant/image-29.jpg (1724 bytes)
   🗑️  Supprimé: pashmina-cotoncachemire-orange-motif-éléphant/image-15.jpg (1695 bytes)
   🗑️  Supprimé: pashmina-cotoncachemire-orange-motif-éléphant/image-14.jpg (3628 bytes)
   🗑️  Supprimé: pashmina-cotoncachemire-orange-motif-éléphant/image-28.jpg (2050 bytes)
   🗑️  Supprimé: pashmina-cotoncachemire-orange-motif-éléphant/image-3.jpg (2031 bytes)
   🗑️  Supprimé: foulard-noir-et-orange-à-fleurs-en-coton/image-25.jpg (1724 bytes)
   🗑️  Supprimé: foulard-noir-et-orange-à-fleurs-en-coton/image-24.jpg (2050 bytes)
   🗑️  Supprimé: foulard-noir-et-orange-à-fleurs-en-coton/image-23.jpg (1699 bytes)
   🗑️  Supprimé: foulard-noir-et-orange-à-fleurs-en-coton/image-22.jpg (1920 bytes)
   🗑️  Supprimé: foulard-noir-et-orange-à-fleurs-en-coton/image-20.jpg (4734 bytes)
   🗑️  Supprimé: foulard-noir-et-orange-à-fleurs-en-coton/image-10.jpg (1516 bytes)
   🗑️  Supprimé: foulard-noir-et-orange-à-fleurs-en-coton/image-16.jpg (1695 bytes)
   🗑️  Supprimé: foulard-noir-et-orange-à-fleurs-en-coton/image-15.jpg (3628 bytes)
   🗑️  Supprimé: foulard-noir-et-orange-à-fleurs-en-coton/image-3.jpg (2031 bytes)
   🗑️  Supprimé: bracelet-pierres-naturelles-en-agate-blancrose/image-25.jpg (1699 bytes)
   🗑️  Supprimé: bracelet-pierres-naturelles-en-agate-blancrose/image-30.jpg (1724 bytes)
   🗑️  Supprimé: bracelet-pierres-naturelles-en-agate-blancrose/image-24.jpg (1920 bytes)
   🗑️  Supprimé: bracelet-pierres-naturelles-en-agate-blancrose/image-27.jpg (2050 bytes)
   🗑️  Supprimé: bracelet-pierres-naturelles-en-agate-blancrose/image-22.jpg (4734 bytes)
   🗑️  Supprimé: bracelet-pierres-naturelles-en-agate-blancrose/image-10.jpg (3628 bytes)
   🗑️  Supprimé: bracelet-pierres-naturelles-en-agate-blancrose/image-12.jpg (1695 bytes)
   🗑️  Supprimé: bracelet-pierres-naturelles-en-agate-blancrose/image-1.jpg (2031 bytes)
   🗑️  Supprimé: bracelet-pierres-naturelles-en-agate-blancrose/image-7.jpg (1516 bytes)
   🗑️  Supprimé: bracelet-argent-labradorite/image-9.jpg (1516 bytes)
   🗑️  Supprimé: bracelet-argent-labradorite/image-25.jpg (1920 bytes)
   🗑️  Supprimé: bracelet-argent-labradorite/image-24.jpg (4734 bytes)
   🗑️  Supprimé: bracelet-argent-labradorite/image-26.jpg (1699 bytes)
   🗑️  Supprimé: bracelet-argent-labradorite/image-27.jpg (2050 bytes)
   🗑️  Supprimé: bracelet-argent-labradorite/image-16.jpg (3628 bytes)
   🗑️  Supprimé: bracelet-argent-labradorite/image-17.jpg (1695 bytes)
   🗑️  Supprimé: bracelet-argent-labradorite/image-29.jpg (1724 bytes)
   🗑️  Supprimé: bracelet-argent-labradorite/image-2.jpg (2031 bytes)
   🗑️  Supprimé: porte-clé-népalais-rond-argenté-et-doré/image-26.jpg (2050 bytes)
   🗑️  Supprimé: porte-clé-népalais-rond-argenté-et-doré/image-27.jpg (1724 bytes)
   🗑️  Supprimé: porte-clé-népalais-rond-argenté-et-doré/image-22.jpg (1699 bytes)
   🗑️  Supprimé: porte-clé-népalais-rond-argenté-et-doré/image-20.jpg (4734 bytes)
   🗑️  Supprimé: porte-clé-népalais-rond-argenté-et-doré/image-21.jpg (1920 bytes)
   🗑️  Supprimé: porte-clé-népalais-rond-argenté-et-doré/image-11.jpg (1516 bytes)
   🗑️  Supprimé: porte-clé-népalais-rond-argenté-et-doré/image-17.jpg (1695 bytes)
   🗑️  Supprimé: porte-clé-népalais-rond-argenté-et-doré/image-15.jpg (3628 bytes)
   🗑️  Supprimé: porte-clé-népalais-rond-argenté-et-doré/image-2.jpg (2031 bytes)
   🗑️  Supprimé: bracelet-rigide-en-laiton-grande-onyx-noir/image-25.jpg (1699 bytes)
   🗑️  Supprimé: bracelet-rigide-en-laiton-grande-onyx-noir/image-24.jpg (1920 bytes)
   🗑️  Supprimé: bracelet-rigide-en-laiton-grande-onyx-noir/image-26.jpg (2050 bytes)
   🗑️  Supprimé: bracelet-rigide-en-laiton-grande-onyx-noir/image-27.jpg (1724 bytes)
   🗑️  Supprimé: bracelet-rigide-en-laiton-grande-onyx-noir/image-22.jpg (4734 bytes)
   🗑️  Supprimé: bracelet-rigide-en-laiton-grande-onyx-noir/image-13.jpg (3628 bytes)
   🗑️  Supprimé: bracelet-rigide-en-laiton-grande-onyx-noir/image-14.jpg (1695 bytes)
   🗑️  Supprimé: bracelet-rigide-en-laiton-grande-onyx-noir/image-1.jpg (2031 bytes)
   🗑️  Supprimé: bracelet-rigide-en-laiton-grande-onyx-noir/image-6.jpg (1516 bytes)
   🗑️  Supprimé: bracelet-pierres-grandes-pierres-topaze-jaune-avec-cordon-réglable/image-8.jpg (1516 bytes)
   🗑️  Supprimé: bracelet-pierres-grandes-pierres-topaze-jaune-avec-cordon-réglable/image-26.jpg (2050 bytes)
   🗑️  Supprimé: bracelet-pierres-grandes-pierres-topaze-jaune-avec-cordon-réglable/image-27.jpg (1724 bytes)
   🗑️  Supprimé: bracelet-pierres-grandes-pierres-topaze-jaune-avec-cordon-réglable/image-23.jpg (1699 bytes)
   🗑️  Supprimé: bracelet-pierres-grandes-pierres-topaze-jaune-avec-cordon-réglable/image-22.jpg (1920 bytes)
   🗑️  Supprimé: bracelet-pierres-grandes-pierres-topaze-jaune-avec-cordon-réglable/image-20.jpg (4734 bytes)
   🗑️  Supprimé: bracelet-pierres-grandes-pierres-topaze-jaune-avec-cordon-réglable/image-12.jpg (3628 bytes)
   🗑️  Supprimé: bracelet-pierres-grandes-pierres-topaze-jaune-avec-cordon-réglable/image-15.jpg (1695 bytes)
   🗑️  Supprimé: bracelet-pierres-grandes-pierres-topaze-jaune-avec-cordon-réglable/image-3.jpg (2031 bytes)
   🗑️  Supprimé: boucles-doreilles-perles-noires-vertes/image-25.jpg (1699 bytes)
   🗑️  Supprimé: boucles-doreilles-perles-noires-vertes/image-18.jpg (4868 bytes)
   🗑️  Supprimé: boucles-doreilles-perles-noires-vertes/image-24.jpg (1920 bytes)
   🗑️  Supprimé: boucles-doreilles-perles-noires-vertes/image-27.jpg (2050 bytes)
   🗑️  Supprimé: boucles-doreilles-perles-noires-vertes/image-22.jpg (4734 bytes)
   🗑️  Supprimé: boucles-doreilles-perles-noires-vertes/image-11.jpg (1516 bytes)
   🗑️  Supprimé: boucles-doreilles-perles-noires-vertes/image-29.jpg (1724 bytes)
   🗑️  Supprimé: boucles-doreilles-perles-noires-vertes/image-15.jpg (1695 bytes)
   🗑️  Supprimé: boucles-doreilles-perles-noires-vertes/image-14.jpg (3628 bytes)
   🗑️  Supprimé: boucles-doreilles-perles-noires-vertes/image-1.jpg (2031 bytes)
   🗑️  Supprimé: pochette-brodée-avec-des-perles-et-petits-miroirs/image-9.jpg (1516 bytes)
   🗑️  Supprimé: pochette-brodée-avec-des-perles-et-petits-miroirs/image-24.jpg (2050 bytes)
   🗑️  Supprimé: pochette-brodée-avec-des-perles-et-petits-miroirs/image-26.jpg (1724 bytes)
   🗑️  Supprimé: pochette-brodée-avec-des-perles-et-petits-miroirs/image-23.jpg (1699 bytes)
   🗑️  Supprimé: pochette-brodée-avec-des-perles-et-petits-miroirs/image-22.jpg (1920 bytes)
   🗑️  Supprimé: pochette-brodée-avec-des-perles-et-petits-miroirs/image-21.jpg (4734 bytes)
   🗑️  Supprimé: pochette-brodée-avec-des-perles-et-petits-miroirs/image-12.jpg (3628 bytes)
   🗑️  Supprimé: pochette-brodée-avec-des-perles-et-petits-miroirs/image-15.jpg (1695 bytes)
   🗑️  Supprimé: pochette-brodée-avec-des-perles-et-petits-miroirs/image-2.jpg (2031 bytes)
   🗑️  Supprimé: chaine-de-chevilles-perles-de-couleur-cordon-réglable/image-25.jpg (1920 bytes)
   🗑️  Supprimé: chaine-de-chevilles-perles-de-couleur-cordon-réglable/image-31.jpg (1724 bytes)
   🗑️  Supprimé: chaine-de-chevilles-perles-de-couleur-cordon-réglable/image-26.jpg (1699 bytes)
   🗑️  Supprimé: chaine-de-chevilles-perles-de-couleur-cordon-réglable/image-23.jpg (4734 bytes)
   🗑️  Supprimé: chaine-de-chevilles-perles-de-couleur-cordon-réglable/image-20.jpg (4868 bytes)
   🗑️  Supprimé: chaine-de-chevilles-perles-de-couleur-cordon-réglable/image-13.jpg (1516 bytes)
   🗑️  Supprimé: chaine-de-chevilles-perles-de-couleur-cordon-réglable/image-29.jpg (2050 bytes)
   🗑️  Supprimé: chaine-de-chevilles-perles-de-couleur-cordon-réglable/image-15.jpg (1695 bytes)
   🗑️  Supprimé: chaine-de-chevilles-perles-de-couleur-cordon-réglable/image-14.jpg (3628 bytes)
   🗑️  Supprimé: chaine-de-chevilles-perles-de-couleur-cordon-réglable/image-1.jpg (2031 bytes)
   🗑️  Supprimé: chaine-de-chevilles-perles-de-couleur-cordon-réglable/image-2.jpg (4712 bytes)
   🗑️  Supprimé: pochette-en-soie/image-9.jpg (1516 bytes)
   🗑️  Supprimé: pochette-en-soie/image-25.jpg (2050 bytes)
   🗑️  Supprimé: pochette-en-soie/image-26.jpg (1724 bytes)
   🗑️  Supprimé: pochette-en-soie/image-22.jpg (1699 bytes)
   🗑️  Supprimé: pochette-en-soie/image-20.jpg (4734 bytes)
   🗑️  Supprimé: pochette-en-soie/image-21.jpg (1920 bytes)
   🗑️  Supprimé: pochette-en-soie/image-12.jpg (3628 bytes)
   🗑️  Supprimé: pochette-en-soie/image-14.jpg (1695 bytes)
   🗑️  Supprimé: pochette-en-soie/image-3.jpg (2031 bytes)
   🗑️  Supprimé: bracelet-pierres-naturelles-en-agate-bleu-lagon-avec-un-eléphant/image-30.jpg (1724 bytes)
   🗑️  Supprimé: bracelet-pierres-naturelles-en-agate-bleu-lagon-avec-un-eléphant/image-24.jpg (1699 bytes)
   🗑️  Supprimé: bracelet-pierres-naturelles-en-agate-bleu-lagon-avec-un-eléphant/image-27.jpg (2050 bytes)
   🗑️  Supprimé: bracelet-pierres-naturelles-en-agate-bleu-lagon-avec-un-eléphant/image-23.jpg (1920 bytes)
   🗑️  Supprimé: bracelet-pierres-naturelles-en-agate-bleu-lagon-avec-un-eléphant/image-22.jpg (4734 bytes)
   🗑️  Supprimé: bracelet-pierres-naturelles-en-agate-bleu-lagon-avec-un-eléphant/image-11.jpg (3628 bytes)
   🗑️  Supprimé: bracelet-pierres-naturelles-en-agate-bleu-lagon-avec-un-eléphant/image-13.jpg (1695 bytes)
   🗑️  Supprimé: bracelet-pierres-naturelles-en-agate-bleu-lagon-avec-un-eléphant/image-2.jpg (2031 bytes)
   🗑️  Supprimé: bracelet-pierres-naturelles-en-agate-bleu-lagon-avec-un-eléphant/image-5.jpg (1516 bytes)
   🗑️  Supprimé: chaine-metal-argenté-fille-et-garcon/image-8.jpg (1516 bytes)
   🗑️  Supprimé: chaine-metal-argenté-fille-et-garcon/image-30.jpg (4653 bytes)
   🗑️  Supprimé: chaine-metal-argenté-fille-et-garcon/image-24.jpg (1699 bytes)
   🗑️  Supprimé: chaine-metal-argenté-fille-et-garcon/image-27.jpg (2050 bytes)
   🗑️  Supprimé: chaine-metal-argenté-fille-et-garcon/image-23.jpg (1920 bytes)
   🗑️  Supprimé: chaine-metal-argenté-fille-et-garcon/image-21.jpg (4734 bytes)
   🗑️  Supprimé: chaine-metal-argenté-fille-et-garcon/image-13.jpg (1695 bytes)
   🗑️  Supprimé: chaine-metal-argenté-fille-et-garcon/image-12.jpg (3628 bytes)
   🗑️  Supprimé: chaine-metal-argenté-fille-et-garcon/image-28.jpg (1724 bytes)
   🗑️  Supprimé: chaine-metal-argenté-fille-et-garcon/image-1.jpg (2031 bytes)
   🗑️  Supprimé: bracelet-pierres-agate-blanche/image-24.jpg (1699 bytes)
   🗑️  Supprimé: bracelet-pierres-agate-blanche/image-27.jpg (2050 bytes)
   🗑️  Supprimé: bracelet-pierres-agate-blanche/image-23.jpg (1920 bytes)
   🗑️  Supprimé: bracelet-pierres-agate-blanche/image-21.jpg (4734 bytes)
   🗑️  Supprimé: bracelet-pierres-agate-blanche/image-10.jpg (3628 bytes)
   🗑️  Supprimé: bracelet-pierres-agate-blanche/image-13.jpg (1695 bytes)
   🗑️  Supprimé: bracelet-pierres-agate-blanche/image-29.jpg (1724 bytes)
   🗑️  Supprimé: bracelet-pierres-agate-blanche/image-1.jpg (2031 bytes)
   🗑️  Supprimé: bracelet-pierres-agate-blanche/image-6.jpg (1516 bytes)
   🗑️  Supprimé: bracelet-en-argent-et-5-grandes-pierres-en-citrine/image-25.jpg (4741 bytes)
   🗑️  Supprimé: bracelet-en-argent-et-5-grandes-pierres-en-citrine/image-24.jpg (4734 bytes)
   🗑️  Supprimé: bracelet-en-argent-et-5-grandes-pierres-en-citrine/image-32.jpg (4668 bytes)
   🗑️  Supprimé: bracelet-en-argent-et-5-grandes-pierres-en-citrine/image-26.jpg (1920 bytes)
   🗑️  Supprimé: bracelet-en-argent-et-5-grandes-pierres-en-citrine/image-27.jpg (1699 bytes)
   🗑️  Supprimé: bracelet-en-argent-et-5-grandes-pierres-en-citrine/image-13.jpg (1695 bytes)
   🗑️  Supprimé: bracelet-en-argent-et-5-grandes-pierres-en-citrine/image-12.jpg (3628 bytes)
   🗑️  Supprimé: bracelet-en-argent-et-5-grandes-pierres-en-citrine/image-29.jpg (1724 bytes)
   🗑️  Supprimé: bracelet-en-argent-et-5-grandes-pierres-en-citrine/image-28.jpg (2050 bytes)
   🗑️  Supprimé: bracelet-en-argent-et-5-grandes-pierres-en-citrine/image-1.jpg (2031 bytes)
   🗑️  Supprimé: bracelet-en-argent-et-5-grandes-pierres-en-citrine/image-7.jpg (1516 bytes)
   🗑️  Supprimé: boucles-doreilles-dorées-avec-pierre-en-onyx-noir/image-25.jpg (1920 bytes)
   🗑️  Supprimé: boucles-doreilles-dorées-avec-pierre-en-onyx-noir/image-30.jpg (1724 bytes)
   🗑️  Supprimé: boucles-doreilles-dorées-avec-pierre-en-onyx-noir/image-26.jpg (1699 bytes)
   🗑️  Supprimé: boucles-doreilles-dorées-avec-pierre-en-onyx-noir/image-27.jpg (2050 bytes)
   🗑️  Supprimé: boucles-doreilles-dorées-avec-pierre-en-onyx-noir/image-23.jpg (4734 bytes)
   🗑️  Supprimé: boucles-doreilles-dorées-avec-pierre-en-onyx-noir/image-13.jpg (1516 bytes)
   🗑️  Supprimé: boucles-doreilles-dorées-avec-pierre-en-onyx-noir/image-17.jpg (1695 bytes)
   🗑️  Supprimé: boucles-doreilles-dorées-avec-pierre-en-onyx-noir/image-15.jpg (3628 bytes)
   🗑️  Supprimé: boucles-doreilles-dorées-avec-pierre-en-onyx-noir/image-2.jpg (2031 bytes)
   🗑️  Supprimé: bracelet-argent-et-émeraude/image-25.jpg (2050 bytes)
   🗑️  Supprimé: bracelet-argent-et-émeraude/image-24.jpg (1699 bytes)
   🗑️  Supprimé: bracelet-argent-et-émeraude/image-27.jpg (1724 bytes)
   🗑️  Supprimé: bracelet-argent-et-émeraude/image-23.jpg (1920 bytes)
   🗑️  Supprimé: bracelet-argent-et-émeraude/image-22.jpg (4741 bytes)
   🗑️  Supprimé: bracelet-argent-et-émeraude/image-21.jpg (4734 bytes)
   🗑️  Supprimé: bracelet-argent-et-émeraude/image-10.jpg (3628 bytes)
   🗑️  Supprimé: bracelet-argent-et-émeraude/image-11.jpg (1695 bytes)
   🗑️  Supprimé: bracelet-argent-et-émeraude/image-1.jpg (2031 bytes)
   🗑️  Supprimé: bracelet-argent-et-émeraude/image-6.jpg (1516 bytes)
   🗑️  Supprimé: collier-fantaisie-metal-perles-argentées-et-noires/image-25.jpg (4734 bytes)
   🗑️  Supprimé: collier-fantaisie-metal-perles-argentées-et-noires/image-31.jpg (1724 bytes)
   🗑️  Supprimé: collier-fantaisie-metal-perles-argentées-et-noires/image-26.jpg (1920 bytes)
   🗑️  Supprimé: collier-fantaisie-metal-perles-argentées-et-noires/image-27.jpg (1699 bytes)
   🗑️  Supprimé: collier-fantaisie-metal-perles-argentées-et-noires/image-12.jpg (1516 bytes)
   🗑️  Supprimé: collier-fantaisie-metal-perles-argentées-et-noires/image-16.jpg (1695 bytes)
   🗑️  Supprimé: collier-fantaisie-metal-perles-argentées-et-noires/image-29.jpg (2050 bytes)
   🗑️  Supprimé: collier-fantaisie-metal-perles-argentées-et-noires/image-15.jpg (3628 bytes)
   🗑️  Supprimé: collier-fantaisie-metal-perles-argentées-et-noires/image-2.jpg (2031 bytes)
   🗑️  Supprimé: bracelet-pierres-cornaline/image-18.jpg (4734 bytes)
   🗑️  Supprimé: bracelet-pierres-cornaline/image-24.jpg (2050 bytes)
   🗑️  Supprimé: bracelet-pierres-cornaline/image-26.jpg (1724 bytes)
   🗑️  Supprimé: bracelet-pierres-cornaline/image-20.jpg (1920 bytes)
   🗑️  Supprimé: bracelet-pierres-cornaline/image-21.jpg (1699 bytes)
   🗑️  Supprimé: bracelet-pierres-cornaline/image-10.jpg (3628 bytes)
   🗑️  Supprimé: bracelet-pierres-cornaline/image-12.jpg (1695 bytes)
   🗑️  Supprimé: bracelet-pierres-cornaline/image-2.jpg (2031 bytes)
   🗑️  Supprimé: bracelet-pierres-cornaline/image-7.jpg (1516 bytes)
   🗑️  Supprimé: collier-tibétain-pierre-naturelle-fantaisie/image-25.jpg (4734 bytes)
   🗑️  Supprimé: collier-tibétain-pierre-naturelle-fantaisie/image-31.jpg (1724 bytes)
   🗑️  Supprimé: collier-tibétain-pierre-naturelle-fantaisie/image-26.jpg (1920 bytes)
   🗑️  Supprimé: collier-tibétain-pierre-naturelle-fantaisie/image-27.jpg (1699 bytes)
   🗑️  Supprimé: collier-tibétain-pierre-naturelle-fantaisie/image-22.jpg (4868 bytes)
   🗑️  Supprimé: collier-tibétain-pierre-naturelle-fantaisie/image-13.jpg (1516 bytes)
   🗑️  Supprimé: collier-tibétain-pierre-naturelle-fantaisie/image-16.jpg (3628 bytes)
   🗑️  Supprimé: collier-tibétain-pierre-naturelle-fantaisie/image-17.jpg (1695 bytes)
   🗑️  Supprimé: collier-tibétain-pierre-naturelle-fantaisie/image-29.jpg (2050 bytes)
   🗑️  Supprimé: collier-tibétain-pierre-naturelle-fantaisie/image-2.jpg (2031 bytes)
   🗑️  Supprimé: bracelet-cauri-et-perles-dorées/image-8.jpg (1516 bytes)
   🗑️  Supprimé: bracelet-cauri-et-perles-dorées/image-25.jpg (1920 bytes)
   🗑️  Supprimé: bracelet-cauri-et-perles-dorées/image-24.jpg (4734 bytes)
   🗑️  Supprimé: bracelet-cauri-et-perles-dorées/image-26.jpg (1699 bytes)
   🗑️  Supprimé: bracelet-cauri-et-perles-dorées/image-27.jpg (2050 bytes)
   🗑️  Supprimé: bracelet-cauri-et-perles-dorées/image-15.jpg (1695 bytes)
   🗑️  Supprimé: bracelet-cauri-et-perles-dorées/image-14.jpg (3628 bytes)
   🗑️  Supprimé: bracelet-cauri-et-perles-dorées/image-28.jpg (1724 bytes)
   🗑️  Supprimé: bracelet-cauri-et-perles-dorées/image-2.jpg (2031 bytes)
   🗑️  Supprimé: pendentif-argent-aum-symbole-indien-et-onyx-vert-avec-son-cordon-en-cuir-noir/image-9.jpg (1516 bytes)
   🗑️  Supprimé: pendentif-argent-aum-symbole-indien-et-onyx-vert-avec-son-cordon-en-cuir-noir/image-19.jpg (4734 bytes)
   🗑️  Supprimé: pendentif-argent-aum-symbole-indien-et-onyx-vert-avec-son-cordon-en-cuir-noir/image-24.jpg (1699 bytes)
   🗑️  Supprimé: pendentif-argent-aum-symbole-indien-et-onyx-vert-avec-son-cordon-en-cuir-noir/image-26.jpg (2050 bytes)
   🗑️  Supprimé: pendentif-argent-aum-symbole-indien-et-onyx-vert-avec-son-cordon-en-cuir-noir/image-27.jpg (1724 bytes)
   🗑️  Supprimé: pendentif-argent-aum-symbole-indien-et-onyx-vert-avec-son-cordon-en-cuir-noir/image-23.jpg (1920 bytes)
   🗑️  Supprimé: pendentif-argent-aum-symbole-indien-et-onyx-vert-avec-son-cordon-en-cuir-noir/image-13.jpg (3628 bytes)
   🗑️  Supprimé: pendentif-argent-aum-symbole-indien-et-onyx-vert-avec-son-cordon-en-cuir-noir/image-29.jpg (4653 bytes)
   🗑️  Supprimé: pendentif-argent-aum-symbole-indien-et-onyx-vert-avec-son-cordon-en-cuir-noir/image-14.jpg (1695 bytes)
   🗑️  Supprimé: pendentif-argent-aum-symbole-indien-et-onyx-vert-avec-son-cordon-en-cuir-noir/image-1.jpg (2031 bytes)
   🗑️  Supprimé: bague-argent-ajustable-sobre-avec-une-pierre-ronde-turquoise/image-8.jpg (1516 bytes)
   🗑️  Supprimé: bague-argent-ajustable-sobre-avec-une-pierre-ronde-turquoise/image-25.jpg (1920 bytes)
   🗑️  Supprimé: bague-argent-ajustable-sobre-avec-une-pierre-ronde-turquoise/image-26.jpg (1699 bytes)
   🗑️  Supprimé: bague-argent-ajustable-sobre-avec-une-pierre-ronde-turquoise/image-27.jpg (2050 bytes)
   🗑️  Supprimé: bague-argent-ajustable-sobre-avec-une-pierre-ronde-turquoise/image-23.jpg (4734 bytes)
   🗑️  Supprimé: bague-argent-ajustable-sobre-avec-une-pierre-ronde-turquoise/image-15.jpg (1695 bytes)
   🗑️  Supprimé: bague-argent-ajustable-sobre-avec-une-pierre-ronde-turquoise/image-14.jpg (3628 bytes)
   🗑️  Supprimé: bague-argent-ajustable-sobre-avec-une-pierre-ronde-turquoise/image-28.jpg (1724 bytes)
   🗑️  Supprimé: bague-argent-ajustable-sobre-avec-une-pierre-ronde-turquoise/image-1.jpg (2031 bytes)
   🗑️  Supprimé: bague-argent-ajustable-sobre-avec-une-pierre-ronde-turquoise/image-7.jpg (4482 bytes)
   🗑️  Supprimé: bague-ajustable-argent-pierre-de-lune/image-9.jpg (1516 bytes)
   🗑️  Supprimé: bague-ajustable-argent-pierre-de-lune/image-25.jpg (2050 bytes)
   🗑️  Supprimé: bague-ajustable-argent-pierre-de-lune/image-19.jpg (4734 bytes)
   🗑️  Supprimé: bague-ajustable-argent-pierre-de-lune/image-26.jpg (1724 bytes)
   🗑️  Supprimé: bague-ajustable-argent-pierre-de-lune/image-20.jpg (1920 bytes)
   🗑️  Supprimé: bague-ajustable-argent-pierre-de-lune/image-21.jpg (1699 bytes)
   🗑️  Supprimé: bague-ajustable-argent-pierre-de-lune/image-13.jpg (3628 bytes)
   🗑️  Supprimé: bague-ajustable-argent-pierre-de-lune/image-14.jpg (1695 bytes)
   🗑️  Supprimé: bague-ajustable-argent-pierre-de-lune/image-1.jpg (2031 bytes)
   🗑️  Supprimé: etole-100-coton-taupe-turquoise-avec-motifs/image-25.jpg (1724 bytes)
   🗑️  Supprimé: etole-100-coton-taupe-turquoise-avec-motifs/image-23.jpg (2050 bytes)
   🗑️  Supprimé: etole-100-coton-taupe-turquoise-avec-motifs/image-22.jpg (1699 bytes)
   🗑️  Supprimé: etole-100-coton-taupe-turquoise-avec-motifs/image-20.jpg (4734 bytes)
   🗑️  Supprimé: etole-100-coton-taupe-turquoise-avec-motifs/image-21.jpg (1920 bytes)
   🗑️  Supprimé: etole-100-coton-taupe-turquoise-avec-motifs/image-10.jpg (1516 bytes)
   🗑️  Supprimé: etole-100-coton-taupe-turquoise-avec-motifs/image-12.jpg (3628 bytes)
   🗑️  Supprimé: etole-100-coton-taupe-turquoise-avec-motifs/image-15.jpg (1695 bytes)
   🗑️  Supprimé: etole-100-coton-taupe-turquoise-avec-motifs/image-3.jpg (2031 bytes)
   🗑️  Supprimé: bracelet-en-cuire-avec-une-pierre-en-turquoise/image-9.jpg (8441 bytes)
   🗑️  Supprimé: bracelet-en-cuire-avec-une-pierre-en-turquoise/image-8.jpg (8237 bytes)
   🗑️  Supprimé: bracelet-en-cuire-avec-une-pierre-en-turquoise/image-25.jpg (8340 bytes)
   🗑️  Supprimé: bracelet-en-cuire-avec-une-pierre-en-turquoise/image-31.jpg (5857 bytes)
   🗑️  Supprimé: bracelet-en-cuire-avec-une-pierre-en-turquoise/image-19.jpg (4741 bytes)
   🗑️  Supprimé: bracelet-en-cuire-avec-une-pierre-en-turquoise/image-18.jpg (4734 bytes)
   🗑️  Supprimé: bracelet-en-cuire-avec-une-pierre-en-turquoise/image-30.jpg (20440 bytes)
   🗑️  Supprimé: bracelet-en-cuire-avec-une-pierre-en-turquoise/image-24.jpg (8089 bytes)
   🗑️  Supprimé: bracelet-en-cuire-avec-une-pierre-en-turquoise/image-32.jpg (16445 bytes)
   🗑️  Supprimé: bracelet-en-cuire-avec-une-pierre-en-turquoise/image-26.jpg (1724 bytes)
   🗑️  Supprimé: bracelet-en-cuire-avec-une-pierre-en-turquoise/image-27.jpg (8109 bytes)
   🗑️  Supprimé: bracelet-en-cuire-avec-une-pierre-en-turquoise/image-23.jpg (2050 bytes)
   🗑️  Supprimé: bracelet-en-cuire-avec-une-pierre-en-turquoise/image-22.jpg (1699 bytes)
   🗑️  Supprimé: bracelet-en-cuire-avec-une-pierre-en-turquoise/image-20.jpg (5411 bytes)
   🗑️  Supprimé: bracelet-en-cuire-avec-une-pierre-en-turquoise/image-21.jpg (1920 bytes)
   🗑️  Supprimé: bracelet-en-cuire-avec-une-pierre-en-turquoise/image-10.jpg (26387 bytes)
   🗑️  Supprimé: bracelet-en-cuire-avec-une-pierre-en-turquoise/image-11.jpg (3628 bytes)
   🗑️  Supprimé: bracelet-en-cuire-avec-une-pierre-en-turquoise/image-13.jpg (6089 bytes)
   🗑️  Supprimé: bracelet-en-cuire-avec-une-pierre-en-turquoise/image-12.jpg (1695 bytes)
   🗑️  Supprimé: bracelet-en-cuire-avec-une-pierre-en-turquoise/image-16.jpg (6617 bytes)
   🗑️  Supprimé: bracelet-en-cuire-avec-une-pierre-en-turquoise/image-17.jpg (16383 bytes)
   🗑️  Supprimé: bracelet-en-cuire-avec-une-pierre-en-turquoise/image-29.jpg (10289 bytes)
   🗑️  Supprimé: bracelet-en-cuire-avec-une-pierre-en-turquoise/image-15.jpg (12923 bytes)
   🗑️  Supprimé: bracelet-en-cuire-avec-une-pierre-en-turquoise/image-14.jpg (6194 bytes)
   🗑️  Supprimé: bracelet-en-cuire-avec-une-pierre-en-turquoise/image-28.jpg (5327 bytes)
   🗑️  Supprimé: bracelet-en-cuire-avec-une-pierre-en-turquoise/image-1.jpg (6873 bytes)
   🗑️  Supprimé: bracelet-en-cuire-avec-une-pierre-en-turquoise/image-3.jpg (14639 bytes)
   🗑️  Supprimé: bracelet-en-cuire-avec-une-pierre-en-turquoise/image-2.jpg (2031 bytes)
   🗑️  Supprimé: bracelet-en-cuire-avec-une-pierre-en-turquoise/image-6.jpg (6934 bytes)
   🗑️  Supprimé: bracelet-en-cuire-avec-une-pierre-en-turquoise/image-7.jpg (5554 bytes)
   🗑️  Supprimé: bracelet-en-cuire-avec-une-pierre-en-turquoise/image-5.jpg (1516 bytes)
   🗑️  Supprimé: bracelet-en-cuire-avec-une-pierre-en-turquoise/image-4.jpg (6591 bytes)
   🗑️  Supprimé: bracelet-pierres-naturelles-lapis-lazuli/image-9.jpg (3628 bytes)
   🗑️  Supprimé: bracelet-pierres-naturelles-lapis-lazuli/image-19.jpg (4734 bytes)
   🗑️  Supprimé: bracelet-pierres-naturelles-lapis-lazuli/image-24.jpg (2050 bytes)
   🗑️  Supprimé: bracelet-pierres-naturelles-lapis-lazuli/image-27.jpg (1724 bytes)
   🗑️  Supprimé: bracelet-pierres-naturelles-lapis-lazuli/image-22.jpg (1699 bytes)
   🗑️  Supprimé: bracelet-pierres-naturelles-lapis-lazuli/image-21.jpg (1920 bytes)
   🗑️  Supprimé: bracelet-pierres-naturelles-lapis-lazuli/image-11.jpg (1695 bytes)
   🗑️  Supprimé: bracelet-pierres-naturelles-lapis-lazuli/image-1.jpg (2031 bytes)
   🗑️  Supprimé: bracelet-pierres-naturelles-lapis-lazuli/image-7.jpg (1516 bytes)
   🗑️  Supprimé: collier-tibetain-en-lapis-lazuli-turquoise-corail/image-24.jpg (1699 bytes)
   🗑️  Supprimé: collier-tibetain-en-lapis-lazuli-turquoise-corail/image-27.jpg (2050 bytes)
   🗑️  Supprimé: collier-tibetain-en-lapis-lazuli-turquoise-corail/image-23.jpg (1920 bytes)
   🗑️  Supprimé: collier-tibetain-en-lapis-lazuli-turquoise-corail/image-21.jpg (4734 bytes)
   🗑️  Supprimé: collier-tibetain-en-lapis-lazuli-turquoise-corail/image-11.jpg (3628 bytes)
   🗑️  Supprimé: collier-tibetain-en-lapis-lazuli-turquoise-corail/image-12.jpg (1695 bytes)
   🗑️  Supprimé: collier-tibetain-en-lapis-lazuli-turquoise-corail/image-28.jpg (1724 bytes)
   🗑️  Supprimé: collier-tibetain-en-lapis-lazuli-turquoise-corail/image-1.jpg (2031 bytes)
   🗑️  Supprimé: collier-tibetain-en-lapis-lazuli-turquoise-corail/image-6.jpg (4482 bytes)
   🗑️  Supprimé: collier-tibetain-en-lapis-lazuli-turquoise-corail/image-7.jpg (1516 bytes)
   🗑️  Supprimé: boucle-doreille-argent-rhodochrosite/image-24.jpg (4734 bytes)
   🗑️  Supprimé: boucle-doreille-argent-rhodochrosite/image-26.jpg (1920 bytes)
   🗑️  Supprimé: boucle-doreille-argent-rhodochrosite/image-27.jpg (1699 bytes)
   🗑️  Supprimé: boucle-doreille-argent-rhodochrosite/image-10.jpg (1516 bytes)
   🗑️  Supprimé: boucle-doreille-argent-rhodochrosite/image-13.jpg (3628 bytes)
   🗑️  Supprimé: boucle-doreille-argent-rhodochrosite/image-29.jpg (1724 bytes)
   🗑️  Supprimé: boucle-doreille-argent-rhodochrosite/image-14.jpg (1695 bytes)
   🗑️  Supprimé: boucle-doreille-argent-rhodochrosite/image-28.jpg (2050 bytes)
   🗑️  Supprimé: boucle-doreille-argent-rhodochrosite/image-1.jpg (2031 bytes)
   🗑️  Supprimé: collier-pierres-corail-et-quartz-rose/image-8.jpg (1516 bytes)
   🗑️  Supprimé: collier-pierres-corail-et-quartz-rose/image-25.jpg (2050 bytes)
   🗑️  Supprimé: collier-pierres-corail-et-quartz-rose/image-23.jpg (1699 bytes)
   🗑️  Supprimé: collier-pierres-corail-et-quartz-rose/image-22.jpg (1920 bytes)
   🗑️  Supprimé: collier-pierres-corail-et-quartz-rose/image-20.jpg (4734 bytes)
   🗑️  Supprimé: collier-pierres-corail-et-quartz-rose/image-10.jpg (3628 bytes)
   🗑️  Supprimé: collier-pierres-corail-et-quartz-rose/image-13.jpg (1695 bytes)
   🗑️  Supprimé: collier-pierres-corail-et-quartz-rose/image-28.jpg (1724 bytes)
   🗑️  Supprimé: collier-pierres-corail-et-quartz-rose/image-2.jpg (2031 bytes)
   🗑️  Supprimé: collier-tibetain-en-lapis-lazuli-turquoise-et-corail-avec-un-pendentif/image-8.jpg (4482 bytes)
   🗑️  Supprimé: collier-tibetain-en-lapis-lazuli-turquoise-et-corail-avec-un-pendentif/image-25.jpg (1699 bytes)
   🗑️  Supprimé: collier-tibetain-en-lapis-lazuli-turquoise-et-corail-avec-un-pendentif/image-30.jpg (1724 bytes)
   🗑️  Supprimé: collier-tibetain-en-lapis-lazuli-turquoise-et-corail-avec-un-pendentif/image-24.jpg (1920 bytes)
   🗑️  Supprimé: collier-tibetain-en-lapis-lazuli-turquoise-et-corail-avec-un-pendentif/image-27.jpg (2050 bytes)
   🗑️  Supprimé: collier-tibetain-en-lapis-lazuli-turquoise-et-corail-avec-un-pendentif/image-22.jpg (4734 bytes)
   🗑️  Supprimé: collier-tibetain-en-lapis-lazuli-turquoise-et-corail-avec-un-pendentif/image-10.jpg (1516 bytes)
   🗑️  Supprimé: collier-tibetain-en-lapis-lazuli-turquoise-et-corail-avec-un-pendentif/image-15.jpg (1695 bytes)
   🗑️  Supprimé: collier-tibetain-en-lapis-lazuli-turquoise-et-corail-avec-un-pendentif/image-14.jpg (3628 bytes)
   🗑️  Supprimé: collier-tibetain-en-lapis-lazuli-turquoise-et-corail-avec-un-pendentif/image-1.jpg (2031 bytes)
   🗑️  Supprimé: bracelet-pierres-agate-multistone-cordon-rouge-réglable/image-8.jpg (1516 bytes)
   🗑️  Supprimé: bracelet-pierres-agate-multistone-cordon-rouge-réglable/image-24.jpg (2050 bytes)
   🗑️  Supprimé: bracelet-pierres-agate-multistone-cordon-rouge-réglable/image-23.jpg (1699 bytes)
   🗑️  Supprimé: bracelet-pierres-agate-multistone-cordon-rouge-réglable/image-22.jpg (1920 bytes)
   🗑️  Supprimé: bracelet-pierres-agate-multistone-cordon-rouge-réglable/image-20.jpg (4734 bytes)
   🗑️  Supprimé: bracelet-pierres-agate-multistone-cordon-rouge-réglable/image-16.jpg (1695 bytes)
   🗑️  Supprimé: bracelet-pierres-agate-multistone-cordon-rouge-réglable/image-14.jpg (3628 bytes)
   🗑️  Supprimé: bracelet-pierres-agate-multistone-cordon-rouge-réglable/image-28.jpg (1724 bytes)
   🗑️  Supprimé: bracelet-pierres-agate-multistone-cordon-rouge-réglable/image-2.jpg (2031 bytes)
   🗑️  Supprimé: bague-réglable-dorée-turquoise/image-31.jpg (1724 bytes)
   🗑️  Supprimé: bague-réglable-dorée-turquoise/image-26.jpg (4734 bytes)
   🗑️  Supprimé: bague-réglable-dorée-turquoise/image-27.jpg (1920 bytes)
   🗑️  Supprimé: bague-réglable-dorée-turquoise/image-22.jpg (4868 bytes)
   🗑️  Supprimé: bague-réglable-dorée-turquoise/image-13.jpg (1516 bytes)
   🗑️  Supprimé: bague-réglable-dorée-turquoise/image-16.jpg (3628 bytes)
   🗑️  Supprimé: bague-réglable-dorée-turquoise/image-17.jpg (1695 bytes)
   🗑️  Supprimé: bague-réglable-dorée-turquoise/image-29.jpg (2050 bytes)
   🗑️  Supprimé: bague-réglable-dorée-turquoise/image-28.jpg (1699 bytes)
   🗑️  Supprimé: bague-réglable-dorée-turquoise/image-1.jpg (2031 bytes)
   🗑️  Supprimé: bracelet-pierres-naturelles-en-lapis-lazuli-avec-un-ange/image-25.jpg (4734 bytes)
   🗑️  Supprimé: bracelet-pierres-naturelles-en-lapis-lazuli-avec-un-ange/image-31.jpg (1724 bytes)
   🗑️  Supprimé: bracelet-pierres-naturelles-en-lapis-lazuli-avec-un-ange/image-30.jpg (2050 bytes)
   🗑️  Supprimé: bracelet-pierres-naturelles-en-lapis-lazuli-avec-un-ange/image-27.jpg (1920 bytes)
   🗑️  Supprimé: bracelet-pierres-naturelles-en-lapis-lazuli-avec-un-ange/image-17.jpg (1695 bytes)
   🗑️  Supprimé: bracelet-pierres-naturelles-en-lapis-lazuli-avec-un-ange/image-14.jpg (3628 bytes)
   🗑️  Supprimé: bracelet-pierres-naturelles-en-lapis-lazuli-avec-un-ange/image-28.jpg (1699 bytes)
   🗑️  Supprimé: bracelet-pierres-naturelles-en-lapis-lazuli-avec-un-ange/image-1.jpg (2031 bytes)
   🗑️  Supprimé: bracelet-pierres-naturelles-en-lapis-lazuli-avec-un-ange/image-7.jpg (1516 bytes)
   🗑️  Supprimé: bracelet-pierre-citrine-avec-un-cordon-réglable/image-9.jpg (3628 bytes)
   🗑️  Supprimé: bracelet-pierre-citrine-avec-un-cordon-réglable/image-19.jpg (4734 bytes)
   🗑️  Supprimé: bracelet-pierre-citrine-avec-un-cordon-réglable/image-26.jpg (2050 bytes)
   🗑️  Supprimé: bracelet-pierre-citrine-avec-un-cordon-réglable/image-22.jpg (1699 bytes)
   🗑️  Supprimé: bracelet-pierre-citrine-avec-un-cordon-réglable/image-21.jpg (1920 bytes)
   🗑️  Supprimé: bracelet-pierre-citrine-avec-un-cordon-réglable/image-12.jpg (1695 bytes)
   🗑️  Supprimé: bracelet-pierre-citrine-avec-un-cordon-réglable/image-29.jpg (1724 bytes)
   🗑️  Supprimé: bracelet-pierre-citrine-avec-un-cordon-réglable/image-2.jpg (2031 bytes)
   🗑️  Supprimé: bracelet-pierre-citrine-avec-un-cordon-réglable/image-7.jpg (1516 bytes)
   🗑️  Supprimé: bague-argent-calcedoine-ajustable/image-9.jpg (1516 bytes)
   🗑️  Supprimé: bague-argent-calcedoine-ajustable/image-8.jpg (4482 bytes)
   🗑️  Supprimé: bague-argent-calcedoine-ajustable/image-25.jpg (1699 bytes)
   🗑️  Supprimé: bague-argent-calcedoine-ajustable/image-31.jpg (4653 bytes)
   🗑️  Supprimé: bague-argent-calcedoine-ajustable/image-24.jpg (1920 bytes)
   🗑️  Supprimé: bague-argent-calcedoine-ajustable/image-27.jpg (2050 bytes)
   🗑️  Supprimé: bague-argent-calcedoine-ajustable/image-21.jpg (4734 bytes)
   🗑️  Supprimé: bague-argent-calcedoine-ajustable/image-13.jpg (1695 bytes)
   🗑️  Supprimé: bague-argent-calcedoine-ajustable/image-12.jpg (3628 bytes)
   🗑️  Supprimé: bague-argent-calcedoine-ajustable/image-28.jpg (1724 bytes)
   🗑️  Supprimé: bague-argent-calcedoine-ajustable/image-1.jpg (2031 bytes)
   🗑️  Supprimé: pendentif-argent-cornaline-avec-son-cordon-en-cuir-noir/image-8.jpg (4482 bytes)
   🗑️  Supprimé: pendentif-argent-cornaline-avec-son-cordon-en-cuir-noir/image-19.jpg (4734 bytes)
   🗑️  Supprimé: pendentif-argent-cornaline-avec-son-cordon-en-cuir-noir/image-24.jpg (1699 bytes)
   🗑️  Supprimé: pendentif-argent-cornaline-avec-son-cordon-en-cuir-noir/image-26.jpg (2050 bytes)
   🗑️  Supprimé: pendentif-argent-cornaline-avec-son-cordon-en-cuir-noir/image-27.jpg (1724 bytes)
   🗑️  Supprimé: pendentif-argent-cornaline-avec-son-cordon-en-cuir-noir/image-23.jpg (1920 bytes)
   🗑️  Supprimé: pendentif-argent-cornaline-avec-son-cordon-en-cuir-noir/image-10.jpg (1516 bytes)
   🗑️  Supprimé: pendentif-argent-cornaline-avec-son-cordon-en-cuir-noir/image-13.jpg (3628 bytes)
   🗑️  Supprimé: pendentif-argent-cornaline-avec-son-cordon-en-cuir-noir/image-29.jpg (4653 bytes)
   🗑️  Supprimé: pendentif-argent-cornaline-avec-son-cordon-en-cuir-noir/image-14.jpg (1695 bytes)
   🗑️  Supprimé: pendentif-argent-cornaline-avec-son-cordon-en-cuir-noir/image-1.jpg (2031 bytes)
   🗑️  Supprimé: bracelet-pierre-oeil-du-tigre-et-tête-de-bouddha/image-9.jpg (1695 bytes)
   🗑️  Supprimé: bracelet-pierre-oeil-du-tigre-et-tête-de-bouddha/image-19.jpg (1699 bytes)
   🗑️  Supprimé: bracelet-pierre-oeil-du-tigre-et-tête-de-bouddha/image-18.jpg (1920 bytes)
   🗑️  Supprimé: bracelet-pierre-oeil-du-tigre-et-tête-de-bouddha/image-24.jpg (2050 bytes)
   🗑️  Supprimé: bracelet-pierre-oeil-du-tigre-et-tête-de-bouddha/image-27.jpg (1724 bytes)
   🗑️  Supprimé: bracelet-pierre-oeil-du-tigre-et-tête-de-bouddha/image-17.jpg (4734 bytes)
   🗑️  Supprimé: bracelet-pierre-oeil-du-tigre-et-tête-de-bouddha/image-1.jpg (2031 bytes)
   🗑️  Supprimé: bracelet-pierre-oeil-du-tigre-et-tête-de-bouddha/image-7.jpg (3628 bytes)
   🗑️  Supprimé: bracelet-pierre-oeil-du-tigre-et-tête-de-bouddha/image-5.jpg (1516 bytes)
   🗑️  Supprimé: petit-carnet-avec-feuilles-de-papier-recyclées/image-26.jpg (2050 bytes)
   🗑️  Supprimé: petit-carnet-avec-feuilles-de-papier-recyclées/image-27.jpg (1724 bytes)
   🗑️  Supprimé: petit-carnet-avec-feuilles-de-papier-recyclées/image-23.jpg (1699 bytes)
   🗑️  Supprimé: petit-carnet-avec-feuilles-de-papier-recyclées/image-22.jpg (1920 bytes)
   🗑️  Supprimé: petit-carnet-avec-feuilles-de-papier-recyclées/image-21.jpg (4734 bytes)
   🗑️  Supprimé: petit-carnet-avec-feuilles-de-papier-recyclées/image-13.jpg (1516 bytes)
   🗑️  Supprimé: petit-carnet-avec-feuilles-de-papier-recyclées/image-16.jpg (3628 bytes)
   🗑️  Supprimé: petit-carnet-avec-feuilles-de-papier-recyclées/image-17.jpg (1695 bytes)
   🗑️  Supprimé: petit-carnet-avec-feuilles-de-papier-recyclées/image-3.jpg (2031 bytes)
   🗑️  Supprimé: chaine-de-chevilles-argent-pierres-de-couleur/image-24.jpg (1699 bytes)
   🗑️  Supprimé: chaine-de-chevilles-argent-pierres-de-couleur/image-26.jpg (2050 bytes)
   🗑️  Supprimé: chaine-de-chevilles-argent-pierres-de-couleur/image-27.jpg (1724 bytes)
   🗑️  Supprimé: chaine-de-chevilles-argent-pierres-de-couleur/image-23.jpg (1920 bytes)
   🗑️  Supprimé: chaine-de-chevilles-argent-pierres-de-couleur/image-20.jpg (4734 bytes)
   🗑️  Supprimé: chaine-de-chevilles-argent-pierres-de-couleur/image-11.jpg (3628 bytes)
   🗑️  Supprimé: chaine-de-chevilles-argent-pierres-de-couleur/image-13.jpg (1695 bytes)
   🗑️  Supprimé: chaine-de-chevilles-argent-pierres-de-couleur/image-28.jpg (4653 bytes)
   🗑️  Supprimé: chaine-de-chevilles-argent-pierres-de-couleur/image-1.jpg (2031 bytes)
   🗑️  Supprimé: chaine-de-chevilles-argent-pierres-de-couleur/image-7.jpg (1516 bytes)
   🗑️  Supprimé: bracelet-pierres-naturelles-en-amazonite/image-9.jpg (1516 bytes)
   🗑️  Supprimé: bracelet-pierres-naturelles-en-amazonite/image-24.jpg (1699 bytes)
   🗑️  Supprimé: bracelet-pierres-naturelles-en-amazonite/image-27.jpg (2050 bytes)
   🗑️  Supprimé: bracelet-pierres-naturelles-en-amazonite/image-23.jpg (1920 bytes)
   🗑️  Supprimé: bracelet-pierres-naturelles-en-amazonite/image-20.jpg (4734 bytes)
   🗑️  Supprimé: bracelet-pierres-naturelles-en-amazonite/image-13.jpg (1695 bytes)
   🗑️  Supprimé: bracelet-pierres-naturelles-en-amazonite/image-12.jpg (3628 bytes)
   🗑️  Supprimé: bracelet-pierres-naturelles-en-amazonite/image-29.jpg (1724 bytes)
   🗑️  Supprimé: bracelet-pierres-naturelles-en-amazonite/image-2.jpg (2031 bytes)
   🗑️  Supprimé: pashmina-100-cachemire-bordeaux/image-9.jpg (1516 bytes)
   🗑️  Supprimé: pashmina-100-cachemire-bordeaux/image-25.jpg (1724 bytes)
   🗑️  Supprimé: pashmina-100-cachemire-bordeaux/image-19.jpg (4734 bytes)
   🗑️  Supprimé: pashmina-100-cachemire-bordeaux/image-24.jpg (2050 bytes)
   🗑️  Supprimé: pashmina-100-cachemire-bordeaux/image-20.jpg (1920 bytes)
   🗑️  Supprimé: pashmina-100-cachemire-bordeaux/image-21.jpg (1699 bytes)
   🗑️  Supprimé: pashmina-100-cachemire-bordeaux/image-13.jpg (3628 bytes)
   🗑️  Supprimé: pashmina-100-cachemire-bordeaux/image-14.jpg (1695 bytes)
   🗑️  Supprimé: pashmina-100-cachemire-bordeaux/image-2.jpg (2031 bytes)
   🗑️  Supprimé: bague-argent-turquoise/image-25.jpg (1699 bytes)
   🗑️  Supprimé: bague-argent-turquoise/image-24.jpg (1920 bytes)
   🗑️  Supprimé: bague-argent-turquoise/image-27.jpg (2050 bytes)
   🗑️  Supprimé: bague-argent-turquoise/image-21.jpg (4734 bytes)
   🗑️  Supprimé: bague-argent-turquoise/image-11.jpg (3628 bytes)
   🗑️  Supprimé: bague-argent-turquoise/image-12.jpg (1695 bytes)
   🗑️  Supprimé: bague-argent-turquoise/image-28.jpg (1724 bytes)
   🗑️  Supprimé: bague-argent-turquoise/image-1.jpg (2031 bytes)
   🗑️  Supprimé: bague-argent-turquoise/image-6.jpg (1516 bytes)
   🗑️  Supprimé: bracelet-jonc-doré-réglable-corail/image-25.jpg (1699 bytes)
   🗑️  Supprimé: bracelet-jonc-doré-réglable-corail/image-24.jpg (1920 bytes)
   🗑️  Supprimé: bracelet-jonc-doré-réglable-corail/image-26.jpg (2050 bytes)
   🗑️  Supprimé: bracelet-jonc-doré-réglable-corail/image-23.jpg (4741 bytes)
   🗑️  Supprimé: bracelet-jonc-doré-réglable-corail/image-22.jpg (4734 bytes)
   🗑️  Supprimé: bracelet-jonc-doré-réglable-corail/image-10.jpg (1516 bytes)
   🗑️  Supprimé: bracelet-jonc-doré-réglable-corail/image-15.jpg (1695 bytes)
   🗑️  Supprimé: bracelet-jonc-doré-réglable-corail/image-14.jpg (3628 bytes)
   🗑️  Supprimé: bracelet-jonc-doré-réglable-corail/image-28.jpg (1724 bytes)
   🗑️  Supprimé: bracelet-jonc-doré-réglable-corail/image-2.jpg (2031 bytes)
   🗑️  Supprimé: bracelet-pierre-améthyste/image-9.jpg (1516 bytes)
   🗑️  Supprimé: bracelet-pierre-améthyste/image-25.jpg (2050 bytes)
   🗑️  Supprimé: bracelet-pierre-améthyste/image-24.jpg (1699 bytes)
   🗑️  Supprimé: bracelet-pierre-améthyste/image-23.jpg (1920 bytes)
   🗑️  Supprimé: bracelet-pierre-améthyste/image-22.jpg (4734 bytes)
   🗑️  Supprimé: bracelet-pierre-améthyste/image-11.jpg (3628 bytes)
   🗑️  Supprimé: bracelet-pierre-améthyste/image-14.jpg (1695 bytes)
   🗑️  Supprimé: bracelet-pierre-améthyste/image-28.jpg (1724 bytes)
   🗑️  Supprimé: bracelet-pierre-améthyste/image-2.jpg (2031 bytes)
   🗑️  Supprimé: boucles-doreilles-argent-amethyste/image-25.jpg (2050 bytes)
   🗑️  Supprimé: boucles-doreilles-argent-amethyste/image-24.jpg (1699 bytes)
   🗑️  Supprimé: boucles-doreilles-argent-amethyste/image-26.jpg (1724 bytes)
   🗑️  Supprimé: boucles-doreilles-argent-amethyste/image-23.jpg (1920 bytes)
   🗑️  Supprimé: boucles-doreilles-argent-amethyste/image-21.jpg (4734 bytes)
   🗑️  Supprimé: boucles-doreilles-argent-amethyste/image-10.jpg (1516 bytes)
   🗑️  Supprimé: boucles-doreilles-argent-amethyste/image-16.jpg (1695 bytes)
   🗑️  Supprimé: boucles-doreilles-argent-amethyste/image-15.jpg (3628 bytes)
   🗑️  Supprimé: boucles-doreilles-argent-amethyste/image-1.jpg (2031 bytes)
   🗑️  Supprimé: collier-argent-grenat/image-9.jpg (1516 bytes)
   🗑️  Supprimé: collier-argent-grenat/image-26.jpg (2050 bytes)
   🗑️  Supprimé: collier-argent-grenat/image-27.jpg (1724 bytes)
   🗑️  Supprimé: collier-argent-grenat/image-23.jpg (1699 bytes)
   🗑️  Supprimé: collier-argent-grenat/image-22.jpg (1920 bytes)
   🗑️  Supprimé: collier-argent-grenat/image-20.jpg (4734 bytes)
   🗑️  Supprimé: collier-argent-grenat/image-13.jpg (1695 bytes)
   🗑️  Supprimé: collier-argent-grenat/image-12.jpg (3628 bytes)
   🗑️  Supprimé: collier-argent-grenat/image-29.jpg (4653 bytes)
   🗑️  Supprimé: collier-argent-grenat/image-1.jpg (2031 bytes)
   🗑️  Supprimé: collier-argent-grenat/image-6.jpg (4482 bytes)
   🗑️  Supprimé: bracelet-pierres-naturelles-en-jaspe-brun/image-8.jpg (3628 bytes)
   🗑️  Supprimé: bracelet-pierres-naturelles-en-jaspe-brun/image-19.jpg (4734 bytes)
   🗑️  Supprimé: bracelet-pierres-naturelles-en-jaspe-brun/image-24.jpg (2050 bytes)
   🗑️  Supprimé: bracelet-pierres-naturelles-en-jaspe-brun/image-26.jpg (1724 bytes)
   🗑️  Supprimé: bracelet-pierres-naturelles-en-jaspe-brun/image-20.jpg (1920 bytes)
   🗑️  Supprimé: bracelet-pierres-naturelles-en-jaspe-brun/image-21.jpg (1699 bytes)
   🗑️  Supprimé: bracelet-pierres-naturelles-en-jaspe-brun/image-10.jpg (1695 bytes)
   🗑️  Supprimé: bracelet-pierres-naturelles-en-jaspe-brun/image-1.jpg (2031 bytes)
   🗑️  Supprimé: bracelet-pierres-naturelles-en-jaspe-brun/image-6.jpg (1516 bytes)
   🗑️  Supprimé: chaine-de-chevilles-fine-argentée-mat-doubles-mailles-papillon/image-9.jpg (1516 bytes)
   🗑️  Supprimé: chaine-de-chevilles-fine-argentée-mat-doubles-mailles-papillon/image-25.jpg (1699 bytes)
   🗑️  Supprimé: chaine-de-chevilles-fine-argentée-mat-doubles-mailles-papillon/image-24.jpg (1920 bytes)
   🗑️  Supprimé: chaine-de-chevilles-fine-argentée-mat-doubles-mailles-papillon/image-27.jpg (2050 bytes)
   🗑️  Supprimé: chaine-de-chevilles-fine-argentée-mat-doubles-mailles-papillon/image-22.jpg (4734 bytes)
   🗑️  Supprimé: chaine-de-chevilles-fine-argentée-mat-doubles-mailles-papillon/image-11.jpg (3628 bytes)
   🗑️  Supprimé: chaine-de-chevilles-fine-argentée-mat-doubles-mailles-papillon/image-12.jpg (1695 bytes)
   🗑️  Supprimé: chaine-de-chevilles-fine-argentée-mat-doubles-mailles-papillon/image-28.jpg (1724 bytes)
   🗑️  Supprimé: chaine-de-chevilles-fine-argentée-mat-doubles-mailles-papillon/image-1.jpg (2031 bytes)
   🗑️  Supprimé: collier-tibetain-pierres-turquoisecorail-et-un-pendentif/image-9.jpg (1516 bytes)
   🗑️  Supprimé: collier-tibetain-pierres-turquoisecorail-et-un-pendentif/image-8.jpg (4482 bytes)
   🗑️  Supprimé: collier-tibetain-pierres-turquoisecorail-et-un-pendentif/image-25.jpg (1920 bytes)
   🗑️  Supprimé: collier-tibetain-pierres-turquoisecorail-et-un-pendentif/image-26.jpg (1699 bytes)
   🗑️  Supprimé: collier-tibetain-pierres-turquoisecorail-et-un-pendentif/image-21.jpg (4734 bytes)
   🗑️  Supprimé: collier-tibetain-pierres-turquoisecorail-et-un-pendentif/image-12.jpg (3628 bytes)
   🗑️  Supprimé: collier-tibetain-pierres-turquoisecorail-et-un-pendentif/image-29.jpg (1724 bytes)
   🗑️  Supprimé: collier-tibetain-pierres-turquoisecorail-et-un-pendentif/image-14.jpg (1695 bytes)
   🗑️  Supprimé: collier-tibetain-pierres-turquoisecorail-et-un-pendentif/image-28.jpg (2050 bytes)
   🗑️  Supprimé: collier-tibetain-pierres-turquoisecorail-et-un-pendentif/image-1.jpg (2031 bytes)
   🗑️  Supprimé: bracelet-pierres-naturelles-en-amethyste/image-25.jpg (2050 bytes)
   🗑️  Supprimé: bracelet-pierres-naturelles-en-amethyste/image-27.jpg (1724 bytes)
   🗑️  Supprimé: bracelet-pierres-naturelles-en-amethyste/image-23.jpg (1699 bytes)
   🗑️  Supprimé: bracelet-pierres-naturelles-en-amethyste/image-22.jpg (1920 bytes)
   🗑️  Supprimé: bracelet-pierres-naturelles-en-amethyste/image-20.jpg (4734 bytes)
   🗑️  Supprimé: bracelet-pierres-naturelles-en-amethyste/image-10.jpg (3628 bytes)
   🗑️  Supprimé: bracelet-pierres-naturelles-en-amethyste/image-12.jpg (1695 bytes)
   🗑️  Supprimé: bracelet-pierres-naturelles-en-amethyste/image-2.jpg (2031 bytes)
   🗑️  Supprimé: bracelet-pierres-naturelles-en-amethyste/image-7.jpg (1516 bytes)
   🗑️  Supprimé: foulard-bleu-en-100soie-à-motifs-jaunevertrouge/image-25.jpg (2050 bytes)
   🗑️  Supprimé: foulard-bleu-en-100soie-à-motifs-jaunevertrouge/image-24.jpg (1699 bytes)
   🗑️  Supprimé: foulard-bleu-en-100soie-à-motifs-jaunevertrouge/image-23.jpg (1920 bytes)
   🗑️  Supprimé: foulard-bleu-en-100soie-à-motifs-jaunevertrouge/image-22.jpg (4734 bytes)
   🗑️  Supprimé: foulard-bleu-en-100soie-à-motifs-jaunevertrouge/image-12.jpg (1516 bytes)
   🗑️  Supprimé: foulard-bleu-en-100soie-à-motifs-jaunevertrouge/image-16.jpg (1695 bytes)
   🗑️  Supprimé: foulard-bleu-en-100soie-à-motifs-jaunevertrouge/image-14.jpg (3628 bytes)
   🗑️  Supprimé: foulard-bleu-en-100soie-à-motifs-jaunevertrouge/image-28.jpg (1724 bytes)
   🗑️  Supprimé: foulard-bleu-en-100soie-à-motifs-jaunevertrouge/image-4.jpg (2031 bytes)
   🗑️  Supprimé: collier-tibetain-turquoise-bleue-et-verte-et-corail/image-9.jpg (1516 bytes)
   🗑️  Supprimé: collier-tibetain-turquoise-bleue-et-verte-et-corail/image-8.jpg (4482 bytes)
   🗑️  Supprimé: collier-tibetain-turquoise-bleue-et-verte-et-corail/image-25.jpg (2050 bytes)
   🗑️  Supprimé: collier-tibetain-turquoise-bleue-et-verte-et-corail/image-26.jpg (1724 bytes)
   🗑️  Supprimé: collier-tibetain-turquoise-bleue-et-verte-et-corail/image-23.jpg (1699 bytes)
   🗑️  Supprimé: collier-tibetain-turquoise-bleue-et-verte-et-corail/image-22.jpg (1920 bytes)
   🗑️  Supprimé: collier-tibetain-turquoise-bleue-et-verte-et-corail/image-21.jpg (4734 bytes)
   🗑️  Supprimé: collier-tibetain-turquoise-bleue-et-verte-et-corail/image-29.jpg (4653 bytes)
   🗑️  Supprimé: collier-tibetain-turquoise-bleue-et-verte-et-corail/image-15.jpg (1695 bytes)
   🗑️  Supprimé: collier-tibetain-turquoise-bleue-et-verte-et-corail/image-14.jpg (3628 bytes)
   🗑️  Supprimé: collier-tibetain-turquoise-bleue-et-verte-et-corail/image-1.jpg (2031 bytes)
   🗑️  Supprimé: boucles-doreilles-argent-onyx-noir/image-25.jpg (1920 bytes)
   🗑️  Supprimé: boucles-doreilles-argent-onyx-noir/image-26.jpg (1699 bytes)
   🗑️  Supprimé: boucles-doreilles-argent-onyx-noir/image-27.jpg (2050 bytes)
   🗑️  Supprimé: boucles-doreilles-argent-onyx-noir/image-23.jpg (4734 bytes)
   🗑️  Supprimé: boucles-doreilles-argent-onyx-noir/image-10.jpg (1516 bytes)
   🗑️  Supprimé: boucles-doreilles-argent-onyx-noir/image-29.jpg (4653 bytes)
   🗑️  Supprimé: boucles-doreilles-argent-onyx-noir/image-15.jpg (1695 bytes)
   🗑️  Supprimé: boucles-doreilles-argent-onyx-noir/image-14.jpg (3628 bytes)
   🗑️  Supprimé: boucles-doreilles-argent-onyx-noir/image-28.jpg (1724 bytes)
   🗑️  Supprimé: boucles-doreilles-argent-onyx-noir/image-1.jpg (2031 bytes)
   🗑️  Supprimé: joli-bague-argent-onyx-noir/image-9.jpg (4482 bytes)
   🗑️  Supprimé: joli-bague-argent-onyx-noir/image-24.jpg (4734 bytes)
   🗑️  Supprimé: joli-bague-argent-onyx-noir/image-26.jpg (1920 bytes)
   🗑️  Supprimé: joli-bague-argent-onyx-noir/image-27.jpg (1699 bytes)
   🗑️  Supprimé: joli-bague-argent-onyx-noir/image-11.jpg (1516 bytes)
   🗑️  Supprimé: joli-bague-argent-onyx-noir/image-17.jpg (1695 bytes)
   🗑️  Supprimé: joli-bague-argent-onyx-noir/image-29.jpg (1724 bytes)
   🗑️  Supprimé: joli-bague-argent-onyx-noir/image-15.jpg (3628 bytes)
   🗑️  Supprimé: joli-bague-argent-onyx-noir/image-28.jpg (2050 bytes)
   🗑️  Supprimé: joli-bague-argent-onyx-noir/image-1.jpg (2031 bytes)
   🗑️  Supprimé: bracelet-pierres-hematite-jade-agate-et-citrine/image-9.jpg (3628 bytes)
   🗑️  Supprimé: bracelet-pierres-hematite-jade-agate-et-citrine/image-25.jpg (2050 bytes)
   🗑️  Supprimé: bracelet-pierres-hematite-jade-agate-et-citrine/image-19.jpg (4734 bytes)
   🗑️  Supprimé: bracelet-pierres-hematite-jade-agate-et-citrine/image-22.jpg (1699 bytes)
   🗑️  Supprimé: bracelet-pierres-hematite-jade-agate-et-citrine/image-21.jpg (1920 bytes)
   🗑️  Supprimé: bracelet-pierres-hematite-jade-agate-et-citrine/image-10.jpg (1695 bytes)
   🗑️  Supprimé: bracelet-pierres-hematite-jade-agate-et-citrine/image-28.jpg (1724 bytes)
   🗑️  Supprimé: bracelet-pierres-hematite-jade-agate-et-citrine/image-1.jpg (2031 bytes)
   🗑️  Supprimé: bracelet-pierres-hematite-jade-agate-et-citrine/image-6.jpg (1516 bytes)
   🗑️  Supprimé: bracelet-pierres-multistone-cordon-réglable/image-8.jpg (1516 bytes)
   🗑️  Supprimé: bracelet-pierres-multistone-cordon-réglable/image-25.jpg (2050 bytes)
   🗑️  Supprimé: bracelet-pierres-multistone-cordon-réglable/image-27.jpg (1724 bytes)
   🗑️  Supprimé: bracelet-pierres-multistone-cordon-réglable/image-23.jpg (1699 bytes)
   🗑️  Supprimé: bracelet-pierres-multistone-cordon-réglable/image-22.jpg (1920 bytes)
   🗑️  Supprimé: bracelet-pierres-multistone-cordon-réglable/image-21.jpg (4734 bytes)
   🗑️  Supprimé: bracelet-pierres-multistone-cordon-réglable/image-11.jpg (3628 bytes)
   🗑️  Supprimé: bracelet-pierres-multistone-cordon-réglable/image-14.jpg (1695 bytes)
   🗑️  Supprimé: bracelet-pierres-multistone-cordon-réglable/image-1.jpg (2031 bytes)
   🗑️  Supprimé: bracelet-indien-argenté-vraie-pierre-onyx-rouge/image-9.jpg (3628 bytes)
   🗑️  Supprimé: bracelet-indien-argenté-vraie-pierre-onyx-rouge/image-25.jpg (1724 bytes)
   🗑️  Supprimé: bracelet-indien-argenté-vraie-pierre-onyx-rouge/image-24.jpg (2050 bytes)
   🗑️  Supprimé: bracelet-indien-argenté-vraie-pierre-onyx-rouge/image-23.jpg (1699 bytes)
   🗑️  Supprimé: bracelet-indien-argenté-vraie-pierre-onyx-rouge/image-22.jpg (1920 bytes)
   🗑️  Supprimé: bracelet-indien-argenté-vraie-pierre-onyx-rouge/image-20.jpg (4734 bytes)
   🗑️  Supprimé: bracelet-indien-argenté-vraie-pierre-onyx-rouge/image-10.jpg (1695 bytes)
   🗑️  Supprimé: bracelet-indien-argenté-vraie-pierre-onyx-rouge/image-1.jpg (2031 bytes)
   🗑️  Supprimé: bracelet-indien-argenté-vraie-pierre-onyx-rouge/image-5.jpg (1516 bytes)
   🗑️  Supprimé: pendentif-argent-améthyste/image-8.jpg (1516 bytes)
   🗑️  Supprimé: pendentif-argent-améthyste/image-25.jpg (2050 bytes)
   🗑️  Supprimé: pendentif-argent-améthyste/image-30.jpg (4653 bytes)
   🗑️  Supprimé: pendentif-argent-améthyste/image-24.jpg (1699 bytes)
   🗑️  Supprimé: pendentif-argent-améthyste/image-26.jpg (1724 bytes)
   🗑️  Supprimé: pendentif-argent-améthyste/image-23.jpg (1920 bytes)
   🗑️  Supprimé: pendentif-argent-améthyste/image-21.jpg (4734 bytes)
   🗑️  Supprimé: pendentif-argent-améthyste/image-13.jpg (3628 bytes)
   🗑️  Supprimé: pendentif-argent-améthyste/image-15.jpg (1695 bytes)
   🗑️  Supprimé: pendentif-argent-améthyste/image-1.jpg (2031 bytes)
   🗑️  Supprimé: pendentif-argent-améthyste/image-7.jpg (4482 bytes)
   🗑️  Supprimé: boucles-doreilles-fleur-de-vie-en-argent/image-25.jpg (1920 bytes)
   🗑️  Supprimé: boucles-doreilles-fleur-de-vie-en-argent/image-31.jpg (4653 bytes)
   🗑️  Supprimé: boucles-doreilles-fleur-de-vie-en-argent/image-30.jpg (1724 bytes)
   🗑️  Supprimé: boucles-doreilles-fleur-de-vie-en-argent/image-24.jpg (4734 bytes)
   🗑️  Supprimé: boucles-doreilles-fleur-de-vie-en-argent/image-26.jpg (1699 bytes)
   🗑️  Supprimé: boucles-doreilles-fleur-de-vie-en-argent/image-11.jpg (1516 bytes)
   🗑️  Supprimé: boucles-doreilles-fleur-de-vie-en-argent/image-16.jpg (1695 bytes)
   🗑️  Supprimé: boucles-doreilles-fleur-de-vie-en-argent/image-29.jpg (2050 bytes)
   🗑️  Supprimé: boucles-doreilles-fleur-de-vie-en-argent/image-15.jpg (3628 bytes)
   🗑️  Supprimé: boucles-doreilles-fleur-de-vie-en-argent/image-2.jpg (2031 bytes)
   🗑️  Supprimé: bague-argent-turquoise-réglable/image-8.jpg (1516 bytes)
   🗑️  Supprimé: bague-argent-turquoise-réglable/image-25.jpg (1699 bytes)
   🗑️  Supprimé: bague-argent-turquoise-réglable/image-30.jpg (4653 bytes)
   🗑️  Supprimé: bague-argent-turquoise-réglable/image-24.jpg (1920 bytes)
   🗑️  Supprimé: bague-argent-turquoise-réglable/image-26.jpg (2050 bytes)
   🗑️  Supprimé: bague-argent-turquoise-réglable/image-27.jpg (1724 bytes)
   🗑️  Supprimé: bague-argent-turquoise-réglable/image-21.jpg (4734 bytes)
   🗑️  Supprimé: bague-argent-turquoise-réglable/image-13.jpg (1695 bytes)
   🗑️  Supprimé: bague-argent-turquoise-réglable/image-12.jpg (3628 bytes)
   🗑️  Supprimé: bague-argent-turquoise-réglable/image-1.jpg (2031 bytes)
   🗑️  Supprimé: bague-argent-turquoise-réglable/image-6.jpg (4482 bytes)
   🗑️  Supprimé: pochette-brodée-pompons/image-9.jpg (1516 bytes)
   🗑️  Supprimé: pochette-brodée-pompons/image-26.jpg (2050 bytes)
   🗑️  Supprimé: pochette-brodée-pompons/image-27.jpg (1724 bytes)
   🗑️  Supprimé: pochette-brodée-pompons/image-23.jpg (1699 bytes)
   🗑️  Supprimé: pochette-brodée-pompons/image-22.jpg (1920 bytes)
   🗑️  Supprimé: pochette-brodée-pompons/image-21.jpg (4734 bytes)
   🗑️  Supprimé: pochette-brodée-pompons/image-13.jpg (3628 bytes)
   🗑️  Supprimé: pochette-brodée-pompons/image-16.jpg (1695 bytes)
   🗑️  Supprimé: pochette-brodée-pompons/image-4.jpg (2031 bytes)
   🗑️  Supprimé: chaine-de-chevilles-argent-pampilles-perles-de-couleur/image-9.jpg (4482 bytes)
   🗑️  Supprimé: chaine-de-chevilles-argent-pampilles-perles-de-couleur/image-24.jpg (1699 bytes)
   🗑️  Supprimé: chaine-de-chevilles-argent-pampilles-perles-de-couleur/image-26.jpg (2050 bytes)
   🗑️  Supprimé: chaine-de-chevilles-argent-pampilles-perles-de-couleur/image-27.jpg (1724 bytes)
   🗑️  Supprimé: chaine-de-chevilles-argent-pampilles-perles-de-couleur/image-23.jpg (1920 bytes)
   🗑️  Supprimé: chaine-de-chevilles-argent-pampilles-perles-de-couleur/image-20.jpg (4734 bytes)
   🗑️  Supprimé: chaine-de-chevilles-argent-pampilles-perles-de-couleur/image-10.jpg (1516 bytes)
   🗑️  Supprimé: chaine-de-chevilles-argent-pampilles-perles-de-couleur/image-13.jpg (1695 bytes)
   🗑️  Supprimé: chaine-de-chevilles-argent-pampilles-perles-de-couleur/image-12.jpg (3628 bytes)
   🗑️  Supprimé: chaine-de-chevilles-argent-pampilles-perles-de-couleur/image-29.jpg (4653 bytes)
   🗑️  Supprimé: chaine-de-chevilles-argent-pampilles-perles-de-couleur/image-1.jpg (2031 bytes)
   🗑️  Supprimé: créoles-en-laiton/image-25.jpg (1920 bytes)
   🗑️  Supprimé: créoles-en-laiton/image-31.jpg (1724 bytes)
   🗑️  Supprimé: créoles-en-laiton/image-24.jpg (4734 bytes)
   🗑️  Supprimé: créoles-en-laiton/image-26.jpg (1699 bytes)
   🗑️  Supprimé: créoles-en-laiton/image-22.jpg (4868 bytes)
   🗑️  Supprimé: créoles-en-laiton/image-11.jpg (1516 bytes)
   🗑️  Supprimé: créoles-en-laiton/image-16.jpg (1695 bytes)
   🗑️  Supprimé: créoles-en-laiton/image-15.jpg (3628 bytes)
   🗑️  Supprimé: créoles-en-laiton/image-28.jpg (2050 bytes)
   🗑️  Supprimé: créoles-en-laiton/image-3.jpg (4712 bytes)
   🗑️  Supprimé: créoles-en-laiton/image-2.jpg (2031 bytes)
   🗑️  Supprimé: foulard-bandana-beige-et-rose/image-9.jpg (1516 bytes)
   🗑️  Supprimé: foulard-bandana-beige-et-rose/image-25.jpg (2050 bytes)
   🗑️  Supprimé: foulard-bandana-beige-et-rose/image-26.jpg (1724 bytes)
   🗑️  Supprimé: foulard-bandana-beige-et-rose/image-23.jpg (1699 bytes)
   🗑️  Supprimé: foulard-bandana-beige-et-rose/image-22.jpg (1920 bytes)
   🗑️  Supprimé: foulard-bandana-beige-et-rose/image-21.jpg (4734 bytes)
   🗑️  Supprimé: foulard-bandana-beige-et-rose/image-11.jpg (3628 bytes)
   🗑️  Supprimé: foulard-bandana-beige-et-rose/image-14.jpg (1695 bytes)
   🗑️  Supprimé: foulard-bandana-beige-et-rose/image-5.jpg (2031 bytes)
   🗑️  Supprimé: pendentif-argent-elephant-avec-son-cordon-en-cuir-noir/image-25.jpg (1724 bytes)
   🗑️  Supprimé: pendentif-argent-elephant-avec-son-cordon-en-cuir-noir/image-18.jpg (4734 bytes)
   🗑️  Supprimé: pendentif-argent-elephant-avec-son-cordon-en-cuir-noir/image-24.jpg (2050 bytes)
   🗑️  Supprimé: pendentif-argent-elephant-avec-son-cordon-en-cuir-noir/image-22.jpg (1699 bytes)
   🗑️  Supprimé: pendentif-argent-elephant-avec-son-cordon-en-cuir-noir/image-21.jpg (1920 bytes)
   🗑️  Supprimé: pendentif-argent-elephant-avec-son-cordon-en-cuir-noir/image-10.jpg (3628 bytes)
   🗑️  Supprimé: pendentif-argent-elephant-avec-son-cordon-en-cuir-noir/image-11.jpg (1695 bytes)
   🗑️  Supprimé: pendentif-argent-elephant-avec-son-cordon-en-cuir-noir/image-28.jpg (4653 bytes)
   🗑️  Supprimé: pendentif-argent-elephant-avec-son-cordon-en-cuir-noir/image-1.jpg (2031 bytes)
   🗑️  Supprimé: pendentif-argent-elephant-avec-son-cordon-en-cuir-noir/image-7.jpg (1516 bytes)
   🗑️  Supprimé: bracelet-pierres-améthyste-et-pierre-de-lune/image-25.jpg (2050 bytes)
   🗑️  Supprimé: bracelet-pierres-améthyste-et-pierre-de-lune/image-19.jpg (4734 bytes)
   🗑️  Supprimé: bracelet-pierres-améthyste-et-pierre-de-lune/image-22.jpg (1699 bytes)
   🗑️  Supprimé: bracelet-pierres-améthyste-et-pierre-de-lune/image-21.jpg (1920 bytes)
   🗑️  Supprimé: bracelet-pierres-améthyste-et-pierre-de-lune/image-10.jpg (3628 bytes)
   🗑️  Supprimé: bracelet-pierres-améthyste-et-pierre-de-lune/image-12.jpg (1695 bytes)
   🗑️  Supprimé: bracelet-pierres-améthyste-et-pierre-de-lune/image-28.jpg (1724 bytes)
   🗑️  Supprimé: bracelet-pierres-améthyste-et-pierre-de-lune/image-1.jpg (2031 bytes)
   🗑️  Supprimé: bracelet-pierres-améthyste-et-pierre-de-lune/image-7.jpg (1516 bytes)
   🗑️  Supprimé: bracelet-pierres-naturelles-agate-marine/image-30.jpg (1724 bytes)
   🗑️  Supprimé: bracelet-pierres-naturelles-agate-marine/image-24.jpg (1699 bytes)
   🗑️  Supprimé: bracelet-pierres-naturelles-agate-marine/image-23.jpg (1920 bytes)
   🗑️  Supprimé: bracelet-pierres-naturelles-agate-marine/image-22.jpg (4734 bytes)
   🗑️  Supprimé: bracelet-pierres-naturelles-agate-marine/image-11.jpg (3628 bytes)
   🗑️  Supprimé: bracelet-pierres-naturelles-agate-marine/image-15.jpg (1695 bytes)
   🗑️  Supprimé: bracelet-pierres-naturelles-agate-marine/image-28.jpg (2050 bytes)
   🗑️  Supprimé: bracelet-pierres-naturelles-agate-marine/image-1.jpg (2031 bytes)
   🗑️  Supprimé: bracelet-pierres-naturelles-agate-marine/image-7.jpg (1516 bytes)
   🗑️  Supprimé: bracelet-argent-et-améthyste/image-9.jpg (1516 bytes)
   🗑️  Supprimé: bracelet-argent-et-améthyste/image-25.jpg (2050 bytes)
   🗑️  Supprimé: bracelet-argent-et-améthyste/image-24.jpg (1699 bytes)
   🗑️  Supprimé: bracelet-argent-et-améthyste/image-27.jpg (1724 bytes)
   🗑️  Supprimé: bracelet-argent-et-améthyste/image-23.jpg (1920 bytes)
   🗑️  Supprimé: bracelet-argent-et-améthyste/image-22.jpg (4741 bytes)
   🗑️  Supprimé: bracelet-argent-et-améthyste/image-21.jpg (4734 bytes)
   🗑️  Supprimé: bracelet-argent-et-améthyste/image-13.jpg (1695 bytes)
   🗑️  Supprimé: bracelet-argent-et-améthyste/image-12.jpg (3628 bytes)
   🗑️  Supprimé: bracelet-argent-et-améthyste/image-2.jpg (2031 bytes)
   🗑️  Supprimé: backups/product_1.jpg (12781 bytes)
   🗑️  Supprimé: backups/product_15.jpg (8155 bytes)
   🗑️  Supprimé: backups/product_14.jpg (8892 bytes)
   🗑️  Supprimé: backups/product_0.jpg (9219 bytes)
   🗑️  Supprimé: backups/product_2.jpg (11859 bytes)
   🗑️  Supprimé: backups/product_16.jpg (9219 bytes)
   🗑️  Supprimé: backups/product_17.jpg (12781 bytes)
   🗑️  Supprimé: backups/product_3.jpg (11478 bytes)
   🗑️  Supprimé: backups/product_7.jpg (12923 bytes)
   🗑️  Supprimé: backups/product_13.jpg (12314 bytes)
   🗑️  Supprimé: backups/product_12.jpg (12790 bytes)
   🗑️  Supprimé: backups/product_6.jpg (12879 bytes)
   🗑️  Supprimé: backups/product_4.jpg (13146 bytes)
   🗑️  Supprimé: backups/product_10.jpg (12816 bytes)
   🗑️  Supprimé: backups/product_11.jpg (13302 bytes)
   🗑️  Supprimé: backups/product_5.jpg (12334 bytes)
   🗑️  Supprimé: backups/product_8.jpg (12663 bytes)
   🗑️  Supprimé: backups/product_20.jpg (13146 bytes)
   🗑️  Supprimé: backups/product_21.jpg (12334 bytes)
   🗑️  Supprimé: backups/product_9.jpg (13240 bytes)
   🗑️  Supprimé: backups/product_23.jpg (12923 bytes)
   🗑️  Supprimé: backups/product_22.jpg (12879 bytes)
   🗑️  Supprimé: backups/product_26.jpg (12816 bytes)
   🗑️  Supprimé: backups/product_27.jpg (13302 bytes)
   🗑️  Supprimé: backups/product_25.jpg (13240 bytes)
   🗑️  Supprimé: backups/product_19.jpg (11478 bytes)
   🗑️  Supprimé: backups/product_18.jpg (11859 bytes)
   🗑️  Supprimé: backups/product_24.jpg (12663 bytes)
   🗑️  Supprimé: boucles-doreilles-argent-topaze-verte/image-26.jpg (1920 bytes)
   🗑️  Supprimé: boucles-doreilles-argent-topaze-verte/image-27.jpg (1699 bytes)
   🗑️  Supprimé: boucles-doreilles-argent-topaze-verte/image-23.jpg (4734 bytes)
   🗑️  Supprimé: boucles-doreilles-argent-topaze-verte/image-11.jpg (1516 bytes)
   🗑️  Supprimé: boucles-doreilles-argent-topaze-verte/image-16.jpg (1695 bytes)
   🗑️  Supprimé: boucles-doreilles-argent-topaze-verte/image-29.jpg (1724 bytes)
   🗑️  Supprimé: boucles-doreilles-argent-topaze-verte/image-15.jpg (3628 bytes)
   🗑️  Supprimé: boucles-doreilles-argent-topaze-verte/image-28.jpg (2050 bytes)
   🗑️  Supprimé: boucles-doreilles-argent-topaze-verte/image-1.jpg (2031 bytes)
   🗑️  Supprimé: bracelet-pierres-naturelles-en-agate-bleu-et-blanc/image-8.jpg (1516 bytes)
   🗑️  Supprimé: bracelet-pierres-naturelles-en-agate-bleu-et-blanc/image-31.jpg (1724 bytes)
   🗑️  Supprimé: bracelet-pierres-naturelles-en-agate-bleu-et-blanc/image-24.jpg (4734 bytes)
   🗑️  Supprimé: bracelet-pierres-naturelles-en-agate-bleu-et-blanc/image-26.jpg (1920 bytes)
   🗑️  Supprimé: bracelet-pierres-naturelles-en-agate-bleu-et-blanc/image-27.jpg (1699 bytes)
   🗑️  Supprimé: bracelet-pierres-naturelles-en-agate-bleu-et-blanc/image-13.jpg (3628 bytes)
   🗑️  Supprimé: bracelet-pierres-naturelles-en-agate-bleu-et-blanc/image-16.jpg (1695 bytes)
   🗑️  Supprimé: bracelet-pierres-naturelles-en-agate-bleu-et-blanc/image-29.jpg (2050 bytes)
   🗑️  Supprimé: bracelet-pierres-naturelles-en-agate-bleu-et-blanc/image-2.jpg (2031 bytes)
   🗑️  Supprimé: pendentif-argent-et-pierre-oeil-du-tigre/image-8.jpg (1516 bytes)
   🗑️  Supprimé: pendentif-argent-et-pierre-oeil-du-tigre/image-24.jpg (1699 bytes)
   🗑️  Supprimé: pendentif-argent-et-pierre-oeil-du-tigre/image-26.jpg (2050 bytes)
   🗑️  Supprimé: pendentif-argent-et-pierre-oeil-du-tigre/image-27.jpg (1724 bytes)
   🗑️  Supprimé: pendentif-argent-et-pierre-oeil-du-tigre/image-23.jpg (1920 bytes)
   🗑️  Supprimé: pendentif-argent-et-pierre-oeil-du-tigre/image-20.jpg (4734 bytes)
   🗑️  Supprimé: pendentif-argent-et-pierre-oeil-du-tigre/image-11.jpg (3628 bytes)
   🗑️  Supprimé: pendentif-argent-et-pierre-oeil-du-tigre/image-12.jpg (1695 bytes)
   🗑️  Supprimé: pendentif-argent-et-pierre-oeil-du-tigre/image-1.jpg (2031 bytes)
   🗑️  Supprimé: bracelet-pierre-agate-noir/image-8.jpg (3628 bytes)
   🗑️  Supprimé: bracelet-pierre-agate-noir/image-19.jpg (4734 bytes)
   🗑️  Supprimé: bracelet-pierre-agate-noir/image-24.jpg (2050 bytes)
   🗑️  Supprimé: bracelet-pierre-agate-noir/image-27.jpg (1724 bytes)
   🗑️  Supprimé: bracelet-pierre-agate-noir/image-20.jpg (1920 bytes)
   🗑️  Supprimé: bracelet-pierre-agate-noir/image-21.jpg (1699 bytes)
   🗑️  Supprimé: bracelet-pierre-agate-noir/image-10.jpg (1695 bytes)
   🗑️  Supprimé: bracelet-pierre-agate-noir/image-1.jpg (2031 bytes)
   🗑️  Supprimé: bracelet-pierre-agate-noir/image-4.jpg (1516 bytes)
   🗑️  Supprimé: pashmina-cachemire-et-soie-noir/image-26.jpg (1920 bytes)
   🗑️  Supprimé: pashmina-cachemire-et-soie-noir/image-27.jpg (1699 bytes)
   🗑️  Supprimé: pashmina-cachemire-et-soie-noir/image-23.jpg (4734 bytes)
   🗑️  Supprimé: pashmina-cachemire-et-soie-noir/image-10.jpg (1516 bytes)
   🗑️  Supprimé: pashmina-cachemire-et-soie-noir/image-13.jpg (3628 bytes)
   🗑️  Supprimé: pashmina-cachemire-et-soie-noir/image-29.jpg (1724 bytes)
   🗑️  Supprimé: pashmina-cachemire-et-soie-noir/image-15.jpg (1695 bytes)
   🗑️  Supprimé: pashmina-cachemire-et-soie-noir/image-28.jpg (2050 bytes)
   🗑️  Supprimé: pashmina-cachemire-et-soie-noir/image-3.jpg (2031 bytes)
   🗑️  Supprimé: collier-tibetain-en-turquoise-et-corail/image-8.jpg (1516 bytes)
   🗑️  Supprimé: collier-tibetain-en-turquoise-et-corail/image-25.jpg (1699 bytes)
   🗑️  Supprimé: collier-tibetain-en-turquoise-et-corail/image-24.jpg (1920 bytes)
   🗑️  Supprimé: collier-tibetain-en-turquoise-et-corail/image-27.jpg (2050 bytes)
   🗑️  Supprimé: collier-tibetain-en-turquoise-et-corail/image-22.jpg (4734 bytes)
   🗑️  Supprimé: collier-tibetain-en-turquoise-et-corail/image-13.jpg (1695 bytes)
   🗑️  Supprimé: collier-tibetain-en-turquoise-et-corail/image-12.jpg (3628 bytes)
   🗑️  Supprimé: collier-tibetain-en-turquoise-et-corail/image-29.jpg (4653 bytes)
   🗑️  Supprimé: collier-tibetain-en-turquoise-et-corail/image-28.jpg (1724 bytes)
   🗑️  Supprimé: collier-tibetain-en-turquoise-et-corail/image-1.jpg (2031 bytes)
   🗑️  Supprimé: collier-tibetain-en-turquoise-et-corail/image-6.jpg (4482 bytes)
   🗑️  Supprimé: boucles-doreilles-rondes-en-argent/image-8.jpg (4482 bytes)
   🗑️  Supprimé: boucles-doreilles-rondes-en-argent/image-25.jpg (1920 bytes)
   🗑️  Supprimé: boucles-doreilles-rondes-en-argent/image-26.jpg (1699 bytes)
   🗑️  Supprimé: boucles-doreilles-rondes-en-argent/image-27.jpg (2050 bytes)
   🗑️  Supprimé: boucles-doreilles-rondes-en-argent/image-23.jpg (4734 bytes)
   🗑️  Supprimé: boucles-doreilles-rondes-en-argent/image-10.jpg (1516 bytes)
   🗑️  Supprimé: boucles-doreilles-rondes-en-argent/image-13.jpg (3628 bytes)
   🗑️  Supprimé: boucles-doreilles-rondes-en-argent/image-29.jpg (4653 bytes)
   🗑️  Supprimé: boucles-doreilles-rondes-en-argent/image-14.jpg (1695 bytes)
   🗑️  Supprimé: boucles-doreilles-rondes-en-argent/image-28.jpg (1724 bytes)
   🗑️  Supprimé: boucles-doreilles-rondes-en-argent/image-1.jpg (2031 bytes)
   🗑️  Supprimé: bracelet-fin-argenté-avec-du-corail/image-9.jpg (1516 bytes)
   🗑️  Supprimé: bracelet-fin-argenté-avec-du-corail/image-25.jpg (2050 bytes)
   🗑️  Supprimé: bracelet-fin-argenté-avec-du-corail/image-24.jpg (1699 bytes)
   🗑️  Supprimé: bracelet-fin-argenté-avec-du-corail/image-26.jpg (1724 bytes)
   🗑️  Supprimé: bracelet-fin-argenté-avec-du-corail/image-23.jpg (1920 bytes)
   🗑️  Supprimé: bracelet-fin-argenté-avec-du-corail/image-20.jpg (4734 bytes)
   🗑️  Supprimé: bracelet-fin-argenté-avec-du-corail/image-21.jpg (4741 bytes)
   🗑️  Supprimé: bracelet-fin-argenté-avec-du-corail/image-16.jpg (1695 bytes)
   🗑️  Supprimé: bracelet-fin-argenté-avec-du-corail/image-15.jpg (3628 bytes)
   🗑️  Supprimé: bracelet-fin-argenté-avec-du-corail/image-2.jpg (2031 bytes)
   🗑️  Supprimé: collier-pierres-roses-et-bleues-sur-fil-noir/image-25.jpg (1920 bytes)
   🗑️  Supprimé: collier-pierres-roses-et-bleues-sur-fil-noir/image-30.jpg (1724 bytes)
   🗑️  Supprimé: collier-pierres-roses-et-bleues-sur-fil-noir/image-24.jpg (4734 bytes)
   🗑️  Supprimé: collier-pierres-roses-et-bleues-sur-fil-noir/image-26.jpg (1699 bytes)
   🗑️  Supprimé: collier-pierres-roses-et-bleues-sur-fil-noir/image-21.jpg (4868 bytes)
   🗑️  Supprimé: collier-pierres-roses-et-bleues-sur-fil-noir/image-16.jpg (3628 bytes)
   🗑️  Supprimé: collier-pierres-roses-et-bleues-sur-fil-noir/image-17.jpg (1695 bytes)
   🗑️  Supprimé: collier-pierres-roses-et-bleues-sur-fil-noir/image-29.jpg (2050 bytes)
   🗑️  Supprimé: collier-pierres-roses-et-bleues-sur-fil-noir/image-14.jpg (1516 bytes)
   🗑️  Supprimé: collier-pierres-roses-et-bleues-sur-fil-noir/image-3.jpg (4712 bytes)
   🗑️  Supprimé: collier-pierres-roses-et-bleues-sur-fil-noir/image-2.jpg (2031 bytes)
   🗑️  Supprimé: boucles-doreilles-triangle-et-petite-pierre-onyx-noir/image-30.jpg (1724 bytes)
   🗑️  Supprimé: boucles-doreilles-triangle-et-petite-pierre-onyx-noir/image-24.jpg (4734 bytes)
   🗑️  Supprimé: boucles-doreilles-triangle-et-petite-pierre-onyx-noir/image-26.jpg (1920 bytes)
   🗑️  Supprimé: boucles-doreilles-triangle-et-petite-pierre-onyx-noir/image-27.jpg (1699 bytes)
   🗑️  Supprimé: boucles-doreilles-triangle-et-petite-pierre-onyx-noir/image-22.jpg (4868 bytes)
   🗑️  Supprimé: boucles-doreilles-triangle-et-petite-pierre-onyx-noir/image-10.jpg (1516 bytes)
   🗑️  Supprimé: boucles-doreilles-triangle-et-petite-pierre-onyx-noir/image-16.jpg (1695 bytes)
   🗑️  Supprimé: boucles-doreilles-triangle-et-petite-pierre-onyx-noir/image-15.jpg (3628 bytes)
   🗑️  Supprimé: boucles-doreilles-triangle-et-petite-pierre-onyx-noir/image-28.jpg (2050 bytes)
   🗑️  Supprimé: boucles-doreilles-triangle-et-petite-pierre-onyx-noir/image-1.jpg (2031 bytes)
   🗑️  Supprimé: bague-laiton-doré-réglable-2-boules/image-25.jpg (1920 bytes)
   🗑️  Supprimé: bague-laiton-doré-réglable-2-boules/image-30.jpg (1724 bytes)
   🗑️  Supprimé: bague-laiton-doré-réglable-2-boules/image-24.jpg (4734 bytes)
   🗑️  Supprimé: bague-laiton-doré-réglable-2-boules/image-26.jpg (1699 bytes)
   🗑️  Supprimé: bague-laiton-doré-réglable-2-boules/image-11.jpg (1516 bytes)
   🗑️  Supprimé: bague-laiton-doré-réglable-2-boules/image-16.jpg (1695 bytes)
   🗑️  Supprimé: bague-laiton-doré-réglable-2-boules/image-15.jpg (3628 bytes)
   🗑️  Supprimé: bague-laiton-doré-réglable-2-boules/image-28.jpg (2050 bytes)
   🗑️  Supprimé: bague-laiton-doré-réglable-2-boules/image-2.jpg (2031 bytes)
   🗑️  Supprimé: bracelet-argent-oeil-du-tigre/image-9.jpg (3628 bytes)
   🗑️  Supprimé: bracelet-argent-oeil-du-tigre/image-25.jpg (1724 bytes)
   🗑️  Supprimé: bracelet-argent-oeil-du-tigre/image-31.jpg (4668 bytes)
   🗑️  Supprimé: bracelet-argent-oeil-du-tigre/image-23.jpg (2050 bytes)
   🗑️  Supprimé: bracelet-argent-oeil-du-tigre/image-22.jpg (1699 bytes)
   🗑️  Supprimé: bracelet-argent-oeil-du-tigre/image-20.jpg (4734 bytes)
   🗑️  Supprimé: bracelet-argent-oeil-du-tigre/image-21.jpg (1920 bytes)
   🗑️  Supprimé: bracelet-argent-oeil-du-tigre/image-10.jpg (1695 bytes)
   🗑️  Supprimé: bracelet-argent-oeil-du-tigre/image-2.jpg (2031 bytes)
   🗑️  Supprimé: bracelet-argent-oeil-du-tigre/image-6.jpg (1516 bytes)
   🗑️  Supprimé: pashmina-cachemire/image-25.jpg (1699 bytes)
   🗑️  Supprimé: pashmina-cachemire/image-24.jpg (1920 bytes)
   🗑️  Supprimé: pashmina-cachemire/image-27.jpg (2050 bytes)
   🗑️  Supprimé: pashmina-cachemire/image-22.jpg (4734 bytes)
   🗑️  Supprimé: pashmina-cachemire/image-11.jpg (1516 bytes)
   🗑️  Supprimé: pashmina-cachemire/image-15.jpg (1695 bytes)
   🗑️  Supprimé: pashmina-cachemire/image-14.jpg (3628 bytes)
   🗑️  Supprimé: pashmina-cachemire/image-28.jpg (1724 bytes)
   🗑️  Supprimé: pashmina-cachemire/image-4.jpg (2031 bytes)
   🗑️  Supprimé: bracelet-pierre-aigue-marine-7-chakras/image-24.jpg (1699 bytes)
   🗑️  Supprimé: bracelet-pierre-aigue-marine-7-chakras/image-23.jpg (1920 bytes)
   🗑️  Supprimé: bracelet-pierre-aigue-marine-7-chakras/image-22.jpg (4734 bytes)
   🗑️  Supprimé: bracelet-pierre-aigue-marine-7-chakras/image-10.jpg (3628 bytes)
   🗑️  Supprimé: bracelet-pierre-aigue-marine-7-chakras/image-29.jpg (1724 bytes)
   🗑️  Supprimé: bracelet-pierre-aigue-marine-7-chakras/image-14.jpg (1695 bytes)
   🗑️  Supprimé: bracelet-pierre-aigue-marine-7-chakras/image-28.jpg (2050 bytes)
   🗑️  Supprimé: bracelet-pierre-aigue-marine-7-chakras/image-2.jpg (2031 bytes)
   🗑️  Supprimé: bracelet-pierre-aigue-marine-7-chakras/image-6.jpg (1516 bytes)
   🗑️  Supprimé: bracelet-pierre-agate-jaune-sur-macramé/image-26.jpg (2050 bytes)
   🗑️  Supprimé: bracelet-pierre-agate-jaune-sur-macramé/image-23.jpg (1699 bytes)
   🗑️  Supprimé: bracelet-pierre-agate-jaune-sur-macramé/image-22.jpg (1920 bytes)
   🗑️  Supprimé: bracelet-pierre-agate-jaune-sur-macramé/image-21.jpg (4734 bytes)
   🗑️  Supprimé: bracelet-pierre-agate-jaune-sur-macramé/image-10.jpg (3628 bytes)
   🗑️  Supprimé: bracelet-pierre-agate-jaune-sur-macramé/image-13.jpg (1695 bytes)
   🗑️  Supprimé: bracelet-pierre-agate-jaune-sur-macramé/image-28.jpg (1724 bytes)
   🗑️  Supprimé: bracelet-pierre-agate-jaune-sur-macramé/image-2.jpg (2031 bytes)
   🗑️  Supprimé: bracelet-pierre-agate-jaune-sur-macramé/image-5.jpg (1516 bytes)
   🗑️  Supprimé: foulard-beige-en-100soie-à-motifs-marron/image-19.jpg (4734 bytes)
   🗑️  Supprimé: foulard-beige-en-100soie-à-motifs-marron/image-26.jpg (2050 bytes)
   🗑️  Supprimé: foulard-beige-en-100soie-à-motifs-marron/image-27.jpg (1724 bytes)
   🗑️  Supprimé: foulard-beige-en-100soie-à-motifs-marron/image-22.jpg (1699 bytes)
   🗑️  Supprimé: foulard-beige-en-100soie-à-motifs-marron/image-21.jpg (1920 bytes)
   🗑️  Supprimé: foulard-beige-en-100soie-à-motifs-marron/image-10.jpg (1516 bytes)
   🗑️  Supprimé: foulard-beige-en-100soie-à-motifs-marron/image-13.jpg (1695 bytes)
   🗑️  Supprimé: foulard-beige-en-100soie-à-motifs-marron/image-12.jpg (3628 bytes)
   🗑️  Supprimé: foulard-beige-en-100soie-à-motifs-marron/image-3.jpg (2031 bytes)
   🗑️  Supprimé: boucles-doreilles-argent-saphir/image-9.jpg (1516 bytes)
   🗑️  Supprimé: boucles-doreilles-argent-saphir/image-25.jpg (1920 bytes)
   🗑️  Supprimé: boucles-doreilles-argent-saphir/image-26.jpg (1699 bytes)
   🗑️  Supprimé: boucles-doreilles-argent-saphir/image-22.jpg (4734 bytes)
   🗑️  Supprimé: boucles-doreilles-argent-saphir/image-29.jpg (1724 bytes)
   🗑️  Supprimé: boucles-doreilles-argent-saphir/image-15.jpg (1695 bytes)
   🗑️  Supprimé: boucles-doreilles-argent-saphir/image-14.jpg (3628 bytes)
   🗑️  Supprimé: boucles-doreilles-argent-saphir/image-28.jpg (2050 bytes)
   🗑️  Supprimé: boucles-doreilles-argent-saphir/image-1.jpg (2031 bytes)
   🗑️  Supprimé: bracelet-pierres-naturelles-en-quartz/image-8.jpg (1516 bytes)
   🗑️  Supprimé: bracelet-pierres-naturelles-en-quartz/image-25.jpg (2050 bytes)
   🗑️  Supprimé: bracelet-pierres-naturelles-en-quartz/image-24.jpg (1699 bytes)
   🗑️  Supprimé: bracelet-pierres-naturelles-en-quartz/image-26.jpg (1724 bytes)
   🗑️  Supprimé: bracelet-pierres-naturelles-en-quartz/image-23.jpg (1920 bytes)
   🗑️  Supprimé: bracelet-pierres-naturelles-en-quartz/image-22.jpg (4734 bytes)
   🗑️  Supprimé: bracelet-pierres-naturelles-en-quartz/image-11.jpg (3628 bytes)
   🗑️  Supprimé: bracelet-pierres-naturelles-en-quartz/image-12.jpg (1695 bytes)
   🗑️  Supprimé: bracelet-pierres-naturelles-en-quartz/image-1.jpg (2031 bytes)
   🗑️  Supprimé: belle-bague-fine-en-argent-et-peridot/image-9.jpg (1516 bytes)
   🗑️  Supprimé: belle-bague-fine-en-argent-et-peridot/image-25.jpg (2050 bytes)
   🗑️  Supprimé: belle-bague-fine-en-argent-et-peridot/image-24.jpg (1699 bytes)
   🗑️  Supprimé: belle-bague-fine-en-argent-et-peridot/image-27.jpg (1724 bytes)
   🗑️  Supprimé: belle-bague-fine-en-argent-et-peridot/image-23.jpg (1920 bytes)
   🗑️  Supprimé: belle-bague-fine-en-argent-et-peridot/image-21.jpg (4734 bytes)
   🗑️  Supprimé: belle-bague-fine-en-argent-et-peridot/image-15.jpg (1695 bytes)
   🗑️  Supprimé: belle-bague-fine-en-argent-et-peridot/image-14.jpg (3628 bytes)
   🗑️  Supprimé: belle-bague-fine-en-argent-et-peridot/image-1.jpg (2031 bytes)
   🗑️  Supprimé: belle-bague-fine-en-argent-et-peridot/image-3.jpg (4582 bytes)
   🗑️  Supprimé: boucles-doreilles-argent-topaze-smoky/image-8.jpg (4482 bytes)
   🗑️  Supprimé: boucles-doreilles-argent-topaze-smoky/image-25.jpg (1920 bytes)
   🗑️  Supprimé: boucles-doreilles-argent-topaze-smoky/image-26.jpg (1699 bytes)
   🗑️  Supprimé: boucles-doreilles-argent-topaze-smoky/image-27.jpg (2050 bytes)
   🗑️  Supprimé: boucles-doreilles-argent-topaze-smoky/image-21.jpg (4734 bytes)
   🗑️  Supprimé: boucles-doreilles-argent-topaze-smoky/image-10.jpg (1516 bytes)
   🗑️  Supprimé: boucles-doreilles-argent-topaze-smoky/image-15.jpg (1695 bytes)
   🗑️  Supprimé: boucles-doreilles-argent-topaze-smoky/image-14.jpg (3628 bytes)
   🗑️  Supprimé: boucles-doreilles-argent-topaze-smoky/image-28.jpg (1724 bytes)
   🗑️  Supprimé: boucles-doreilles-argent-topaze-smoky/image-1.jpg (2031 bytes)
   🗑️  Supprimé: bracelet-rigide-en-laiton/image-9.jpg (3628 bytes)
   🗑️  Supprimé: bracelet-rigide-en-laiton/image-25.jpg (2050 bytes)
   🗑️  Supprimé: bracelet-rigide-en-laiton/image-24.jpg (1699 bytes)
   🗑️  Supprimé: bracelet-rigide-en-laiton/image-23.jpg (1920 bytes)
   🗑️  Supprimé: bracelet-rigide-en-laiton/image-21.jpg (4734 bytes)
   🗑️  Supprimé: bracelet-rigide-en-laiton/image-10.jpg (1695 bytes)
   🗑️  Supprimé: bracelet-rigide-en-laiton/image-15.jpg (4668 bytes)
   🗑️  Supprimé: bracelet-rigide-en-laiton/image-28.jpg (1724 bytes)
   🗑️  Supprimé: bracelet-rigide-en-laiton/image-1.jpg (2031 bytes)
   🗑️  Supprimé: bracelet-rigide-en-laiton/image-6.jpg (1516 bytes)
   🗑️  Supprimé: bracelet-argent-lapis-lazuli/image-25.jpg (1920 bytes)
   🗑️  Supprimé: bracelet-argent-lapis-lazuli/image-24.jpg (4734 bytes)
   🗑️  Supprimé: bracelet-argent-lapis-lazuli/image-26.jpg (1699 bytes)
   🗑️  Supprimé: bracelet-argent-lapis-lazuli/image-27.jpg (2050 bytes)
   🗑️  Supprimé: bracelet-argent-lapis-lazuli/image-13.jpg (3628 bytes)
   🗑️  Supprimé: bracelet-argent-lapis-lazuli/image-14.jpg (1695 bytes)
   🗑️  Supprimé: bracelet-argent-lapis-lazuli/image-28.jpg (1724 bytes)
   🗑️  Supprimé: bracelet-argent-lapis-lazuli/image-2.jpg (2031 bytes)
   🗑️  Supprimé: bracelet-argent-lapis-lazuli/image-7.jpg (1516 bytes)
   🗑️  Supprimé: bague-fantaisie-ethnique-turquoise-et-corail/image-25.jpg (1920 bytes)
   🗑️  Supprimé: bague-fantaisie-ethnique-turquoise-et-corail/image-30.jpg (1724 bytes)
   🗑️  Supprimé: bague-fantaisie-ethnique-turquoise-et-corail/image-24.jpg (4734 bytes)
   🗑️  Supprimé: bague-fantaisie-ethnique-turquoise-et-corail/image-26.jpg (1699 bytes)
   🗑️  Supprimé: bague-fantaisie-ethnique-turquoise-et-corail/image-22.jpg (4868 bytes)
   🗑️  Supprimé: bague-fantaisie-ethnique-turquoise-et-corail/image-10.jpg (1516 bytes)
   🗑️  Supprimé: bague-fantaisie-ethnique-turquoise-et-corail/image-16.jpg (1695 bytes)
   🗑️  Supprimé: bague-fantaisie-ethnique-turquoise-et-corail/image-15.jpg (3628 bytes)
   🗑️  Supprimé: bague-fantaisie-ethnique-turquoise-et-corail/image-28.jpg (2050 bytes)
   🗑️  Supprimé: bague-fantaisie-ethnique-turquoise-et-corail/image-1.jpg (2031 bytes)
   🗑️  Supprimé: bague-fantaisie-ethnique-turquoise-et-corail/image-2.jpg (4712 bytes)
   🗑️  Supprimé: clous-doreilles-en-argent-et-calcédoine/image-8.jpg (1516 bytes)
   🗑️  Supprimé: clous-doreilles-en-argent-et-calcédoine/image-25.jpg (1699 bytes)
   🗑️  Supprimé: clous-doreilles-en-argent-et-calcédoine/image-24.jpg (1920 bytes)
   🗑️  Supprimé: clous-doreilles-en-argent-et-calcédoine/image-21.jpg (4734 bytes)
   🗑️  Supprimé: clous-doreilles-en-argent-et-calcédoine/image-12.jpg (3628 bytes)
   🗑️  Supprimé: clous-doreilles-en-argent-et-calcédoine/image-29.jpg (1724 bytes)
   🗑️  Supprimé: clous-doreilles-en-argent-et-calcédoine/image-14.jpg (1695 bytes)
   🗑️  Supprimé: clous-doreilles-en-argent-et-calcédoine/image-28.jpg (2050 bytes)
   🗑️  Supprimé: clous-doreilles-en-argent-et-calcédoine/image-1.jpg (2031 bytes)
   🗑️  Supprimé: grand-pendentif-argent-onyx-noir-avec-cordon-cuir-noir/image-30.jpg (1724 bytes)
   🗑️  Supprimé: grand-pendentif-argent-onyx-noir-avec-cordon-cuir-noir/image-26.jpg (1920 bytes)
   🗑️  Supprimé: grand-pendentif-argent-onyx-noir-avec-cordon-cuir-noir/image-27.jpg (1699 bytes)
   🗑️  Supprimé: grand-pendentif-argent-onyx-noir-avec-cordon-cuir-noir/image-23.jpg (4734 bytes)
   🗑️  Supprimé: grand-pendentif-argent-onyx-noir-avec-cordon-cuir-noir/image-10.jpg (4482 bytes)
   🗑️  Supprimé: grand-pendentif-argent-onyx-noir-avec-cordon-cuir-noir/image-11.jpg (1516 bytes)
   🗑️  Supprimé: grand-pendentif-argent-onyx-noir-avec-cordon-cuir-noir/image-16.jpg (1695 bytes)
   🗑️  Supprimé: grand-pendentif-argent-onyx-noir-avec-cordon-cuir-noir/image-29.jpg (2050 bytes)
   🗑️  Supprimé: grand-pendentif-argent-onyx-noir-avec-cordon-cuir-noir/image-15.jpg (3628 bytes)
   🗑️  Supprimé: grand-pendentif-argent-onyx-noir-avec-cordon-cuir-noir/image-2.jpg (2031 bytes)
   🗑️  Supprimé: collier-métal-argenté-galets-noirs/image-25.jpg (1699 bytes)
   🗑️  Supprimé: collier-métal-argenté-galets-noirs/image-30.jpg (1724 bytes)
   🗑️  Supprimé: collier-métal-argenté-galets-noirs/image-24.jpg (1920 bytes)
   🗑️  Supprimé: collier-métal-argenté-galets-noirs/image-22.jpg (4734 bytes)
   🗑️  Supprimé: collier-métal-argenté-galets-noirs/image-21.jpg (4868 bytes)
   🗑️  Supprimé: collier-métal-argenté-galets-noirs/image-13.jpg (1516 bytes)
   🗑️  Supprimé: collier-métal-argenté-galets-noirs/image-16.jpg (3628 bytes)
   🗑️  Supprimé: collier-métal-argenté-galets-noirs/image-17.jpg (1695 bytes)
   🗑️  Supprimé: collier-métal-argenté-galets-noirs/image-28.jpg (2050 bytes)
   🗑️  Supprimé: collier-métal-argenté-galets-noirs/image-1.jpg (2031 bytes)
   🗑️  Supprimé: bracelet-pierres-péridot/image-8.jpg (1516 bytes)
   🗑️  Supprimé: bracelet-pierres-péridot/image-25.jpg (2050 bytes)
   🗑️  Supprimé: bracelet-pierres-péridot/image-19.jpg (4734 bytes)
   🗑️  Supprimé: bracelet-pierres-péridot/image-27.jpg (1724 bytes)
   🗑️  Supprimé: bracelet-pierres-péridot/image-20.jpg (1920 bytes)
   🗑️  Supprimé: bracelet-pierres-péridot/image-21.jpg (1699 bytes)
   🗑️  Supprimé: bracelet-pierres-péridot/image-11.jpg (3628 bytes)
   🗑️  Supprimé: bracelet-pierres-péridot/image-12.jpg (1695 bytes)
   🗑️  Supprimé: bracelet-pierres-péridot/image-1.jpg (2031 bytes)
   🗑️  Supprimé: créoles-ciselées-en-argent/image-9.jpg (1516 bytes)
   🗑️  Supprimé: créoles-ciselées-en-argent/image-8.jpg (5292 bytes)
   🗑️  Supprimé: créoles-ciselées-en-argent/image-25.jpg (19885 bytes)
   🗑️  Supprimé: créoles-ciselées-en-argent/image-31.jpg (11125 bytes)
   🗑️  Supprimé: créoles-ciselées-en-argent/image-19.jpg (6512 bytes)
   🗑️  Supprimé: créoles-ciselées-en-argent/image-18.jpg (8277 bytes)
   🗑️  Supprimé: créoles-ciselées-en-argent/image-30.jpg (7473 bytes)
   🗑️  Supprimé: créoles-ciselées-en-argent/image-24.jpg (5411 bytes)
   🗑️  Supprimé: créoles-ciselées-en-argent/image-32.jpg (8663 bytes)
   🗑️  Supprimé: créoles-ciselées-en-argent/image-26.jpg (1920 bytes)
   🗑️  Supprimé: créoles-ciselées-en-argent/image-27.jpg (1699 bytes)
   🗑️  Supprimé: créoles-ciselées-en-argent/image-23.jpg (6678 bytes)
   🗑️  Supprimé: créoles-ciselées-en-argent/image-22.jpg (4734 bytes)
   🗑️  Supprimé: créoles-ciselées-en-argent/image-20.jpg (5786 bytes)
   🗑️  Supprimé: créoles-ciselées-en-argent/image-21.jpg (7201 bytes)
   🗑️  Supprimé: créoles-ciselées-en-argent/image-10.jpg (12790 bytes)
   🗑️  Supprimé: créoles-ciselées-en-argent/image-11.jpg (9124 bytes)
   🗑️  Supprimé: créoles-ciselées-en-argent/image-13.jpg (1695 bytes)
   🗑️  Supprimé: créoles-ciselées-en-argent/image-12.jpg (3628 bytes)
   🗑️  Supprimé: créoles-ciselées-en-argent/image-16.jpg (7428 bytes)
   🗑️  Supprimé: créoles-ciselées-en-argent/image-17.jpg (5045 bytes)
   🗑️  Supprimé: créoles-ciselées-en-argent/image-29.jpg (1724 bytes)
   🗑️  Supprimé: créoles-ciselées-en-argent/image-15.jpg (5676 bytes)
   🗑️  Supprimé: créoles-ciselées-en-argent/image-14.jpg (7311 bytes)
   🗑️  Supprimé: créoles-ciselées-en-argent/image-28.jpg (2050 bytes)
   🗑️  Supprimé: créoles-ciselées-en-argent/image-1.jpg (2031 bytes)
   🗑️  Supprimé: créoles-ciselées-en-argent/image-3.jpg (7042 bytes)
   🗑️  Supprimé: créoles-ciselées-en-argent/image-2.jpg (7054 bytes)
   🗑️  Supprimé: créoles-ciselées-en-argent/image-6.jpg (8346 bytes)
   🗑️  Supprimé: créoles-ciselées-en-argent/image-7.jpg (6949 bytes)
   🗑️  Supprimé: créoles-ciselées-en-argent/image-5.jpg (14639 bytes)
   🗑️  Supprimé: créoles-ciselées-en-argent/image-4.jpg (8006 bytes)
   🗑️  Supprimé: chouchou-cheveux-rose-et-marron-à-motifs/image-25.jpg (1699 bytes)
   🗑️  Supprimé: chouchou-cheveux-rose-et-marron-à-motifs/image-24.jpg (1920 bytes)
   🗑️  Supprimé: chouchou-cheveux-rose-et-marron-à-motifs/image-26.jpg (2050 bytes)
   🗑️  Supprimé: chouchou-cheveux-rose-et-marron-à-motifs/image-22.jpg (4734 bytes)
   🗑️  Supprimé: chouchou-cheveux-rose-et-marron-à-motifs/image-11.jpg (1516 bytes)
   🗑️  Supprimé: chouchou-cheveux-rose-et-marron-à-motifs/image-16.jpg (1695 bytes)
   🗑️  Supprimé: chouchou-cheveux-rose-et-marron-à-motifs/image-14.jpg (3628 bytes)
   🗑️  Supprimé: chouchou-cheveux-rose-et-marron-à-motifs/image-28.jpg (1724 bytes)
   🗑️  Supprimé: chouchou-cheveux-rose-et-marron-à-motifs/image-3.jpg (2031 bytes)
   🗑️  Supprimé: bague-argent-fine-réglable/image-9.jpg (1516 bytes)
   🗑️  Supprimé: bague-argent-fine-réglable/image-30.jpg (4653 bytes)
   🗑️  Supprimé: bague-argent-fine-réglable/image-24.jpg (1699 bytes)
   🗑️  Supprimé: bague-argent-fine-réglable/image-27.jpg (2050 bytes)
   🗑️  Supprimé: bague-argent-fine-réglable/image-23.jpg (1920 bytes)
   🗑️  Supprimé: bague-argent-fine-réglable/image-20.jpg (4734 bytes)
   🗑️  Supprimé: bague-argent-fine-réglable/image-13.jpg (3628 bytes)
   🗑️  Supprimé: bague-argent-fine-réglable/image-15.jpg (1695 bytes)
   🗑️  Supprimé: bague-argent-fine-réglable/image-28.jpg (1724 bytes)
   🗑️  Supprimé: bague-argent-fine-réglable/image-1.jpg (2031 bytes)
   🗑️  Supprimé: chaine-dorée-élégante-se-porte-seule/image-8.jpg (1516 bytes)
   🗑️  Supprimé: chaine-dorée-élégante-se-porte-seule/image-25.jpg (4734 bytes)
   🗑️  Supprimé: chaine-dorée-élégante-se-porte-seule/image-26.jpg (1920 bytes)
   🗑️  Supprimé: chaine-dorée-élégante-se-porte-seule/image-27.jpg (1699 bytes)
   🗑️  Supprimé: chaine-dorée-élégante-se-porte-seule/image-20.jpg (4868 bytes)
   🗑️  Supprimé: chaine-dorée-élégante-se-porte-seule/image-29.jpg (1724 bytes)
   🗑️  Supprimé: chaine-dorée-élégante-se-porte-seule/image-15.jpg (1695 bytes)
   🗑️  Supprimé: chaine-dorée-élégante-se-porte-seule/image-14.jpg (3628 bytes)
   🗑️  Supprimé: chaine-dorée-élégante-se-porte-seule/image-28.jpg (2050 bytes)
   🗑️  Supprimé: chaine-dorée-élégante-se-porte-seule/image-1.jpg (2031 bytes)
   🗑️  Supprimé: collier-pierres-vertes-et-violettes/image-25.jpg (1920 bytes)
   🗑️  Supprimé: collier-pierres-vertes-et-violettes/image-24.jpg (4734 bytes)
   🗑️  Supprimé: collier-pierres-vertes-et-violettes/image-27.jpg (1699 bytes)
   🗑️  Supprimé: collier-pierres-vertes-et-violettes/image-11.jpg (1516 bytes)
   🗑️  Supprimé: collier-pierres-vertes-et-violettes/image-17.jpg (1695 bytes)
   🗑️  Supprimé: collier-pierres-vertes-et-violettes/image-29.jpg (1724 bytes)
   🗑️  Supprimé: collier-pierres-vertes-et-violettes/image-15.jpg (3628 bytes)
   🗑️  Supprimé: collier-pierres-vertes-et-violettes/image-28.jpg (2050 bytes)
   🗑️  Supprimé: collier-pierres-vertes-et-violettes/image-1.jpg (4528 bytes)
   🗑️  Supprimé: collier-pierres-vertes-et-violettes/image-2.jpg (2031 bytes)
   🗑️  Supprimé: bracelet-agate-perle-argent/image-24.jpg (1699 bytes)
   🗑️  Supprimé: bracelet-agate-perle-argent/image-27.jpg (2050 bytes)
   🗑️  Supprimé: bracelet-agate-perle-argent/image-23.jpg (1920 bytes)
   🗑️  Supprimé: bracelet-agate-perle-argent/image-21.jpg (4734 bytes)
   🗑️  Supprimé: bracelet-agate-perle-argent/image-11.jpg (3628 bytes)
   🗑️  Supprimé: bracelet-agate-perle-argent/image-13.jpg (1695 bytes)
   🗑️  Supprimé: bracelet-agate-perle-argent/image-29.jpg (1724 bytes)
   🗑️  Supprimé: bracelet-agate-perle-argent/image-2.jpg (2031 bytes)
   🗑️  Supprimé: bracelet-agate-perle-argent/image-7.jpg (1516 bytes)
   🗑️  Supprimé: creoles-en-laiton-et-pierre-turquoise/image-19.jpg (1695 bytes)
   🗑️  Supprimé: creoles-en-laiton-et-pierre-turquoise/image-18.jpg (3628 bytes)
   🗑️  Supprimé: creoles-en-laiton-et-pierre-turquoise/image-30.jpg (1724 bytes)
   🗑️  Supprimé: creoles-en-laiton-et-pierre-turquoise/image-26.jpg (4734 bytes)
   🗑️  Supprimé: creoles-en-laiton-et-pierre-turquoise/image-27.jpg (1920 bytes)
   🗑️  Supprimé: creoles-en-laiton-et-pierre-turquoise/image-29.jpg (2050 bytes)
   🗑️  Supprimé: creoles-en-laiton-et-pierre-turquoise/image-14.jpg (1516 bytes)
   🗑️  Supprimé: creoles-en-laiton-et-pierre-turquoise/image-28.jpg (1699 bytes)
   🗑️  Supprimé: creoles-en-laiton-et-pierre-turquoise/image-1.jpg (2031 bytes)
   🗑️  Supprimé: foulard-bleu-azur-en-100soie-à-motifs/image-9.jpg (3628 bytes)
   🗑️  Supprimé: foulard-bleu-azur-en-100soie-à-motifs/image-25.jpg (2050 bytes)
   🗑️  Supprimé: foulard-bleu-azur-en-100soie-à-motifs/image-19.jpg (4734 bytes)
   🗑️  Supprimé: foulard-bleu-azur-en-100soie-à-motifs/image-26.jpg (1724 bytes)
   🗑️  Supprimé: foulard-bleu-azur-en-100soie-à-motifs/image-20.jpg (1920 bytes)
   🗑️  Supprimé: foulard-bleu-azur-en-100soie-à-motifs/image-21.jpg (1699 bytes)
   🗑️  Supprimé: foulard-bleu-azur-en-100soie-à-motifs/image-12.jpg (1695 bytes)
   🗑️  Supprimé: foulard-bleu-azur-en-100soie-à-motifs/image-7.jpg (1516 bytes)
   🗑️  Supprimé: foulard-bleu-azur-en-100soie-à-motifs/image-4.jpg (2031 bytes)
   🗑️  Supprimé: boucles-doreilles-jhumka-argentonyx-noir/image-8.jpg (1516 bytes)
   🗑️  Supprimé: boucles-doreilles-jhumka-argentonyx-noir/image-24.jpg (1699 bytes)
   🗑️  Supprimé: boucles-doreilles-jhumka-argentonyx-noir/image-27.jpg (2050 bytes)
   🗑️  Supprimé: boucles-doreilles-jhumka-argentonyx-noir/image-23.jpg (1920 bytes)
   🗑️  Supprimé: boucles-doreilles-jhumka-argentonyx-noir/image-22.jpg (4734 bytes)
   🗑️  Supprimé: boucles-doreilles-jhumka-argentonyx-noir/image-13.jpg (1695 bytes)
   🗑️  Supprimé: boucles-doreilles-jhumka-argentonyx-noir/image-12.jpg (3628 bytes)
   🗑️  Supprimé: boucles-doreilles-jhumka-argentonyx-noir/image-29.jpg (4653 bytes)
   🗑️  Supprimé: boucles-doreilles-jhumka-argentonyx-noir/image-28.jpg (1724 bytes)
   🗑️  Supprimé: boucles-doreilles-jhumka-argentonyx-noir/image-1.jpg (2031 bytes)
   🗑️  Supprimé: boucles-doreille-tibétaines-ovales-en-turquoise/image-25.jpg (1920 bytes)
   🗑️  Supprimé: boucles-doreille-tibétaines-ovales-en-turquoise/image-31.jpg (1724 bytes)
   🗑️  Supprimé: boucles-doreille-tibétaines-ovales-en-turquoise/image-18.jpg (1695 bytes)
   🗑️  Supprimé: boucles-doreille-tibétaines-ovales-en-turquoise/image-24.jpg (4734 bytes)
   🗑️  Supprimé: boucles-doreille-tibétaines-ovales-en-turquoise/image-26.jpg (1699 bytes)
   🗑️  Supprimé: boucles-doreille-tibétaines-ovales-en-turquoise/image-21.jpg (4868 bytes)
   🗑️  Supprimé: boucles-doreille-tibétaines-ovales-en-turquoise/image-13.jpg (1516 bytes)
   🗑️  Supprimé: boucles-doreille-tibétaines-ovales-en-turquoise/image-16.jpg (3628 bytes)
   🗑️  Supprimé: boucles-doreille-tibétaines-ovales-en-turquoise/image-29.jpg (2050 bytes)
   🗑️  Supprimé: boucles-doreille-tibétaines-ovales-en-turquoise/image-3.jpg (4712 bytes)
   🗑️  Supprimé: boucles-doreille-tibétaines-ovales-en-turquoise/image-2.jpg (2031 bytes)
   🗑️  Supprimé: bracelet-pierres-obsidienne/image-27.jpg (2050 bytes)
   🗑️  Supprimé: bracelet-pierres-obsidienne/image-23.jpg (1699 bytes)
   🗑️  Supprimé: bracelet-pierres-obsidienne/image-22.jpg (1920 bytes)
   🗑️  Supprimé: bracelet-pierres-obsidienne/image-21.jpg (4734 bytes)
   🗑️  Supprimé: bracelet-pierres-obsidienne/image-10.jpg (3628 bytes)
   🗑️  Supprimé: bracelet-pierres-obsidienne/image-29.jpg (1724 bytes)
   🗑️  Supprimé: bracelet-pierres-obsidienne/image-14.jpg (1695 bytes)
   🗑️  Supprimé: bracelet-pierres-obsidienne/image-2.jpg (2031 bytes)
   🗑️  Supprimé: bracelet-pierres-obsidienne/image-7.jpg (1516 bytes)
   🗑️  Supprimé: boucles-doreille-laiton-argenté-pierre-onyx-noir/image-24.jpg (1699 bytes)
   🗑️  Supprimé: boucles-doreille-laiton-argenté-pierre-onyx-noir/image-26.jpg (2050 bytes)
   🗑️  Supprimé: boucles-doreille-laiton-argenté-pierre-onyx-noir/image-23.jpg (1920 bytes)
   🗑️  Supprimé: boucles-doreille-laiton-argenté-pierre-onyx-noir/image-22.jpg (4734 bytes)
   🗑️  Supprimé: boucles-doreille-laiton-argenté-pierre-onyx-noir/image-20.jpg (4868 bytes)
   🗑️  Supprimé: boucles-doreille-laiton-argenté-pierre-onyx-noir/image-13.jpg (1516 bytes)
   🗑️  Supprimé: boucles-doreille-laiton-argenté-pierre-onyx-noir/image-16.jpg (3628 bytes)
   🗑️  Supprimé: boucles-doreille-laiton-argenté-pierre-onyx-noir/image-17.jpg (1695 bytes)
   🗑️  Supprimé: boucles-doreille-laiton-argenté-pierre-onyx-noir/image-28.jpg (1724 bytes)
   🗑️  Supprimé: boucles-doreille-laiton-argenté-pierre-onyx-noir/image-2.jpg (2031 bytes)
   🗑️  Supprimé: bracelet-chainette-argent-et-pierre-pierre-de-lune/image-9.jpg (3628 bytes)
   🗑️  Supprimé: bracelet-chainette-argent-et-pierre-pierre-de-lune/image-19.jpg (4734 bytes)
   🗑️  Supprimé: bracelet-chainette-argent-et-pierre-pierre-de-lune/image-24.jpg (2050 bytes)
   🗑️  Supprimé: bracelet-chainette-argent-et-pierre-pierre-de-lune/image-26.jpg (1724 bytes)
   🗑️  Supprimé: bracelet-chainette-argent-et-pierre-pierre-de-lune/image-23.jpg (1699 bytes)
   🗑️  Supprimé: bracelet-chainette-argent-et-pierre-pierre-de-lune/image-22.jpg (1920 bytes)
   🗑️  Supprimé: bracelet-chainette-argent-et-pierre-pierre-de-lune/image-20.jpg (4741 bytes)
   🗑️  Supprimé: bracelet-chainette-argent-et-pierre-pierre-de-lune/image-10.jpg (1695 bytes)
   🗑️  Supprimé: bracelet-chainette-argent-et-pierre-pierre-de-lune/image-1.jpg (2031 bytes)
   🗑️  Supprimé: bracelet-chainette-argent-et-pierre-pierre-de-lune/image-6.jpg (1516 bytes)
   🗑️  Supprimé: boucles-doreilles-argent-citrine/image-25.jpg (2050 bytes)
   🗑️  Supprimé: boucles-doreilles-argent-citrine/image-18.jpg (4734 bytes)
   🗑️  Supprimé: boucles-doreilles-argent-citrine/image-26.jpg (1724 bytes)
   🗑️  Supprimé: boucles-doreilles-argent-citrine/image-22.jpg (1699 bytes)
   🗑️  Supprimé: boucles-doreilles-argent-citrine/image-21.jpg (1920 bytes)
   🗑️  Supprimé: boucles-doreilles-argent-citrine/image-11.jpg (1516 bytes)
   🗑️  Supprimé: boucles-doreilles-argent-citrine/image-15.jpg (1695 bytes)
   🗑️  Supprimé: boucles-doreilles-argent-citrine/image-14.jpg (3628 bytes)
   🗑️  Supprimé: boucles-doreilles-argent-citrine/image-1.jpg (2031 bytes)
   🗑️  Supprimé: boucles-doreille-tibétaines-turquoise/image-25.jpg (4734 bytes)
   🗑️  Supprimé: boucles-doreille-tibétaines-turquoise/image-31.jpg (1724 bytes)
   🗑️  Supprimé: boucles-doreille-tibétaines-turquoise/image-18.jpg (1695 bytes)
   🗑️  Supprimé: boucles-doreille-tibétaines-turquoise/image-27.jpg (1920 bytes)
   🗑️  Supprimé: boucles-doreille-tibétaines-turquoise/image-17.jpg (3628 bytes)
   🗑️  Supprimé: boucles-doreille-tibétaines-turquoise/image-29.jpg (2050 bytes)
   🗑️  Supprimé: boucles-doreille-tibétaines-turquoise/image-15.jpg (1516 bytes)
   🗑️  Supprimé: boucles-doreille-tibétaines-turquoise/image-28.jpg (1699 bytes)
   🗑️  Supprimé: boucles-doreille-tibétaines-turquoise/image-2.jpg (2031 bytes)
   🗑️  Supprimé: collier-argent-quartz-rose/image-9.jpg (1516 bytes)
   🗑️  Supprimé: collier-argent-quartz-rose/image-8.jpg (4482 bytes)
   🗑️  Supprimé: collier-argent-quartz-rose/image-25.jpg (1699 bytes)
   🗑️  Supprimé: collier-argent-quartz-rose/image-24.jpg (1920 bytes)
   🗑️  Supprimé: collier-argent-quartz-rose/image-21.jpg (4734 bytes)
   🗑️  Supprimé: collier-argent-quartz-rose/image-13.jpg (3628 bytes)
   🗑️  Supprimé: collier-argent-quartz-rose/image-29.jpg (1724 bytes)
   🗑️  Supprimé: collier-argent-quartz-rose/image-14.jpg (1695 bytes)
   🗑️  Supprimé: collier-argent-quartz-rose/image-28.jpg (2050 bytes)
   🗑️  Supprimé: collier-argent-quartz-rose/image-1.jpg (2031 bytes)
   🗑️  Supprimé: bague-argent-pierre-rubis-indien/image-9.jpg (1516 bytes)
   🗑️  Supprimé: bague-argent-pierre-rubis-indien/image-25.jpg (1699 bytes)
   🗑️  Supprimé: bague-argent-pierre-rubis-indien/image-24.jpg (1920 bytes)
   🗑️  Supprimé: bague-argent-pierre-rubis-indien/image-27.jpg (2050 bytes)
   🗑️  Supprimé: bague-argent-pierre-rubis-indien/image-22.jpg (4734 bytes)
   🗑️  Supprimé: bague-argent-pierre-rubis-indien/image-15.jpg (1695 bytes)
   🗑️  Supprimé: bague-argent-pierre-rubis-indien/image-14.jpg (3628 bytes)
   🗑️  Supprimé: bague-argent-pierre-rubis-indien/image-28.jpg (1724 bytes)
   🗑️  Supprimé: bague-argent-pierre-rubis-indien/image-1.jpg (2031 bytes)
   🗑️  Supprimé: bague-argent-pierre-rubis-indien/image-7.jpg (4482 bytes)
   🗑️  Supprimé: collier-mala-tibétain-turquoise-108-perles/image-8.jpg (1516 bytes)
   🗑️  Supprimé: collier-mala-tibétain-turquoise-108-perles/image-25.jpg (1699 bytes)
   🗑️  Supprimé: collier-mala-tibétain-turquoise-108-perles/image-24.jpg (1920 bytes)
   🗑️  Supprimé: collier-mala-tibétain-turquoise-108-perles/image-26.jpg (2050 bytes)
   🗑️  Supprimé: collier-mala-tibétain-turquoise-108-perles/image-27.jpg (1724 bytes)
   🗑️  Supprimé: collier-mala-tibétain-turquoise-108-perles/image-21.jpg (4734 bytes)
   🗑️  Supprimé: collier-mala-tibétain-turquoise-108-perles/image-11.jpg (3628 bytes)
   🗑️  Supprimé: collier-mala-tibétain-turquoise-108-perles/image-12.jpg (1695 bytes)
   🗑️  Supprimé: collier-mala-tibétain-turquoise-108-perles/image-1.jpg (2031 bytes)
   🗑️  Supprimé: bracelet-pierres-agate-brun-cordon-réglable/image-9.jpg (1516 bytes)
   🗑️  Supprimé: bracelet-pierres-agate-brun-cordon-réglable/image-24.jpg (1699 bytes)
   🗑️  Supprimé: bracelet-pierres-agate-brun-cordon-réglable/image-27.jpg (2050 bytes)
   🗑️  Supprimé: bracelet-pierres-agate-brun-cordon-réglable/image-23.jpg (1920 bytes)
   🗑️  Supprimé: bracelet-pierres-agate-brun-cordon-réglable/image-21.jpg (4734 bytes)
   🗑️  Supprimé: bracelet-pierres-agate-brun-cordon-réglable/image-12.jpg (3628 bytes)
   🗑️  Supprimé: bracelet-pierres-agate-brun-cordon-réglable/image-15.jpg (1695 bytes)
   🗑️  Supprimé: bracelet-pierres-agate-brun-cordon-réglable/image-28.jpg (1724 bytes)
   🗑️  Supprimé: bracelet-pierres-agate-brun-cordon-réglable/image-2.jpg (2031 bytes)
   🗑️  Supprimé: bague-argent-ajustable-sobre-avec-une-pierre-ronde-onyx-vert/image-8.jpg (1516 bytes)
   🗑️  Supprimé: bague-argent-ajustable-sobre-avec-une-pierre-ronde-onyx-vert/image-25.jpg (1724 bytes)
   🗑️  Supprimé: bague-argent-ajustable-sobre-avec-une-pierre-ronde-onyx-vert/image-18.jpg (4734 bytes)
   🗑️  Supprimé: bague-argent-ajustable-sobre-avec-une-pierre-ronde-onyx-vert/image-23.jpg (2050 bytes)
   🗑️  Supprimé: bague-argent-ajustable-sobre-avec-une-pierre-ronde-onyx-vert/image-20.jpg (1920 bytes)
   🗑️  Supprimé: bague-argent-ajustable-sobre-avec-une-pierre-ronde-onyx-vert/image-21.jpg (1699 bytes)
   🗑️  Supprimé: bague-argent-ajustable-sobre-avec-une-pierre-ronde-onyx-vert/image-10.jpg (3628 bytes)
   🗑️  Supprimé: bague-argent-ajustable-sobre-avec-une-pierre-ronde-onyx-vert/image-11.jpg (1695 bytes)
   🗑️  Supprimé: bague-argent-ajustable-sobre-avec-une-pierre-ronde-onyx-vert/image-29.jpg (4653 bytes)
   🗑️  Supprimé: bague-argent-ajustable-sobre-avec-une-pierre-ronde-onyx-vert/image-1.jpg (2031 bytes)
   🗑️  Supprimé: bague-argent-ajustable-sobre-avec-une-pierre-ronde-onyx-vert/image-7.jpg (4482 bytes)
   🗑️  Supprimé: clous-doreilles-argent-aigue-marine/image-25.jpg (1699 bytes)
   🗑️  Supprimé: clous-doreilles-argent-aigue-marine/image-24.jpg (1920 bytes)
   🗑️  Supprimé: clous-doreilles-argent-aigue-marine/image-27.jpg (2050 bytes)
   🗑️  Supprimé: clous-doreilles-argent-aigue-marine/image-22.jpg (4734 bytes)
   🗑️  Supprimé: clous-doreilles-argent-aigue-marine/image-10.jpg (1516 bytes)
   🗑️  Supprimé: clous-doreilles-argent-aigue-marine/image-16.jpg (3628 bytes)
   🗑️  Supprimé: clous-doreilles-argent-aigue-marine/image-17.jpg (1695 bytes)
   🗑️  Supprimé: clous-doreilles-argent-aigue-marine/image-29.jpg (4653 bytes)
   🗑️  Supprimé: clous-doreilles-argent-aigue-marine/image-28.jpg (1724 bytes)
   🗑️  Supprimé: clous-doreilles-argent-aigue-marine/image-1.jpg (2031 bytes)
   🗑️  Supprimé: clous-doreilles-argent-aigue-marine/image-7.jpg (4482 bytes)
   🗑️  Supprimé: créoles-en-argent-et-pierre-véritable-en-labradorite/image-8.jpg (1516 bytes)
   🗑️  Supprimé: créoles-en-argent-et-pierre-véritable-en-labradorite/image-25.jpg (2050 bytes)
   🗑️  Supprimé: créoles-en-argent-et-pierre-véritable-en-labradorite/image-19.jpg (4734 bytes)
   🗑️  Supprimé: créoles-en-argent-et-pierre-véritable-en-labradorite/image-26.jpg (1724 bytes)
   🗑️  Supprimé: créoles-en-argent-et-pierre-véritable-en-labradorite/image-22.jpg (1699 bytes)
   🗑️  Supprimé: créoles-en-argent-et-pierre-véritable-en-labradorite/image-21.jpg (1920 bytes)
   🗑️  Supprimé: créoles-en-argent-et-pierre-véritable-en-labradorite/image-11.jpg (3628 bytes)
   🗑️  Supprimé: créoles-en-argent-et-pierre-véritable-en-labradorite/image-12.jpg (1695 bytes)
   🗑️  Supprimé: créoles-en-argent-et-pierre-véritable-en-labradorite/image-1.jpg (2031 bytes)
   🗑️  Supprimé: créoles-en-argent-et-pierre-véritable-en-labradorite/image-7.jpg (4482 bytes)
   🗑️  Supprimé: pochette-en-coton/image-25.jpg (2050 bytes)
   🗑️  Supprimé: pochette-en-coton/image-24.jpg (1699 bytes)
   🗑️  Supprimé: pochette-en-coton/image-27.jpg (1724 bytes)
   🗑️  Supprimé: pochette-en-coton/image-23.jpg (1920 bytes)
   🗑️  Supprimé: pochette-en-coton/image-22.jpg (4734 bytes)
   🗑️  Supprimé: pochette-en-coton/image-10.jpg (1516 bytes)
   🗑️  Supprimé: pochette-en-coton/image-13.jpg (3628 bytes)
   🗑️  Supprimé: pochette-en-coton/image-15.jpg (1695 bytes)
   🗑️  Supprimé: pochette-en-coton/image-3.jpg (2031 bytes)
   🗑️  Supprimé: bracelet-pierre-triple-protection-obsidiennehematiteoeil-du-tigre-10mm/image-26.jpg (2050 bytes)
   🗑️  Supprimé: bracelet-pierre-triple-protection-obsidiennehematiteoeil-du-tigre-10mm/image-27.jpg (1724 bytes)
   🗑️  Supprimé: bracelet-pierre-triple-protection-obsidiennehematiteoeil-du-tigre-10mm/image-22.jpg (1699 bytes)
   🗑️  Supprimé: bracelet-pierre-triple-protection-obsidiennehematiteoeil-du-tigre-10mm/image-20.jpg (4734 bytes)
   🗑️  Supprimé: bracelet-pierre-triple-protection-obsidiennehematiteoeil-du-tigre-10mm/image-21.jpg (1920 bytes)
   🗑️  Supprimé: bracelet-pierre-triple-protection-obsidiennehematiteoeil-du-tigre-10mm/image-10.jpg (3628 bytes)
   🗑️  Supprimé: bracelet-pierre-triple-protection-obsidiennehematiteoeil-du-tigre-10mm/image-12.jpg (1695 bytes)
   🗑️  Supprimé: bracelet-pierre-triple-protection-obsidiennehematiteoeil-du-tigre-10mm/image-1.jpg (2031 bytes)
   🗑️  Supprimé: bracelet-pierre-triple-protection-obsidiennehematiteoeil-du-tigre-10mm/image-5.jpg (1516 bytes)
   🗑️  Supprimé: chaine-en-argent-52-cm/image-9.jpg (4482 bytes)
   🗑️  Supprimé: chaine-en-argent-52-cm/image-30.jpg (1724 bytes)
   🗑️  Supprimé: chaine-en-argent-52-cm/image-32.jpg (4653 bytes)
   🗑️  Supprimé: chaine-en-argent-52-cm/image-26.jpg (1920 bytes)
   🗑️  Supprimé: chaine-en-argent-52-cm/image-27.jpg (1699 bytes)
   🗑️  Supprimé: chaine-en-argent-52-cm/image-23.jpg (4734 bytes)
   🗑️  Supprimé: chaine-en-argent-52-cm/image-11.jpg (1516 bytes)
   🗑️  Supprimé: chaine-en-argent-52-cm/image-16.jpg (1695 bytes)
   🗑️  Supprimé: chaine-en-argent-52-cm/image-29.jpg (2050 bytes)
   🗑️  Supprimé: chaine-en-argent-52-cm/image-15.jpg (3628 bytes)
   🗑️  Supprimé: chaine-en-argent-52-cm/image-1.jpg (2031 bytes)
   🗑️  Supprimé: bracelet-perles-bois-de-rose-avec-tête-de-bouddha/image-24.jpg (1699 bytes)
   🗑️  Supprimé: bracelet-perles-bois-de-rose-avec-tête-de-bouddha/image-26.jpg (2050 bytes)
   🗑️  Supprimé: bracelet-perles-bois-de-rose-avec-tête-de-bouddha/image-23.jpg (1920 bytes)
   🗑️  Supprimé: bracelet-perles-bois-de-rose-avec-tête-de-bouddha/image-22.jpg (4734 bytes)
   🗑️  Supprimé: bracelet-perles-bois-de-rose-avec-tête-de-bouddha/image-12.jpg (3628 bytes)
   🗑️  Supprimé: bracelet-perles-bois-de-rose-avec-tête-de-bouddha/image-29.jpg (1724 bytes)
   🗑️  Supprimé: bracelet-perles-bois-de-rose-avec-tête-de-bouddha/image-14.jpg (1695 bytes)
   🗑️  Supprimé: bracelet-perles-bois-de-rose-avec-tête-de-bouddha/image-2.jpg (2031 bytes)
   🗑️  Supprimé: bracelet-perles-bois-de-rose-avec-tête-de-bouddha/image-7.jpg (1516 bytes)
   🗑️  Supprimé: boucles-doreilles-argent/image-9.jpg (1516 bytes)
   🗑️  Supprimé: boucles-doreilles-argent/image-25.jpg (1920 bytes)
   🗑️  Supprimé: boucles-doreilles-argent/image-32.jpg (4653 bytes)
   🗑️  Supprimé: boucles-doreilles-argent/image-26.jpg (1699 bytes)
   🗑️  Supprimé: boucles-doreilles-argent/image-22.jpg (4734 bytes)
   🗑️  Supprimé: boucles-doreilles-argent/image-13.jpg (3628 bytes)
   🗑️  Supprimé: boucles-doreilles-argent/image-29.jpg (1724 bytes)
   🗑️  Supprimé: boucles-doreilles-argent/image-14.jpg (1695 bytes)
   🗑️  Supprimé: boucles-doreilles-argent/image-28.jpg (2050 bytes)
   🗑️  Supprimé: boucles-doreilles-argent/image-1.jpg (2031 bytes)
   🗑️  Supprimé: boucles-doreilles-argent/image-7.jpg (4482 bytes)
   🗑️  Supprimé: bracelet-argent-avec-des-pierres-ovales-en-péridot/image-9.jpg (3628 bytes)
   🗑️  Supprimé: bracelet-argent-avec-des-pierres-ovales-en-péridot/image-8.jpg (20935 bytes)
   🗑️  Supprimé: bracelet-argent-avec-des-pierres-ovales-en-péridot/image-25.jpg (1724 bytes)
   🗑️  Supprimé: bracelet-argent-avec-des-pierres-ovales-en-péridot/image-31.jpg (4668 bytes)
   🗑️  Supprimé: bracelet-argent-avec-des-pierres-ovales-en-péridot/image-19.jpg (4741 bytes)
   🗑️  Supprimé: bracelet-argent-avec-des-pierres-ovales-en-péridot/image-18.jpg (4734 bytes)
   🗑️  Supprimé: bracelet-argent-avec-des-pierres-ovales-en-péridot/image-30.jpg (8947 bytes)
   🗑️  Supprimé: bracelet-argent-avec-des-pierres-ovales-en-péridot/image-24.jpg (8089 bytes)
   🗑️  Supprimé: bracelet-argent-avec-des-pierres-ovales-en-péridot/image-32.jpg (16445 bytes)
   🗑️  Supprimé: bracelet-argent-avec-des-pierres-ovales-en-péridot/image-26.jpg (8109 bytes)
   🗑️  Supprimé: bracelet-argent-avec-des-pierres-ovales-en-péridot/image-27.jpg (5327 bytes)
   🗑️  Supprimé: bracelet-argent-avec-des-pierres-ovales-en-péridot/image-23.jpg (8340 bytes)
   🗑️  Supprimé: bracelet-argent-avec-des-pierres-ovales-en-péridot/image-22.jpg (2050 bytes)
   🗑️  Supprimé: bracelet-argent-avec-des-pierres-ovales-en-péridot/image-20.jpg (1920 bytes)
   🗑️  Supprimé: bracelet-argent-avec-des-pierres-ovales-en-péridot/image-21.jpg (1699 bytes)
   🗑️  Supprimé: bracelet-argent-avec-des-pierres-ovales-en-péridot/image-10.jpg (1695 bytes)
   🗑️  Supprimé: bracelet-argent-avec-des-pierres-ovales-en-péridot/image-11.jpg (6534 bytes)
   🗑️  Supprimé: bracelet-argent-avec-des-pierres-ovales-en-péridot/image-13.jpg (8945 bytes)
   🗑️  Supprimé: bracelet-argent-avec-des-pierres-ovales-en-péridot/image-12.jpg (6089 bytes)
   🗑️  Supprimé: bracelet-argent-avec-des-pierres-ovales-en-péridot/image-16.jpg (7562 bytes)
   🗑️  Supprimé: bracelet-argent-avec-des-pierres-ovales-en-péridot/image-17.jpg (6617 bytes)
   🗑️  Supprimé: bracelet-argent-avec-des-pierres-ovales-en-péridot/image-29.jpg (5857 bytes)
   🗑️  Supprimé: bracelet-argent-avec-des-pierres-ovales-en-péridot/image-15.jpg (8506 bytes)
   🗑️  Supprimé: bracelet-argent-avec-des-pierres-ovales-en-péridot/image-14.jpg (5844 bytes)
   🗑️  Supprimé: bracelet-argent-avec-des-pierres-ovales-en-péridot/image-28.jpg (10289 bytes)
   🗑️  Supprimé: bracelet-argent-avec-des-pierres-ovales-en-péridot/image-1.jpg (13240 bytes)
   🗑️  Supprimé: bracelet-argent-avec-des-pierres-ovales-en-péridot/image-3.jpg (14639 bytes)
   🗑️  Supprimé: bracelet-argent-avec-des-pierres-ovales-en-péridot/image-2.jpg (2031 bytes)
   🗑️  Supprimé: bracelet-argent-avec-des-pierres-ovales-en-péridot/image-6.jpg (10629 bytes)
   🗑️  Supprimé: bracelet-argent-avec-des-pierres-ovales-en-péridot/image-7.jpg (26387 bytes)
   🗑️  Supprimé: bracelet-argent-avec-des-pierres-ovales-en-péridot/image-5.jpg (8237 bytes)
   🗑️  Supprimé: bracelet-argent-avec-des-pierres-ovales-en-péridot/image-4.jpg (1516 bytes)
   🗑️  Supprimé: grandes-boucles-doreilles-argent-avec-un-rubis-indien-facetté/image-9.jpg (1516 bytes)
   🗑️  Supprimé: grandes-boucles-doreilles-argent-avec-un-rubis-indien-facetté/image-8.jpg (4482 bytes)
   🗑️  Supprimé: grandes-boucles-doreilles-argent-avec-un-rubis-indien-facetté/image-30.jpg (4653 bytes)
   🗑️  Supprimé: grandes-boucles-doreilles-argent-avec-un-rubis-indien-facetté/image-24.jpg (1699 bytes)
   🗑️  Supprimé: grandes-boucles-doreilles-argent-avec-un-rubis-indien-facetté/image-27.jpg (2050 bytes)
   🗑️  Supprimé: grandes-boucles-doreilles-argent-avec-un-rubis-indien-facetté/image-23.jpg (1920 bytes)
   🗑️  Supprimé: grandes-boucles-doreilles-argent-avec-un-rubis-indien-facetté/image-21.jpg (4734 bytes)
   🗑️  Supprimé: grandes-boucles-doreilles-argent-avec-un-rubis-indien-facetté/image-11.jpg (3628 bytes)
   🗑️  Supprimé: grandes-boucles-doreilles-argent-avec-un-rubis-indien-facetté/image-12.jpg (1695 bytes)
   🗑️  Supprimé: grandes-boucles-doreilles-argent-avec-un-rubis-indien-facetté/image-28.jpg (1724 bytes)
   🗑️  Supprimé: grandes-boucles-doreilles-argent-avec-un-rubis-indien-facetté/image-1.jpg (2031 bytes)
   🗑️  Supprimé: pendentif-argent-aum-symbole-indien/image-9.jpg (4482 bytes)
   🗑️  Supprimé: pendentif-argent-aum-symbole-indien/image-30.jpg (1724 bytes)
   🗑️  Supprimé: pendentif-argent-aum-symbole-indien/image-26.jpg (1920 bytes)
   🗑️  Supprimé: pendentif-argent-aum-symbole-indien/image-27.jpg (1699 bytes)
   🗑️  Supprimé: pendentif-argent-aum-symbole-indien/image-23.jpg (4734 bytes)
   🗑️  Supprimé: pendentif-argent-aum-symbole-indien/image-10.jpg (1516 bytes)
   🗑️  Supprimé: pendentif-argent-aum-symbole-indien/image-16.jpg (1695 bytes)
   🗑️  Supprimé: pendentif-argent-aum-symbole-indien/image-29.jpg (2050 bytes)
   🗑️  Supprimé: pendentif-argent-aum-symbole-indien/image-15.jpg (3628 bytes)
   🗑️  Supprimé: pendentif-argent-aum-symbole-indien/image-1.jpg (2031 bytes)
   🗑️  Supprimé: collier-tibétain-avec-des-perles-taillées-et-pierres-turquoise-et-oeil-du-tigre/image-25.jpg (4734 bytes)
   🗑️  Supprimé: collier-tibétain-avec-des-perles-taillées-et-pierres-turquoise-et-oeil-du-tigre/image-18.jpg (1695 bytes)
   🗑️  Supprimé: collier-tibétain-avec-des-perles-taillées-et-pierres-turquoise-et-oeil-du-tigre/image-30.jpg (1724 bytes)
   🗑️  Supprimé: collier-tibétain-avec-des-perles-taillées-et-pierres-turquoise-et-oeil-du-tigre/image-27.jpg (1920 bytes)
   🗑️  Supprimé: collier-tibétain-avec-des-perles-taillées-et-pierres-turquoise-et-oeil-du-tigre/image-17.jpg (3628 bytes)
   🗑️  Supprimé: collier-tibétain-avec-des-perles-taillées-et-pierres-turquoise-et-oeil-du-tigre/image-29.jpg (2050 bytes)
   🗑️  Supprimé: collier-tibétain-avec-des-perles-taillées-et-pierres-turquoise-et-oeil-du-tigre/image-14.jpg (1516 bytes)
   🗑️  Supprimé: collier-tibétain-avec-des-perles-taillées-et-pierres-turquoise-et-oeil-du-tigre/image-28.jpg (1699 bytes)
   🗑️  Supprimé: collier-tibétain-avec-des-perles-taillées-et-pierres-turquoise-et-oeil-du-tigre/image-2.jpg (2031 bytes)
   🗑️  Supprimé: bracelet-souple-argent-fin-fleur-de-vie/image-24.jpg (2050 bytes)
   🗑️  Supprimé: bracelet-souple-argent-fin-fleur-de-vie/image-32.jpg (4668 bytes)
   🗑️  Supprimé: bracelet-souple-argent-fin-fleur-de-vie/image-26.jpg (1724 bytes)
   🗑️  Supprimé: bracelet-souple-argent-fin-fleur-de-vie/image-23.jpg (1699 bytes)
   🗑️  Supprimé: bracelet-souple-argent-fin-fleur-de-vie/image-22.jpg (1920 bytes)
   🗑️  Supprimé: bracelet-souple-argent-fin-fleur-de-vie/image-20.jpg (4734 bytes)
   🗑️  Supprimé: bracelet-souple-argent-fin-fleur-de-vie/image-11.jpg (3628 bytes)
   🗑️  Supprimé: bracelet-souple-argent-fin-fleur-de-vie/image-12.jpg (1695 bytes)
   🗑️  Supprimé: bracelet-souple-argent-fin-fleur-de-vie/image-2.jpg (2031 bytes)
   🗑️  Supprimé: bracelet-souple-argent-fin-fleur-de-vie/image-7.jpg (1516 bytes)
   🗑️  Supprimé: bague-argent-avec-une-pierre-ovale-pierre-de-lune/image-25.jpg (4734 bytes)
   🗑️  Supprimé: bague-argent-avec-une-pierre-ovale-pierre-de-lune/image-30.jpg (1724 bytes)
   🗑️  Supprimé: bague-argent-avec-une-pierre-ovale-pierre-de-lune/image-27.jpg (1920 bytes)
   🗑️  Supprimé: bague-argent-avec-une-pierre-ovale-pierre-de-lune/image-10.jpg (4482 bytes)
   🗑️  Supprimé: bague-argent-avec-une-pierre-ovale-pierre-de-lune/image-12.jpg (1516 bytes)
   🗑️  Supprimé: bague-argent-avec-une-pierre-ovale-pierre-de-lune/image-17.jpg (1695 bytes)
   🗑️  Supprimé: bague-argent-avec-une-pierre-ovale-pierre-de-lune/image-29.jpg (2050 bytes)
   🗑️  Supprimé: bague-argent-avec-une-pierre-ovale-pierre-de-lune/image-15.jpg (3628 bytes)
   🗑️  Supprimé: bague-argent-avec-une-pierre-ovale-pierre-de-lune/image-28.jpg (1699 bytes)
   🗑️  Supprimé: bague-argent-avec-une-pierre-ovale-pierre-de-lune/image-1.jpg (2031 bytes)
   🗑️  Supprimé: boucles-doreille-en-argent-et-pierre-véritable-en-amethyste/image-9.jpg (1516 bytes)
   🗑️  Supprimé: boucles-doreille-en-argent-et-pierre-véritable-en-amethyste/image-31.jpg (4653 bytes)
   🗑️  Supprimé: boucles-doreille-en-argent-et-pierre-véritable-en-amethyste/image-30.jpg (1724 bytes)
   🗑️  Supprimé: boucles-doreille-en-argent-et-pierre-véritable-en-amethyste/image-24.jpg (4734 bytes)
   🗑️  Supprimé: boucles-doreille-en-argent-et-pierre-véritable-en-amethyste/image-26.jpg (1920 bytes)
   🗑️  Supprimé: boucles-doreille-en-argent-et-pierre-véritable-en-amethyste/image-27.jpg (1699 bytes)
   🗑️  Supprimé: boucles-doreille-en-argent-et-pierre-véritable-en-amethyste/image-29.jpg (2050 bytes)
   🗑️  Supprimé: boucles-doreille-en-argent-et-pierre-véritable-en-amethyste/image-15.jpg (1695 bytes)
   🗑️  Supprimé: boucles-doreille-en-argent-et-pierre-véritable-en-amethyste/image-14.jpg (3628 bytes)
   🗑️  Supprimé: boucles-doreille-en-argent-et-pierre-véritable-en-amethyste/image-1.jpg (2031 bytes)
   🗑️  Supprimé: pour-cheville-cordon-bleu-réglable-avec-une-tortue/image-25.jpg (4734 bytes)
   🗑️  Supprimé: pour-cheville-cordon-bleu-réglable-avec-une-tortue/image-31.jpg (1724 bytes)
   🗑️  Supprimé: pour-cheville-cordon-bleu-réglable-avec-une-tortue/image-26.jpg (1920 bytes)
   🗑️  Supprimé: pour-cheville-cordon-bleu-réglable-avec-une-tortue/image-27.jpg (1699 bytes)
   🗑️  Supprimé: pour-cheville-cordon-bleu-réglable-avec-une-tortue/image-22.jpg (4868 bytes)
   🗑️  Supprimé: pour-cheville-cordon-bleu-réglable-avec-une-tortue/image-20.jpg (1695 bytes)
   🗑️  Supprimé: pour-cheville-cordon-bleu-réglable-avec-une-tortue/image-17.jpg (3628 bytes)
   🗑️  Supprimé: pour-cheville-cordon-bleu-réglable-avec-une-tortue/image-29.jpg (2050 bytes)
   🗑️  Supprimé: pour-cheville-cordon-bleu-réglable-avec-une-tortue/image-14.jpg (1516 bytes)
   🗑️  Supprimé: pour-cheville-cordon-bleu-réglable-avec-une-tortue/image-3.jpg (4712 bytes)
   🗑️  Supprimé: pour-cheville-cordon-bleu-réglable-avec-une-tortue/image-2.jpg (2031 bytes)
   🗑️  Supprimé: bracelet-pierres-naturelles-en-agate-mixe/image-25.jpg (1699 bytes)
   🗑️  Supprimé: bracelet-pierres-naturelles-en-agate-mixe/image-24.jpg (1920 bytes)
   🗑️  Supprimé: bracelet-pierres-naturelles-en-agate-mixe/image-26.jpg (2050 bytes)
   🗑️  Supprimé: bracelet-pierres-naturelles-en-agate-mixe/image-22.jpg (4734 bytes)
   🗑️  Supprimé: bracelet-pierres-naturelles-en-agate-mixe/image-11.jpg (3628 bytes)
   🗑️  Supprimé: bracelet-pierres-naturelles-en-agate-mixe/image-29.jpg (1724 bytes)
   🗑️  Supprimé: bracelet-pierres-naturelles-en-agate-mixe/image-14.jpg (1695 bytes)
   🗑️  Supprimé: bracelet-pierres-naturelles-en-agate-mixe/image-2.jpg (2031 bytes)
   🗑️  Supprimé: bracelet-pierres-naturelles-en-agate-mixe/image-6.jpg (1516 bytes)
   🗑️  Supprimé: boucles-doreilles-dorées-pierre-onacre/image-30.jpg (1724 bytes)
   🗑️  Supprimé: boucles-doreilles-dorées-pierre-onacre/image-24.jpg (4734 bytes)
   🗑️  Supprimé: boucles-doreilles-dorées-pierre-onacre/image-26.jpg (1920 bytes)
   🗑️  Supprimé: boucles-doreilles-dorées-pierre-onacre/image-27.jpg (1699 bytes)
   🗑️  Supprimé: boucles-doreilles-dorées-pierre-onacre/image-10.jpg (1516 bytes)
   🗑️  Supprimé: boucles-doreilles-dorées-pierre-onacre/image-17.jpg (1695 bytes)
   🗑️  Supprimé: boucles-doreilles-dorées-pierre-onacre/image-29.jpg (2050 bytes)
   🗑️  Supprimé: boucles-doreilles-dorées-pierre-onacre/image-15.jpg (3628 bytes)
   🗑️  Supprimé: boucles-doreilles-dorées-pierre-onacre/image-2.jpg (2031 bytes)
   🗑️  Supprimé: collier-mala-tibétain-lapis-lazuli-pierre-6mm/image-8.jpg (1516 bytes)
   🗑️  Supprimé: collier-mala-tibétain-lapis-lazuli-pierre-6mm/image-25.jpg (1699 bytes)
   🗑️  Supprimé: collier-mala-tibétain-lapis-lazuli-pierre-6mm/image-24.jpg (1920 bytes)
   🗑️  Supprimé: collier-mala-tibétain-lapis-lazuli-pierre-6mm/image-27.jpg (2050 bytes)
   🗑️  Supprimé: collier-mala-tibétain-lapis-lazuli-pierre-6mm/image-21.jpg (4734 bytes)
   🗑️  Supprimé: collier-mala-tibétain-lapis-lazuli-pierre-6mm/image-13.jpg (1695 bytes)
   🗑️  Supprimé: collier-mala-tibétain-lapis-lazuli-pierre-6mm/image-12.jpg (3628 bytes)
   🗑️  Supprimé: collier-mala-tibétain-lapis-lazuli-pierre-6mm/image-28.jpg (1724 bytes)
   🗑️  Supprimé: collier-mala-tibétain-lapis-lazuli-pierre-6mm/image-1.jpg (2031 bytes)
   🗑️  Supprimé: bague-ajustable-argent-et-lapis-lazuli/image-9.jpg (4482 bytes)
   🗑️  Supprimé: bague-ajustable-argent-et-lapis-lazuli/image-25.jpg (1699 bytes)
   🗑️  Supprimé: bague-ajustable-argent-et-lapis-lazuli/image-31.jpg (4653 bytes)
   🗑️  Supprimé: bague-ajustable-argent-et-lapis-lazuli/image-24.jpg (1920 bytes)
   🗑️  Supprimé: bague-ajustable-argent-et-lapis-lazuli/image-27.jpg (2050 bytes)
   🗑️  Supprimé: bague-ajustable-argent-et-lapis-lazuli/image-22.jpg (4734 bytes)
   🗑️  Supprimé: bague-ajustable-argent-et-lapis-lazuli/image-11.jpg (1516 bytes)
   🗑️  Supprimé: bague-ajustable-argent-et-lapis-lazuli/image-13.jpg (3628 bytes)
   🗑️  Supprimé: bague-ajustable-argent-et-lapis-lazuli/image-14.jpg (1695 bytes)
   🗑️  Supprimé: bague-ajustable-argent-et-lapis-lazuli/image-28.jpg (1724 bytes)
   🗑️  Supprimé: bague-ajustable-argent-et-lapis-lazuli/image-1.jpg (2031 bytes)
   🗑️  Supprimé: grand-collier-argent-onyx-noir/image-8.jpg (1516 bytes)
   🗑️  Supprimé: grand-collier-argent-onyx-noir/image-26.jpg (2050 bytes)
   🗑️  Supprimé: grand-collier-argent-onyx-noir/image-27.jpg (1724 bytes)
   🗑️  Supprimé: grand-collier-argent-onyx-noir/image-23.jpg (1699 bytes)
   🗑️  Supprimé: grand-collier-argent-onyx-noir/image-22.jpg (1920 bytes)
   🗑️  Supprimé: grand-collier-argent-onyx-noir/image-20.jpg (4734 bytes)
   🗑️  Supprimé: grand-collier-argent-onyx-noir/image-13.jpg (3628 bytes)
   🗑️  Supprimé: grand-collier-argent-onyx-noir/image-14.jpg (1695 bytes)
   🗑️  Supprimé: grand-collier-argent-onyx-noir/image-1.jpg (2031 bytes)
   🗑️  Supprimé: grand-collier-argent-onyx-noir/image-6.jpg (4482 bytes)
   🗑️  Supprimé: pashmina-bleunoir-100-cachemire/image-24.jpg (1699 bytes)
   🗑️  Supprimé: pashmina-bleunoir-100-cachemire/image-26.jpg (2050 bytes)
   🗑️  Supprimé: pashmina-bleunoir-100-cachemire/image-27.jpg (1724 bytes)
   🗑️  Supprimé: pashmina-bleunoir-100-cachemire/image-23.jpg (1920 bytes)
   🗑️  Supprimé: pashmina-bleunoir-100-cachemire/image-22.jpg (4734 bytes)
   🗑️  Supprimé: pashmina-bleunoir-100-cachemire/image-13.jpg (3628 bytes)
   🗑️  Supprimé: pashmina-bleunoir-100-cachemire/image-12.jpg (1516 bytes)
   🗑️  Supprimé: pashmina-bleunoir-100-cachemire/image-14.jpg (1695 bytes)
   🗑️  Supprimé: pashmina-bleunoir-100-cachemire/image-3.jpg (2031 bytes)
   🗑️  Supprimé: bracelet-en-pierres-onyx-noir-et-devel-eye/image-25.jpg (1699 bytes)
   🗑️  Supprimé: bracelet-en-pierres-onyx-noir-et-devel-eye/image-31.jpg (1724 bytes)
   🗑️  Supprimé: bracelet-en-pierres-onyx-noir-et-devel-eye/image-24.jpg (1920 bytes)
   🗑️  Supprimé: bracelet-en-pierres-onyx-noir-et-devel-eye/image-23.jpg (4734 bytes)
   🗑️  Supprimé: bracelet-en-pierres-onyx-noir-et-devel-eye/image-11.jpg (3628 bytes)
   🗑️  Supprimé: bracelet-en-pierres-onyx-noir-et-devel-eye/image-29.jpg (2050 bytes)
   🗑️  Supprimé: bracelet-en-pierres-onyx-noir-et-devel-eye/image-14.jpg (1695 bytes)
   🗑️  Supprimé: bracelet-en-pierres-onyx-noir-et-devel-eye/image-1.jpg (2031 bytes)
   🗑️  Supprimé: bracelet-en-pierres-onyx-noir-et-devel-eye/image-7.jpg (1516 bytes)
   🗑️  Supprimé: pendentif-argent-citrine-avec-son-cordon-en-cuir-noir/image-24.jpg (1699 bytes)
   🗑️  Supprimé: pendentif-argent-citrine-avec-son-cordon-en-cuir-noir/image-26.jpg (2050 bytes)
   🗑️  Supprimé: pendentif-argent-citrine-avec-son-cordon-en-cuir-noir/image-27.jpg (1724 bytes)
   🗑️  Supprimé: pendentif-argent-citrine-avec-son-cordon-en-cuir-noir/image-23.jpg (1920 bytes)
   🗑️  Supprimé: pendentif-argent-citrine-avec-son-cordon-en-cuir-noir/image-22.jpg (4734 bytes)
   🗑️  Supprimé: pendentif-argent-citrine-avec-son-cordon-en-cuir-noir/image-11.jpg (3628 bytes)
   🗑️  Supprimé: pendentif-argent-citrine-avec-son-cordon-en-cuir-noir/image-12.jpg (1695 bytes)
   🗑️  Supprimé: pendentif-argent-citrine-avec-son-cordon-en-cuir-noir/image-28.jpg (4653 bytes)
   🗑️  Supprimé: pendentif-argent-citrine-avec-son-cordon-en-cuir-noir/image-1.jpg (2031 bytes)
   🗑️  Supprimé: pendentif-argent-citrine-avec-son-cordon-en-cuir-noir/image-7.jpg (1516 bytes)
   🗑️  Supprimé: bracelet-pierres-pierre-de-lune-avec-tête-de-bouddha/image-9.jpg (1516 bytes)
   🗑️  Supprimé: bracelet-pierres-pierre-de-lune-avec-tête-de-bouddha/image-24.jpg (1699 bytes)
   🗑️  Supprimé: bracelet-pierres-pierre-de-lune-avec-tête-de-bouddha/image-27.jpg (2050 bytes)
   🗑️  Supprimé: bracelet-pierres-pierre-de-lune-avec-tête-de-bouddha/image-23.jpg (1920 bytes)
   🗑️  Supprimé: bracelet-pierres-pierre-de-lune-avec-tête-de-bouddha/image-22.jpg (4734 bytes)
   🗑️  Supprimé: bracelet-pierres-pierre-de-lune-avec-tête-de-bouddha/image-13.jpg (1695 bytes)
   🗑️  Supprimé: bracelet-pierres-pierre-de-lune-avec-tête-de-bouddha/image-12.jpg (3628 bytes)
   🗑️  Supprimé: bracelet-pierres-pierre-de-lune-avec-tête-de-bouddha/image-28.jpg (1724 bytes)
   🗑️  Supprimé: bracelet-pierres-pierre-de-lune-avec-tête-de-bouddha/image-2.jpg (2031 bytes)

======================================================================
✅ NETTOYAGE TERMINÉ
======================================================================
   🗑️  Images supprimées: 6648
   ✅ Images conservées: 14219
   💾 Espace libéré: 18.61 MB
======================================================================


======================================================================
✅ FUSION TERMINÉE
======================================================================
   📦 Produits existants: 726
   ✅ Produits mis à jour: 16
   ➕ Nouveaux produits: 0
   💾 Backup: lib/data/products-ultimate.json.backup_before_merge
======================================================================

✅ Étape 2 terminée

🧹 ÉTAPE 2.5: Nettoyage des anciennes images parasites...
======================================================================
🧹 NETTOYAGE DES ANCIENNES IMAGES PARASITES
======================================================================

📂 Chargement du JSON...
   ✅ 726 produits chargés
   ✅ 14235 images valides référencées

🔍 Scan des dossiers produits...

======================================================================
✅ NETTOYAGE TERMINÉ
======================================================================
   🗑️  Images supprimées: 0
   ✅ Images conservées: 14219
   💾 Espace libéré: 0.00 MB
======================================================================

✅ Étape 2.5 terminée

🧹 ÉTAPE 3: Nettoyage du cache Next.js...
   ✅ Cache supprimé

======================================================================
✅ SCRAPING TERMINÉ
======================================================================

📝 Prochaines étapes:
   npm run build
   npm run dev

🔄 En cas de problème, restaurer le backup:
   cp lib/data/products-ultimate.json.backup_before_merge lib/data/products-ultimate.json

======================================================================
